aah	2.8
aahed	0.0
aahing	1.3
aahs	1.7
aal	2.3
aalii	0.0
aaliis	0.0
aals	1.4
aardvark	2.4
aardwolf	1.1
aargh	1.8
aarrgh	0.0
aarrghh	0.0
aas	2.9
aasvogel	0.0
aba	3.3
abaca	1.8
abacas	0.0
abaci	1.2
aback	3.0
abacus	2.6
abacuses	1.1
abaft	1.8
abaka	0.0
abakas	0.0
abalone	2.7
abalones	1.4
abamp	0.0
abampere	0.0
abamps	0.0
abandon	4.0
abandons	3.0
abapical	0.0
abas	1.8
abase	1.6
abased	1.5
abasedly	0.0
abaser	0.0
abasers	0.0
abases	0.0
abash	1.0
abashed	1.8
abashes	0.0
abashing	0.0
abasia	0.0
abasias	0.0
abasing	1.1
abatable	0.0
abate	2.7
abated	2.6
abater	0.0
abaters	0.0
abates	1.8
abating	2.3
abatis	1.3
abatises	0.0
abator	0.0
abators	0.0
abattis	0.0
abattoir	2.5
abaxial	1.5
abaxile	0.0
abba	3.1
abbacies	0.0
abbacy	1.3
abbas	3.4
abbatial	0.0
abbe	2.4
abbes	1.2
abbess	2.5
abbesses	1.4
abbey	3.9
abbeys	2.3
abbot	3.4
abbotcy	0.0
abbots	2.4
abdicate	2.7
abdomen	3.6
abdomens	1.9
abdomina	0.0
abduce	0.0
abduced	0.0
abducens	1.3
abducent	0.0
abduces	0.0
abducing	0.0
abduct	2.7
abducted	3.6
abductor	2.5
abducts	2.0
abeam	1.8
abed	2.8
abele	1.8
abeles	1.6
abelia	1.2
abelian	2.4
abelias	0.0
abelmosk	0.0
aberrant	2.7
abet	2.4
abetment	1.6
abets	1.6
abettal	0.0
abettals	0.0
abetted	2.6
abetter	1.2
abetters	0.0
abetting	2.8
abettor	1.4
abettors	1.2
abeyance	2.4
abeyancy	0.0
abeyant	1.1
abfarad	0.0
abfarads	0.0
abhenry	0.0
abhenrys	0.0
abhor	2.6
abhorred	2.3
abhorrer	0.0
abhors	2.3
abidance	0.0
abide	3.6
abided	2.2
abider	0.0
abiders	0.0
abides	2.5
abiding	3.5
abigail	3.4
abigails	0.0
ability	5.0
abioses	0.0
abiosis	0.0
abiotic	2.4
abject	3.0
abjectly	1.9
abjure	1.8
abjured	1.6
abjurer	0.0
abjurers	0.0
abjures	1.1
abjuring	1.2
ablate	1.4
ablated	1.7
ablates	0.0
ablating	1.2
ablation	2.8
ablative	2.3
ablaut	1.4
ablauts	0.0
ablaze	2.9
able	5.4
ablegate	0.0
abler	1.3
ables	1.7
ablest	1.9
ablings	0.0
ablins	0.0
abloom	1.1
abluent	0.0
abluents	0.0
ablush	0.0
abluted	0.0
ablution	2.1
ably	2.7
abmho	0.0
abmhos	0.0
abnegate	0.0
abnormal	3.7
abo	2.8
aboard	4.1
abode	3.1
aboded	0.0
abodes	2.0
aboding	0.0
abohm	0.0
abohms	0.0
aboideau	0.0
aboil	0.0
aboiteau	0.0
abolish	3.5
abolla	0.0
abollae	0.0
aboma	0.0
abomas	0.0
abomasa	0.0
abomasal	0.0
abomasi	0.0
abomasum	1.3
abomasus	0.0
aboon	0.0
aboral	1.5
aborally	0.0
aborning	0.0
abort	3.3
aborted	3.2
aborter	0.0
aborters	0.0
aborting	2.4
abortion	4.2
abortive	2.7
aborts	2.1
abos	1.5
abought	0.0
aboulia	0.0
aboulias	0.0
aboulic	0.0
abound	3.3
abounded	2.4
abounds	2.7
about	6.4
above	5.2
aboves	0.0
abrachia	0.0
abradant	0.0
abrade	1.7
abraded	1.8
abrader	0.0
abraders	0.0
abrades	0.0
abrading	1.3
abrasion	2.9
abrasive	3.2
abreact	0.0
abreacts	0.0
abreast	3.0
abri	1.8
abridge	1.9
abridged	3.0
abridger	0.0
abridges	1.2
abris	0.0
abroach	0.0
abroad	4.4
abrogate	2.1
abrosia	0.0
abrosias	0.0
abrupt	3.4
abrupter	0.0
abruptly	3.6
abs	3.9
abscess	2.8
abscise	0.0
abscised	0.0
abscises	0.0
abscisin	0.0
abscissa	1.5
abscond	2.1
absconds	1.7
abseil	1.9
abseiled	1.1
abseils	0.0
absence	4.3
absences	3.0
absent	4.0
absented	1.6
absentee	3.2
absenter	0.0
absently	1.9
absents	1.2
absinth	1.3
absinthe	2.7
absinths	0.0
absolute	4.5
absolve	2.8
absolved	2.7
absolver	1.1
absolves	2.1
absonant	0.0
absorb	3.8
absorbed	3.9
absorber	2.7
absorbs	3.2
abstain	3.1
abstains	1.9
absterge	0.0
abstract	4.1
abstrict	0.0
abstruse	2.1
absurd	4.0
absurder	0.0
absurdly	3.0
absurds	0.0
abubble	0.0
abulia	0.0
abulias	0.0
abulic	0.0
abundant	3.8
abusable	1.0
abuse	4.7
abused	4.0
abuser	3.1
abusers	3.2
abuses	3.7
abusing	3.6
abusive	3.9
abut	2.5
abutilon	1.3
abutment	2.4
abuts	2.3
abuttal	0.0
abuttals	0.0
abutted	1.7
abutter	0.0
abutters	1.0
abutting	2.5
abuzz	2.3
abvolt	0.0
abvolts	0.0
abwatt	0.0
abwatts	0.0
aby	2.4
abye	0.0
abyes	0.0
abying	0.0
abys	0.0
abysm	0.0
abysmal	2.9
abysms	0.0
abyss	3.4
abyssal	2.4
abysses	1.6
acacia	3.0
acacias	2.0
academe	2.1
academes	0.0
academia	3.5
academic	4.6
academy	4.6
acajou	0.0
acajous	0.0
acaleph	0.0
acalephe	0.0
acalephs	0.0
acanthi	0.0
acanthus	2.1
acapnia	0.0
acapnias	0.0
acari	1.8
acarid	0.0
acaridan	0.0
acarids	0.0
acarine	0.0
acarines	0.0
acaroid	0.0
acarpous	0.0
acarus	0.0
acaudal	0.0
acaudate	0.0
acauline	0.0
acaulose	0.0
acaulous	0.0
accede	2.5
acceded	2.6
acceder	0.0
acceders	0.0
accedes	1.6
acceding	2.0
accent	4.1
accented	2.9
accentor	1.0
accents	3.6
accept	4.8
accepted	4.7
acceptee	0.0
accepter	0.0
acceptor	2.8
accepts	3.9
access	5.0
accessed	3.9
accesses	2.7
accident	4.7
accidia	0.0
accidias	0.0
accidie	0.0
accidies	0.0
acclaim	3.3
acclaims	1.5
accolade	2.8
accord	3.8
accorded	3.0
accorder	0.0
accords	3.1
accost	2.0
accosted	2.7
accosts	1.5
account	5.2
accounts	4.7
accouter	0.0
accoutre	0.0
accredit	2.1
accrete	1.5
accreted	1.9
accretes	0.0
accrual	2.5
accruals	1.9
accrue	2.9
accrued	3.1
accrues	2.2
accruing	2.6
accuracy	4.2
accurate	4.6
accursed	2.6
accurst	0.0
accusal	0.0
accusals	0.0
accusant	0.0
accuse	3.7
accused	4.5
accuser	3.0
accusers	2.9
accuses	3.4
accusing	3.7
accustom	2.1
ace	4.1
aced	2.6
acedia	1.3
acedias	0.0
aceldama	0.0
acentric	0.0
acequia	1.3
acequias	0.0
acerate	0.0
acerated	0.0
acerb	0.0
acerbate	0.0
acerber	0.0
acerbest	0.0
acerbic	2.3
acerbity	1.1
acerola	1.4
acerolas	0.0
acerose	0.0
acerous	0.0
acervate	0.0
acervuli	0.0
aces	3.4
acescent	0.0
aceta	0.0
acetal	1.7
acetals	1.2
acetamid	0.0
acetate	3.1
acetated	0.0
acetates	1.7
acetic	2.6
acetify	0.0
acetin	0.0
acetins	0.0
acetone	2.8
acetones	0.0
acetonic	0.0
acetose	0.0
acetous	0.0
acetoxyl	0.0
acetum	0.0
acetyl	2.7
acetylic	0.0
acetyls	0.0
ache	3.4
ached	2.4
achene	1.6
achenes	1.6
achenial	0.0
aches	3.3
achier	0.0
achiest	0.0
achieve	4.6
achieved	4.5
achiever	2.5
achieves	3.3
achillea	1.6
achiness	0.0
aching	3.3
achingly	2.1
achiote	1.3
achiotes	0.0
acholia	0.0
acholias	0.0
achoo	1.7
achromat	0.0
achromic	0.0
achy	2.4
acicula	0.0
aciculae	0.0
acicular	1.5
aciculas	0.0
aciculum	0.0
acid	4.5
acidemia	1.4
acidhead	0.0
acidic	3.3
acidify	1.6
acidity	3.2
acidly	1.5
acidness	0.0
acidoses	0.0
acidosis	2.4
acidotic	1.1
acids	3.9
aciduria	1.4
acidy	0.0
acierate	0.0
aciform	0.0
acinar	1.7
acing	2.0
acini	1.1
acinic	0.0
acinose	0.0
acinous	0.0
acinus	0.0
ackee	1.6
ackees	0.0
aclinic	0.0
acmatic	0.0
acme	2.9
acmes	0.0
acmic	0.0
acne	3.7
acned	0.0
acnes	1.7
acnode	0.0
acnodes	0.0
acock	1.1
acold	0.0
acolyte	2.4
acolytes	2.5
aconite	1.8
aconites	0.0
aconitic	0.0
aconitum	1.7
acorn	3.1
acorns	2.8
acoustic	4.0
acquaint	2.5
acquest	0.0
acquests	0.0
acquire	4.1
acquired	4.4
acquirer	2.3
acquires	3.3
acquit	2.6
acquits	2.0
acrasia	0.0
acrasias	0.0
acrasin	0.0
acrasins	0.0
acre	3.9
acreage	3.0
acreages	1.7
acred	0.0
acres	4.2
acrid	2.4
acrider	0.0
acridest	0.0
acridine	1.3
acridity	0.0
acridly	0.0
acrimony	2.3
acrobat	2.7
acrobats	2.5
acrodont	0.0
acrogen	0.0
acrogens	0.0
acrolect	0.0
acrolein	1.7
acrolith	0.0
acromia	0.0
acromial	1.4
acromion	1.6
acronic	0.0
acronym	3.4
acronyms	2.9
acrosome	1.3
across	5.2
acrostic	2.1
acrotic	0.0
acrotism	0.0
acrylate	2.1
acrylic	3.4
acrylics	2.6
act	5.3
acta	2.9
actable	0.0
acted	4.3
actin	3.1
actinal	0.0
acting	4.8
actings	1.1
actinia	1.1
actiniae	0.0
actinian	0.0
actinias	0.0
actinic	1.9
actinide	1.9
actinism	0.0
actinium	1.6
actinoid	0.0
actinon	0.0
actinons	0.0
actins	0.0
action	5.2
actions	4.8
activate	3.8
active	4.9
actively	4.2
actives	2.6
activism	3.7
activist	4.1
activity	4.9
activize	0.0
actor	4.7
actorish	0.0
actors	4.4
actress	4.5
actressy	0.0
acts	4.6
actual	4.8
actually	5.5
actuary	2.5
actuate	2.1
actuated	2.6
actuates	1.5
actuator	2.8
acuate	0.0
acuities	0.0
acuity	2.8
aculeate	0.0
aculei	0.0
aculeus	0.0
acumen	2.9
acumens	0.0
acutance	0.0
acute	4.0
acutely	3.1
acuter	0.0
acutes	0.0
acutest	0.0
acyclic	2.2
acyl	2.5
acylate	0.0
acylated	1.3
acylates	0.0
acyloin	0.0
acyloins	0.0
acyls	0.0
adage	3.0
adages	1.7
adagial	0.0
adagio	2.5
adagios	0.0
adamance	0.0
adamancy	0.0
adamant	3.3
adamants	0.0
adamsite	0.0
adapt	4.0
adapted	4.2
adapter	3.6
adapters	2.9
adapting	3.5
adaption	2.7
adaptive	3.6
adaptor	2.6
adaptors	2.2
adapts	2.9
adaxial	1.4
add	5.1
addable	0.0
addax	1.3
addaxes	0.0
added	5.2
addedly	0.0
addend	1.0
addenda	2.0
addends	1.7
addendum	2.9
adder	2.7
adders	2.1
addible	0.0
addict	3.7
addicted	3.8
addicts	3.5
adding	4.7
addition	5.0
additive	3.3
additory	0.0
addle	1.7
addled	2.6
addles	0.0
addling	0.0
address	4.9
addrest	0.0
adds	4.4
adduce	1.7
adduced	2.0
adducent	0.0
adducer	0.0
adducers	0.0
adduces	1.5
adducing	1.3
adduct	2.0
adducted	1.2
adductor	2.3
adducts	2.1
adeem	0.0
adeemed	0.0
adeeming	0.0
adeems	0.0
adenine	2.3
adenines	0.0
adenitis	0.0
adenoid	1.8
adenoids	1.9
adenoma	2.1
adenomas	2.0
adenoses	0.0
adenosis	0.0
adenyl	0.0
adenyls	0.0
adept	3.3
adepter	0.0
adeptest	0.0
adeptly	1.8
adepts	2.3
adequacy	2.9
adequate	4.0
adhere	3.6
adhered	3.1
adherend	0.0
adherent	2.6
adherer	0.0
adherers	0.0
adheres	2.9
adhering	3.1
adhesion	3.1
adhesive	3.4
adhibit	0.0
adhibits	0.0
adieu	2.8
adieus	0.0
adieux	1.3
adios	2.7
adipic	1.3
adipose	2.8
adiposes	0.0
adiposis	0.0
adipous	0.0
adit	2.1
adits	1.4
adjacent	4.1
adjoin	2.0
adjoined	2.2
adjoins	2.4
adjoint	2.3
adjoints	1.1
adjourn	2.7
adjourns	2.0
adjudge	1.5
adjudged	2.6
adjudges	0.0
adjunct	3.3
adjuncts	2.4
adjure	1.3
adjured	1.0
adjurer	0.0
adjurers	0.0
adjures	0.0
adjuring	0.0
adjuror	0.0
adjurors	0.0
adjust	4.1
adjusted	4.1
adjuster	2.7
adjustor	1.4
adjusts	3.0
adjutant	3.1
adjuvant	2.6
adman	1.5
admass	0.0
admen	1.1
admiral	4.0
admirals	2.8
admire	4.0
admired	3.7
admirer	3.2
admirers	3.2
admires	3.0
admiring	3.3
admit	4.6
admits	3.9
admitted	4.5
admitter	0.0
admix	0.0
admixed	1.6
admixes	0.0
admixing	1.0
admixt	0.0
admonish	2.3
adnate	1.7
adnation	0.0
adnexa	1.5
adnexal	1.2
adnoun	0.0
adnouns	0.0
ado	3.2
adobe	3.5
adobes	1.5
adobo	2.1
adobos	0.0
adonis	2.9
adonises	0.0
adopt	4.2
adopted	4.5
adoptee	2.1
adoptees	2.3
adopter	2.6
adopters	2.9
adopting	3.8
adoption	4.2
adoptive	3.2
adopts	3.3
adorable	4.1
adorably	2.4
adore	3.7
adored	3.3
adorer	1.1
adorers	1.3
adores	2.9
adoring	2.8
adorn	3.0
adorned	3.4
adorner	0.0
adorners	0.0
adorning	2.5
adorns	2.5
ados	1.9
adown	1.6
adoze	0.0
adrenal	3.0
adrenals	1.9
adrift	3.1
adroit	2.3
adroiter	0.0
adroitly	2.0
ads	4.3
adscript	0.0
adsorb	1.9
adsorbed	2.3
adsorber	0.0
adsorbs	1.4
adularia	0.0
adulate	0.0
adulated	0.0
adulates	0.0
adulator	0.0
adult	4.8
adultery	3.4
adultly	0.0
adults	4.6
adumbral	0.0
adunc	0.0
aduncate	0.0
aduncous	0.0
adust	0.0
advance	4.7
advanced	4.7
advancer	1.4
advances	4.1
advect	0.0
advected	1.1
advects	0.0
advent	3.7
advents	1.2
adverb	2.5
adverbs	2.6
adverse	3.9
advert	3.5
adverted	1.1
adverts	3.3
advice	4.9
advices	2.8
advise	4.1
advised	4.2
advisee	1.2
advisees	1.3
adviser	3.9
advisers	3.6
advises	3.4
advising	3.6
advisor	4.0
advisors	3.6
advisory	4.2
advocacy	3.9
advocate	4.2
advowson	1.9
adynamia	0.0
adynamic	0.0
adyta	0.0
adytum	1.0
adz	1.7
adze	1.8
adzes	1.5
adzuki	1.4
adzukis	0.0
aecia	0.0
aecial	0.0
aecidia	0.0
aecidial	0.0
aecidium	0.0
aecium	0.0
aedes	2.5
aedile	1.4
aediles	1.3
aedine	0.0
aegis	3.1
aegises	0.0
aeneous	0.0
aeneus	1.1
aeolian	2.4
aeon	2.6
aeonian	0.0
aeonic	0.0
aeons	2.2
aequorin	0.0
aerate	1.9
aerated	2.3
aerates	1.1
aerating	1.8
aeration	2.5
aerator	1.9
aerators	1.7
aerial	3.9
aerially	1.6
aerials	2.6
aerie	2.2
aeried	0.0
aerier	0.0
aeries	1.4
aeriest	0.0
aerified	0.0
aerifies	0.0
aeriform	0.0
aerify	0.0
aerily	0.0
aero	3.3
aerobe	0.0
aerobes	1.0
aerobia	0.0
aerobic	3.2
aerobics	2.8
aerobium	0.0
aeroduct	0.0
aerodyne	1.4
aerofoil	1.8
aerogel	1.9
aerogels	1.6
aerogram	0.0
aerolite	1.3
aerolith	0.0
aerology	1.0
aeronaut	1.7
aeronomy	1.3
aerosat	0.0
aerosats	0.0
aerosol	3.0
aerosols	2.7
aerostat	1.6
aerugo	0.0
aerugos	0.0
aery	1.4
aesthete	1.9
aestival	0.0
aether	2.7
aetheric	0.0
aethers	0.0
afar	3.4
afars	1.0
afeard	1.5
afeared	1.3
afebrile	1.1
aff	2.9
affable	2.7
affably	1.7
affair	4.3
affaire	2.2
affaires	2.7
affairs	4.7
affect	4.6
affected	4.6
affecter	0.0
affects	4.2
afferent	2.3
affiance	1.2
affiant	1.7
affiants	0.0
affiche	1.1
affiches	0.0
affinal	0.0
affine	2.4
affined	0.0
affinely	0.0
affines	0.0
affinity	3.6
affirm	3.2
affirmed	3.4
affirmer	0.0
affirms	3.0
affix	2.6
affixal	0.0
affixed	2.9
affixer	0.0
affixers	0.0
affixes	2.4
affixial	0.0
affixing	2.1
afflatus	1.1
afflict	2.4
afflicts	2.3
affluent	3.4
afflux	0.0
affluxes	0.0
afford	4.6
afforded	3.5
affords	3.0
afforest	0.0
affray	2.2
affrayed	0.0
affrayer	0.0
affrays	0.0
affright	1.3
affront	2.9
affronts	1.8
affusion	0.0
afghan	3.8
afghani	2.5
afghanis	1.9
afghans	3.0
afield	3.0
afire	2.5
aflame	2.5
afloat	3.3
aflutter	1.9
afoot	2.9
afore	2.4
afoul	2.6
afraid	4.7
afreet	0.0
afreets	0.0
afresh	2.8
afrit	0.0
afrits	0.0
aft	3.4
after	6.1
afters	2.2
aftertax	0.0
aftmost	0.0
aftosa	0.0
aftosas	0.0
aga	3.1
again	5.7
against	5.7
agalloch	1.3
agalwood	0.0
agama	2.0
agamas	1.4
agamete	0.0
agametes	0.0
agamic	1.1
agamous	0.0
agapae	0.0
agapai	0.0
agape	2.6
agapeic	0.0
agar	3.0
agaric	1.6
agarics	1.2
agarose	2.1
agaroses	0.0
agars	0.0
agas	1.5
agate	2.8
agates	1.7
agatize	0.0
agatized	0.0
agatizes	0.0
agatoid	0.0
agave	2.7
agaves	1.6
agaze	0.0
age	5.3
aged	4.5
agedly	0.0
agedness	0.0
agee	2.4
ageing	3.4
ageings	0.0
ageism	2.4
ageisms	0.0
ageist	2.1
ageists	0.0
ageless	2.7
agelong	0.0
agencies	4.5
agency	4.9
agenda	4.3
agendas	3.3
agendum	0.0
agendums	0.0
agene	0.0
agenes	0.0
ageneses	0.0
agenesia	0.0
agenesis	1.9
agenetic	0.0
agenize	0.0
agenized	0.0
agenizes	0.0
agent	4.8
agential	1.1
agenting	1.1
agentive	1.3
agentry	0.0
agents	4.5
ager	2.4
ageratum	1.2
agers	2.2
ages	4.5
aggadic	0.0
agger	2.3
aggers	1.0
aggie	2.9
aggies	2.8
aggrade	0.0
aggraded	0.0
aggrades	0.0
aggress	1.5
aggrieve	1.1
aggro	2.5
aggros	0.0
agha	2.5
aghas	0.0
aghast	2.6
agile	3.4
agilely	0.0
agility	3.3
agin	2.3
aging	4.0
agings	0.0
aginner	0.0
aginners	0.0
agio	1.3
agios	2.0
agiotage	0.0
agism	0.0
agisms	0.0
agist	0.0
agisted	0.0
agisting	0.0
agists	0.0
agitable	0.0
agitate	2.6
agitated	3.4
agitates	1.9
agitato	1.5
agitator	2.6
agitprop	2.0
aglare	0.0
agleam	0.0
aglee	0.0
aglet	1.3
aglets	1.1
agley	0.0
aglimmer	0.0
aglitter	0.0
aglow	2.2
agly	0.0
aglycon	0.0
aglycone	1.4
aglycons	0.0
agma	1.3
agmas	0.0
agminate	0.0
agnail	0.0
agnails	0.0
agnate	1.4
agnates	1.1
agnatic	1.7
agnation	0.0
agnize	0.0
agnized	0.0
agnizes	0.0
agnizing	0.0
agnomen	0.0
agnomens	0.0
agnomina	0.0
agnosia	1.7
agnosias	0.0
agnostic	3.0
ago	5.4
agog	2.1
agon	2.1
agonal	1.4
agone	1.6
agones	0.0
agonic	0.0
agonies	2.2
agonise	1.4
agonised	1.9
agonises	0.0
agonist	2.8
agonists	2.7
agonize	2.1
agonized	2.3
agonizes	1.3
agons	0.0
agony	3.6
agora	2.7
agorae	0.0
agoras	0.0
agorot	0.0
agoroth	0.0
agouti	1.9
agouties	0.0
agoutis	1.3
agouty	0.0
agrafe	0.0
agrafes	0.0
agraffe	0.0
agraffes	0.0
agrapha	0.0
agraphia	1.3
agraphic	0.0
agrarian	3.2
agravic	0.0
agree	5.0
agreed	4.8
agreeing	3.8
agrees	4.1
agrestal	0.0
agrestic	1.1
agria	1.1
agrias	1.1
agrimony	1.2
agrology	0.0
agronomy	2.4
aground	2.8
agrypnia	0.0
ague	1.8
aguelike	0.0
agues	0.0
agueweed	0.0
aguish	0.0
aguishly	0.0
aha	3.6
ahchoo	0.0
ahead	5.0
ahem	3.2
ahimsa	2.1
ahimsas	0.0
ahold	2.9
aholds	0.0
ahorse	0.0
ahoy	2.7
ahull	0.0
aiblins	0.0
aid	4.8
aide	3.7
aided	3.7
aider	1.9
aiders	1.8
aides	3.4
aidful	0.0
aiding	3.4
aidless	0.0
aidman	0.0
aidmen	0.0
aids	4.2
aiglet	0.0
aiglets	0.0
aigret	0.0
aigrets	0.0
aigrette	1.0
aiguille	1.9
aikido	2.7
aikidos	0.0
ail	2.3
ailed	1.6
aileron	2.1
ailerons	2.1
ailing	3.1
ailment	3.0
ailments	3.2
ails	2.5
aim	4.5
aimed	4.2
aimer	2.1
aimers	1.2
aimful	0.0
aimfully	0.0
aiming	3.9
aimless	2.6
aims	4.2
ain	3.5
ains	1.6
ainsell	0.0
ainsells	0.0
aioli	2.3
aiolis	0.0
air	5.4
airboat	1.8
airboats	1.3
airborne	3.7
airbound	0.0
airbrush	2.7
airburst	1.7
airbus	3.3
airbuses	1.1
aircheck	1.2
aircoach	0.0
aircraft	4.6
aircrew	2.5
aircrews	1.9
airdate	1.9
airdates	0.0
airdrome	1.5
airdrop	2.6
airdrops	2.2
aired	3.9
airer	1.0
airers	0.0
airest	0.0
airfare	2.8
airfares	2.4
airfield	3.3
airflow	3.1
airflows	1.3
airfoil	2.4
airfoils	1.8
airframe	2.7
airglow	1.5
airglows	0.0
airhead	2.3
airheads	1.9
airhole	0.0
airholes	1.0
airier	1.4
airiest	0.0
airily	1.8
airiness	1.5
airing	3.6
airings	1.9
airless	2.3
airlift	2.9
airlifts	1.6
airlike	0.0
airline	4.0
airliner	3.1
airlines	4.2
airmail	2.5
airmails	0.0
airman	2.9
airmen	3.0
airn	0.0
airns	0.0
airpark	1.8
airparks	0.0
airplane	3.9
airplay	2.9
airplays	0.0
airport	4.8
airports	3.9
airpost	0.0
airposts	0.0
airpower	2.3
airproof	0.0
airs	3.5
airscape	0.0
airscrew	1.2
airshed	1.1
airsheds	0.0
airship	2.9
airships	2.5
airsick	1.1
airspace	3.3
airspeed	2.6
airstrip	2.8
airt	1.3
airted	0.0
airth	1.4
airthed	0.0
airthing	0.0
airths	0.0
airtight	3.0
airtime	3.0
airtimes	0.0
airting	0.0
airts	0.0
airward	0.0
airwave	1.8
airwaves	3.0
airway	3.2
airways	3.7
airwise	0.0
airwoman	0.0
airwomen	0.0
airy	3.2
ais	3.1
aisle	3.7
aisled	1.4
aisles	3.1
aisleway	0.0
ait	2.8
aitch	1.6
aitches	0.0
aits	0.0
aiver	0.0
aivers	0.0
ajar	2.6
ajee	1.1
ajiva	0.0
ajivas	0.0
ajowan	0.0
ajowans	0.0
ajuga	1.1
ajugas	0.0
akee	0.0
akees	0.0
akela	1.9
akelas	0.0
akene	0.0
akenes	0.0
akimbo	2.1
akin	3.7
akvavit	1.0
akvavits	0.0
ala	3.5
alack	1.8
alacrity	2.4
alae	1.5
alameda	3.0
alamedas	0.0
alamo	3.1
alamode	0.0
alamodes	0.0
alamos	2.9
alan	4.5
aland	2.0
alands	0.0
alane	1.4
alang	1.8
alanin	0.0
alanine	2.5
alanines	0.0
alanins	0.0
alans	2.1
alant	0.0
alants	0.0
alanyl	1.2
alanyls	0.0
alar	1.9
alarm	4.3
alarmed	3.5
alarming	3.5
alarmism	1.9
alarmist	2.6
alarms	3.6
alarum	1.3
alarumed	0.0
alarums	1.3
alary	1.4
alas	3.7
alaska	4.2
alaskas	1.2
alastor	2.1
alastors	0.0
alate	1.2
alated	0.0
alates	1.1
alation	0.0
alations	0.0
alb	2.6
alba	3.3
albacore	2.2
albas	1.2
albata	0.0
albatas	0.0
albedo	2.6
albedoes	0.0
albedos	1.1
albeit	3.9
albicore	0.0
albinal	0.0
albinic	0.0
albinism	2.3
albino	3.0
albinos	2.1
albite	1.6
albites	0.0
albitic	0.0
albizia	1.3
albizias	0.0
albizzia	0.0
albs	1.3
album	5.0
albumen	2.0
albumens	0.0
albumin	2.6
albumins	0.0
albumose	0.0
albums	4.2
alburnum	0.0
alcade	0.0
alcades	0.0
alcahest	0.0
alcaic	0.0
alcaics	0.0
alcaide	1.3
alcaides	0.0
alcalde	2.1
alcaldes	1.3
alcayde	0.0
alcaydes	0.0
alcazar	2.1
alcazars	0.0
alchemic	1.5
alchemy	3.2
alchymy	0.0
alcid	0.0
alcidine	0.0
alcids	0.0
alcohol	4.6
alcohols	2.8
alcove	2.6
alcoved	0.0
alcoves	2.2
aldehyde	2.5
alder	3.0
alderfly	0.0
alderman	3.2
aldermen	2.8
alders	1.9
aldol	1.7
aldolase	1.6
aldols	0.0
aldose	1.4
aldoses	0.0
aldrin	2.6
aldrins	0.0
ale	3.7
aleatory	1.4
alec	3.6
alecs	1.1
alee	1.7
alef	1.7
alefs	0.0
alegar	0.0
alegars	0.0
alehouse	2.0
alembic	1.8
alembics	0.0
alencon	1.2
alencons	0.0
aleph	2.4
alephs	0.0
alert	4.3
alerted	3.3
alerter	0.0
alertest	0.0
alerting	3.0
alertly	1.5
alerts	3.6
ales	2.9
aleuron	0.0
aleurone	0.0
aleurons	0.0
alevin	0.0
alevins	0.0
alewife	1.8
alewives	1.3
alexia	2.5
alexias	0.0
alexin	0.0
alexine	0.0
alexines	0.0
alexins	0.0
alfa	3.1
alfaki	0.0
alfakis	0.0
alfalfa	2.8
alfalfas	0.0
alfaqui	0.0
alfaquin	0.0
alfaquis	0.0
alfas	1.3
alforja	0.0
alforjas	0.0
alfresco	2.2
alga	2.3
algae	3.5
algal	2.7
algaroba	0.0
algas	0.0
algebra	3.8
algebras	2.7
algerine	1.4
algicide	0.0
algid	0.0
algidity	0.0
algin	0.0
alginate	2.1
algins	0.0
algoid	0.0
algology	0.0
algor	1.1
algorism	0.0
algors	0.0
algum	0.0
algums	0.0
alias	3.5
aliases	2.8
alibi	3.1
alibied	0.0
alibies	0.0
alibiing	0.0
alibis	2.3
alible	0.0
alidad	0.0
alidade	1.1
alidades	0.0
alidads	0.0
alien	4.3
alienage	1.2
alienate	3.0
aliened	0.0
alienee	0.0
alienees	0.0
aliener	0.0
alieners	0.0
aliening	0.0
alienism	0.0
alienist	1.8
alienly	0.0
alienor	0.0
alienors	0.0
aliens	4.0
alif	2.1
aliform	0.0
alifs	0.0
alight	3.0
alighted	2.2
alights	1.6
align	3.6
aligned	3.8
aligner	1.5
aligners	1.5
aligning	3.0
aligns	2.9
alike	4.1
aliment	1.7
aliments	1.4
alimony	3.1
aline	2.6
alined	0.0
aliner	0.0
aliners	0.0
alines	0.0
alining	0.0
aliped	0.0
alipeds	0.0
aliquant	0.0
aliquot	1.9
aliquots	1.7
alist	1.5
alit	1.7
aliunde	1.3
alive	4.8
aliya	2.2
aliyah	2.4
aliyahs	0.0
aliyas	0.0
aliyos	0.0
aliyot	0.0
alizarin	1.6
alkahest	1.1
alkali	2.9
alkalic	1.1
alkalies	1.6
alkalify	0.0
alkalin	0.0
alkaline	3.2
alkalis	1.8
alkalise	0.0
alkalize	0.0
alkaloid	2.4
alkane	1.8
alkanes	2.0
alkanet	0.0
alkanets	0.0
alkene	1.9
alkenes	2.1
alkies	0.0
alkine	0.0
alkines	0.0
alkoxide	1.5
alkoxy	1.6
alky	1.3
alkyd	1.8
alkyds	0.0
alkyl	2.8
alkylate	1.2
alkylic	0.0
alkyls	0.0
alkyne	1.6
alkynes	1.7
all	6.5
allanite	1.0
allay	2.7
allayed	2.2
allayer	0.0
allayers	0.0
allaying	1.8
allays	1.5
allee	2.1
allees	0.0
allege	3.2
alleged	4.4
alleger	0.0
allegers	0.0
alleges	3.3
alleging	3.5
allegory	3.1
allegro	2.7
allegros	0.0
allele	2.9
alleles	2.8
allelic	2.0
allelism	0.0
alleluia	2.5
allergen	2.6
allergic	3.8
allergin	0.0
allergy	3.6
alley	3.9
alleys	3.1
alleyway	2.8
allheal	0.0
allheals	0.0
alliable	0.0
alliance	4.4
allicin	1.4
allicins	0.0
allied	4.1
allies	4.3
allium	2.2
alliums	1.4
allobar	0.0
allobars	0.0
allocate	3.3
allod	0.0
allodia	0.0
allodial	1.5
allodium	0.0
allods	0.0
allogamy	0.0
allonge	0.0
allonges	0.0
allonym	0.0
allonyms	0.0
allopath	0.0
allot	2.8
allots	1.7
allotted	3.3
allottee	0.0
allotter	0.0
allotype	0.0
allotypy	0.0
allover	2.0
allovers	0.0
allow	5.0
allowed	5.0
allowing	4.6
allows	4.7
alloxan	1.5
alloxans	0.0
alloy	3.6
alloyed	2.0
alloying	2.0
alloys	3.2
alls	2.6
allseed	0.0
allseeds	0.0
allspice	2.3
allude	2.7
alluded	3.1
alludes	2.9
alluding	3.0
allure	3.1
allured	1.5
allurer	0.0
allurers	0.0
allures	1.6
alluring	3.0
allusion	2.9
allusive	2.0
alluvia	0.0
alluvial	2.9
alluvion	1.1
alluvium	2.2
ally	4.1
allying	2.4
allyl	2.1
allylic	1.8
allyls	0.0
alma	3.6
almagest	1.5
almah	1.1
almahs	0.0
almanac	3.1
almanacs	2.1
almas	2.0
alme	1.1
almeh	0.0
almehs	0.0
almemar	0.0
almemars	0.0
almes	0.0
almighty	3.7
almner	0.0
almners	0.0
almond	3.5
almonds	3.3
almoner	1.8
almoners	0.0
almonry	0.0
almost	5.4
alms	2.9
almsman	0.0
almsmen	0.0
almuce	0.0
almuces	0.0
almud	0.0
almude	0.0
almudes	0.0
almuds	0.0
almug	0.0
almugs	0.0
alnico	1.7
alnicoes	0.0
alodia	1.1
alodial	0.0
alodium	0.0
aloe	3.1
aloes	1.9
aloetic	0.0
aloft	3.1
alogical	0.0
aloha	3.1
alohas	0.0
aloin	0.0
aloins	0.0
alone	5.2
along	5.4
aloof	3.0
aloofly	0.0
alopecia	2.7
alopecic	0.0
aloud	3.5
alow	1.6
alp	3.1
alpaca	2.8
alpacas	2.4
alpha	4.2
alphabet	3.7
alphas	2.6
alphorn	1.2
alphorns	0.0
alphosis	0.0
alphyl	0.0
alphyls	0.0
alpine	3.6
alpinely	0.0
alpines	1.7
alpinism	1.4
alpinist	1.7
alps	3.6
already	5.5
alright	4.4
als	3.4
alsike	0.0
alsikes	0.0
also	6.2
alt	3.8
altar	3.8
altars	2.9
alter	4.0
alterant	0.0
altered	4.0
alterer	0.0
alterers	0.0
altering	3.6
alters	3.1
althaea	1.3
althaeas	0.0
althea	2.6
altheas	0.0
altho	2.6
althorn	0.0
althorns	0.0
although	5.3
altitude	3.9
alto	3.5
altoist	0.0
altoists	0.0
altos	2.5
altruism	2.9
altruist	1.7
alts	2.4
aludel	0.0
aludels	0.0
alula	1.4
alulae	0.0
alular	0.0
alum	3.2
alumin	0.0
alumina	2.7
aluminas	0.0
alumine	0.0
alumines	0.0
aluminic	0.0
alumins	0.0
aluminum	4.0
alumna	2.5
alumnae	2.5
alumni	3.9
alumnus	2.9
alumroot	0.0
alums	2.4
alunite	1.3
alunites	0.0
alveolar	2.8
alveoli	2.2
alveolus	1.4
alvine	0.0
alway	2.6
always	5.8
alyssum	1.6
alyssums	0.0
ama	3.5
amadavat	0.0
amadou	2.2
amadous	0.0
amah	1.6
amahs	0.0
amain	1.4
amalgam	2.9
amalgams	1.7
amandine	1.8
amanita	2.1
amanitas	0.0
amanitin	1.0
amaranth	2.4
amarelle	0.0
amaretti	1.3
amaretto	2.2
amarna	2.1
amas	2.5
amass	2.8
amassed	3.2
amasser	0.0
amassers	0.0
amasses	1.7
amassing	2.8
amateur	4.2
amateurs	3.4
amative	0.0
amatol	0.0
amatols	0.0
amatory	1.5
amaze	3.2
amazed	3.9
amazedly	0.0
amazes	3.1
amazing	5.1
amazon	4.5
amazons	2.7
ambage	0.0
ambages	0.0
ambari	0.0
ambaries	0.0
ambaris	0.0
ambary	0.0
ambeer	0.0
ambeers	0.0
amber	4.0
amberies	0.0
amberina	0.0
amberoid	0.0
ambers	1.9
ambery	0.0
ambiance	2.7
ambience	2.9
ambient	3.6
ambients	1.4
ambit	2.5
ambition	3.9
ambits	0.0
ambivert	1.2
amble	2.3
ambled	2.1
ambler	2.4
amblers	0.0
ambles	1.7
ambling	2.1
ambo	2.2
amboina	1.3
amboinas	0.0
ambones	0.0
ambos	1.9
amboyna	1.4
amboynas	0.0
ambries	0.0
ambroid	0.0
ambroids	0.0
ambrosia	2.6
ambry	1.1
ambsace	0.0
ambsaces	0.0
ambulant	1.7
ambulate	1.4
ambush	3.5
ambushed	3.2
ambusher	0.0
ambushes	2.5
ameba	1.6
amebae	0.0
ameban	0.0
amebas	0.0
amebean	0.0
amebic	1.3
ameboid	0.0
ameer	2.5
ameerate	0.0
ameers	0.0
amelcorn	0.0
amen	3.9
amenable	2.9
amenably	0.0
amend	3.5
amended	3.8
amender	0.0
amenders	0.0
amending	3.0
amends	3.3
amenity	2.8
amens	1.3
ament	1.8
amentia	0.0
amentias	0.0
aments	0.0
amerce	0.0
amerced	0.0
amercer	0.0
amercers	0.0
amerces	0.0
amercing	0.0
amesace	0.0
amesaces	0.0
amethyst	3.0
ami	3.3
amia	1.9
amiable	2.8
amiably	2.0
amiantus	0.0
amias	1.1
amicable	3.0
amicably	2.7
amice	1.5
amices	0.0
amici	2.2
amicus	2.7
amid	4.0
amidase	0.0
amidases	0.0
amide	2.4
amides	2.0
amidic	0.0
amidin	0.0
amidine	0.0
amidines	0.0
amidins	0.0
amido	1.8
amidogen	0.0
amidol	0.0
amidols	0.0
amidone	0.0
amidones	0.0
amids	0.0
amidship	1.4
amidst	3.6
amie	2.5
amies	1.8
amiga	2.7
amigas	1.8
amigo	2.9
amigos	2.9
amin	3.2
amine	2.8
amines	2.6
aminic	0.0
aminity	0.0
amino	3.7
amins	0.0
amir	3.4
amirate	0.0
amirates	0.0
amirs	1.6
amis	2.9
amiss	2.9
amities	0.0
amitoses	0.0
amitosis	0.0
amitotic	0.0
amitrole	0.0
amity	2.9
ammeter	1.7
ammeters	0.0
ammine	0.0
ammines	0.0
ammino	0.0
ammo	3.5
ammocete	0.0
ammonal	0.0
ammonals	0.0
ammonia	3.4
ammoniac	1.3
ammonias	0.0
ammonic	0.0
ammonify	0.0
ammonite	2.3
ammonium	3.0
ammono	0.0
ammonoid	1.1
ammos	1.6
amnesia	3.3
amnesiac	2.3
amnesias	0.0
amnesic	1.8
amnesics	0.0
amnestic	1.5
amnesty	3.6
amnia	0.0
amnic	0.0
amnion	1.5
amnionic	0.0
amnions	0.0
amniote	1.1
amniotes	1.2
amniotic	2.6
amoeba	2.6
amoebae	1.9
amoeban	0.0
amoebas	1.9
amoebean	0.0
amoebic	1.8
amoeboid	1.6
amok	2.8
amoks	0.0
amole	1.2
amoles	0.0
among	5.3
amongst	4.3
amoral	2.6
amorally	0.0
amoretti	1.3
amoretto	0.0
amorini	0.0
amorino	0.0
amorist	0.0
amorists	0.0
amoroso	1.9
amorous	2.8
amort	0.0
amortise	0.0
amortize	1.8
amosite	0.0
amosites	0.0
amotion	0.0
amotions	0.0
amount	5.1
amounted	3.5
amounts	4.4
amour	3.0
amours	2.1
amp	3.8
amperage	2.2
ampere	2.2
amperes	2.0
amphibia	2.0
amphioxi	0.0
amphipod	1.7
amphora	2.2
amphorae	1.9
amphoral	0.0
amphoras	1.4
ample	3.7
ampler	0.0
amplest	0.0
amplexus	0.0
amplify	3.2
amply	2.6
ampoule	2.0
ampoules	1.9
amps	3.1
ampul	0.0
ampule	1.6
ampules	1.3
ampulla	1.6
ampullae	1.4
ampullar	0.0
ampuls	0.0
amputate	2.4
amputee	2.7
amputees	2.5
amreeta	0.0
amreetas	0.0
amrita	2.4
amritas	0.0
amtrac	1.2
amtrack	1.1
amtracks	0.0
amtracs	0.0
amu	2.5
amuck	2.0
amucks	0.0
amulet	3.0
amulets	2.6
amus	1.4
amusable	0.0
amuse	3.1
amused	3.5
amusedly	1.0
amuser	0.0
amusers	0.0
amuses	2.6
amusia	0.0
amusias	0.0
amusing	3.8
amusive	0.0
amygdala	2.8
amygdale	0.0
amygdule	0.0
amyl	2.0
amylase	2.3
amylases	1.3
amylene	0.0
amylenes	0.0
amylic	0.0
amylogen	0.0
amyloid	2.9
amyloids	1.1
amylose	1.6
amyloses	0.0
amyls	0.0
amylum	0.0
amylums	0.0
ana	3.9
anabaena	1.3
anabas	0.0
anabases	0.0
anabasis	1.8
anabatic	0.0
anableps	0.0
anabolic	2.8
anaconda	3.0
anadem	0.0
anadems	0.0
anaemia	2.5
anaemias	0.0
anaemic	2.2
anaerobe	1.4
anaglyph	1.5
anagoge	0.0
anagoges	0.0
anagogic	0.0
anagogy	0.0
anagram	2.7
anagrams	2.2
anal	3.9
analcime	0.0
analcite	0.0
analecta	1.7
analects	1.9
analemma	0.0
analgia	0.0
analgias	0.0
anality	0.0
anally	2.4
analog	3.7
analogic	1.4
analogs	2.6
analogue	3.3
analogy	3.7
analyse	3.5
analysed	3.5
analyser	2.2
analyses	3.8
analysis	4.9
analyst	4.0
analysts	3.8
analytic	3.3
analyze	3.8
analyzed	3.9
analyzer	3.1
analyzes	3.2
ananke	1.0
anankes	0.0
anapaest	0.0
anapest	0.0
anapests	0.0
anaphase	1.9
anaphor	0.0
anaphora	1.9
anaphors	0.0
anarch	1.4
anarchic	2.5
anarchs	0.0
anarchy	3.5
anas	2.7
anasarca	0.0
anatase	1.5
anatases	0.0
anathema	2.8
anatomic	2.5
anatomy	3.9
anatoxin	1.1
anatto	0.0
anattos	0.0
ancestor	3.5
ancestry	3.5
anchor	4.0
anchored	3.5
anchoret	0.0
anchors	3.4
anchovy	2.6
anchusa	0.0
anchusas	0.0
anchusin	0.0
ancient	4.7
ancients	3.1
ancilla	1.5
ancillae	0.0
ancillas	0.0
ancon	1.7
anconal	0.0
ancone	0.0
anconeal	0.0
ancones	0.0
anconoid	0.0
ancress	0.0
and	7.4
andante	2.2
andantes	0.0
andesite	2.3
andesyte	0.0
andiron	0.0
andirons	1.2
androgen	2.8
android	4.4
androids	2.9
ands	2.4
ane	2.6
anear	0.0
aneared	0.0
anearing	0.0
anears	0.0
anecdota	0.0
anecdote	3.2
anechoic	1.8
anele	1.5
aneled	0.0
aneles	0.0
aneling	0.0
anemia	3.2
anemias	1.3
anemic	2.8
anemone	2.6
anemones	2.5
anemoses	0.0
anemosis	0.0
anenst	0.0
anent	2.2
anergia	0.0
anergias	0.0
anergic	0.0
anergies	0.0
anergy	1.2
aneroid	1.5
aneroids	0.0
anes	1.7
anestri	0.0
anestrus	0.0
anethol	0.0
anethole	0.0
anethols	0.0
aneurin	2.1
aneurins	0.0
aneurism	2.2
aneurysm	3.1
anew	3.2
anga	1.8
angakok	0.0
angakoks	0.0
angaria	0.0
angarias	0.0
angaries	0.0
angary	0.0
angas	1.9
angel	4.5
angeled	0.0
angelic	3.1
angelica	3.1
angeling	0.0
angels	4.3
angelus	2.6
anger	4.4
angered	3.3
angering	2.5
angerly	0.0
angers	2.9
angina	2.8
anginal	1.1
anginas	0.0
anginose	0.0
anginous	0.0
angioma	1.2
angiomas	1.1
angle	4.4
angled	3.3
anglepod	0.0
angler	2.8
anglers	3.0
angles	3.9
anglice	0.0
angling	3.0
anglings	0.0
angora	2.6
angoras	1.2
angrier	2.8
angriest	2.2
angrily	3.3
angry	4.7
angst	3.3
angstrom	2.0
angsts	0.0
anguine	0.0
anguish	3.4
angular	3.5
angulate	1.3
angulose	0.0
angulous	0.0
anhinga	1.3
anhingas	0.0
ani	3.2
anil	3.0
anile	1.1
anilin	0.0
aniline	2.3
anilines	1.3
anilins	0.0
anility	0.0
anils	0.0
anima	2.8
animal	4.8
animalic	0.0
animally	0.0
animals	4.8
animas	2.2
animate	3.1
animated	4.1
animater	0.0
animates	2.3
animato	0.0
animator	2.9
anime	4.3
animes	2.4
animi	1.3
animis	0.0
animism	2.1
animisms	0.0
animist	2.0
animists	1.5
animus	2.7
animuses	0.0
anion	2.7
anionic	2.3
anions	2.4
anis	2.2
anise	2.6
aniseed	2.1
aniseeds	0.0
anises	0.0
anisette	1.3
anisic	0.0
anisole	0.0
anisoles	0.0
ankerite	0.0
ankh	2.4
ankhs	0.0
ankle	4.0
ankled	0.0
ankles	3.5
anklet	2.3
anklets	2.2
ankling	0.0
ankus	0.0
ankuses	0.0
ankush	1.5
ankushes	0.0
ankylose	0.0
anlace	0.0
anlaces	0.0
anlage	1.4
anlagen	0.0
anlages	0.0
anlas	0.0
anlases	0.0
anna	4.4
annal	1.6
annalist	1.3
annals	3.4
annas	2.2
annates	0.0
annatto	1.7
annattos	0.0
anneal	1.7
annealed	2.2
annealer	0.0
anneals	0.0
annelid	1.6
annelids	1.8
annex	3.5
annexe	2.5
annexed	3.5
annexes	2.4
annexing	2.6
annotate	2.3
announce	4.3
annoy	3.5
annoyed	4.0
annoyer	0.0
annoyers	0.0
annoying	4.4
annoys	3.3
annual	4.9
annually	4.2
annuals	2.6
annuity	3.4
annul	2.5
annular	2.8
annulate	0.0
annulet	1.1
annulets	0.0
annuli	1.3
annulled	3.0
annulose	0.0
annuls	1.7
annulus	2.3
anoa	1.2
anoas	0.0
anodal	1.2
anodally	0.0
anode	2.9
anodes	2.2
anodic	1.8
anodize	1.2
anodized	2.3
anodizes	0.0
anodyne	2.2
anodynes	0.0
anodynic	0.0
anoint	2.5
anointed	3.1
anointer	0.0
anoints	1.7
anole	1.6
anoles	1.4
anolyte	0.0
anolytes	0.0
anomaly	3.5
anomic	1.3
anomie	1.9
anomies	0.0
anomy	0.0
anon	3.3
anonym	1.5
anonyms	0.0
anoopsia	0.0
anopia	0.0
anopias	0.0
anopsia	0.0
anopsias	0.0
anorak	2.1
anoraks	1.6
anoretic	0.0
anorexia	3.2
anorexic	2.7
anorexy	0.0
anorthic	0.0
anosmia	1.7
anosmias	0.0
anosmic	1.1
another	5.7
anovular	0.0
anoxemia	0.0
anoxemic	0.0
anoxia	2.0
anoxias	0.0
anoxic	2.3
ansa	2.2
ansae	0.0
ansate	0.0
ansated	0.0
anserine	0.0
anserous	0.0
answer	5.2
answered	4.3
answerer	1.5
answers	4.6
ant	3.9
anta	2.1
antacid	2.1
antacids	2.2
antae	0.0
antalgic	0.0
antas	0.0
antbear	0.0
antbears	0.0
ante	3.3
anteater	2.3
antecede	0.0
anted	1.5
antedate	1.3
anteed	0.0
antefix	0.0
antefixa	0.0
anteing	0.0
antelope	3.1
antenna	3.8
antennae	3.0
antennal	1.8
antennas	3.3
antepast	0.0
anterior	3.5
anteroom	1.9
antes	2.1
antetype	0.0
antevert	0.0
anthelia	0.0
anthelix	0.0
anthem	3.9
anthemed	0.0
anthemia	0.0
anthems	3.0
anther	2.3
antheral	0.0
antherid	0.0
anthers	2.3
antheses	0.0
anthesis	1.5
anthill	2.0
anthills	1.5
anthodia	0.0
anthoid	0.0
anthrax	3.1
anti	5.0
antiair	0.0
antiar	0.0
antiarin	0.0
antiars	0.0
antiatom	0.0
antibias	0.0
antibody	3.5
antiboss	0.0
antibug	0.0
antic	2.3
anticar	0.0
anticity	0.0
antick	0.0
anticked	0.0
anticks	0.0
anticly	0.0
anticold	0.0
antics	3.4
anticult	0.0
antidora	0.0
antidote	3.2
antidrug	1.4
antifat	0.0
antiflu	0.0
antifoam	0.0
antifur	0.0
antigay	1.8
antigen	3.2
antigene	0.0
antigens	2.9
antigun	0.0
antihero	2.3
antijam	0.0
antiking	0.0
antileak	0.0
antileft	0.0
antilife	0.0
antilock	1.7
antilog	0.0
antilogs	0.0
antilogy	0.0
antimale	0.0
antiman	0.0
antimask	0.0
antimere	0.0
antimony	2.5
anting	1.6
antings	0.0
antinode	0.0
antinomy	1.5
antinuke	0.0
antiphon	2.0
antipill	0.0
antipode	1.7
antipole	0.0
antipope	1.6
antiporn	0.0
antipot	0.0
antipyic	0.0
antique	3.9
antiqued	1.8
antiquer	0.0
antiques	3.5
antirape	0.0
antired	0.0
antiriot	0.0
antirock	0.0
antiroll	0.0
antirust	0.0
antis	2.3
antisag	0.0
antisera	1.6
antisex	0.0
antiship	1.4
antiskid	1.1
antislip	0.0
antismog	0.0
antismut	0.0
antisnob	0.0
antistat	0.0
antitank	2.3
antitax	0.0
antitype	1.2
antiwar	2.6
antiwear	0.0
antiweed	0.0
antler	2.6
antlered	1.6
antlers	3.0
antlike	0.0
antlion	1.3
antlions	0.0
antonym	1.9
antonyms	2.0
antonymy	0.0
antra	1.2
antral	1.5
antre	0.0
antres	0.0
antrorse	0.0
antrum	1.6
antrums	0.0
ants	3.7
antsier	0.0
antsiest	0.0
antsy	2.5
anural	0.0
anuran	1.2
anurans	1.1
anureses	0.0
anuresis	0.0
anuretic	0.0
anuria	0.0
anurias	0.0
anuric	0.0
anurous	0.0
anus	3.2
anuses	1.8
anvil	3.0
anviled	0.0
anviling	0.0
anvilled	0.0
anvils	2.1
anviltop	0.0
anxiety	4.5
anxious	4.1
any	6.1
anybody	4.6
anyhow	3.5
anymore	4.9
anyone	5.4
anyplace	2.6
anything	5.5
anytime	4.2
anyway	4.9
anyways	4.0
anywhere	4.7
anywise	0.0
aorist	1.9
aoristic	0.0
aorists	0.0
aorta	2.9
aortae	0.0
aortal	0.0
aortas	1.3
aortic	3.1
aoudad	0.0
aoudads	0.0
apace	2.5
apache	3.5
apaches	2.7
apagoge	0.0
apagoges	0.0
apagogic	0.0
apanage	0.0
apanages	0.0
aparejo	0.0
aparejos	0.0
apart	4.8
apatetic	0.0
apathies	0.0
apathy	3.3
apatite	2.2
apatites	0.0
ape	3.5
apeak	0.0
aped	1.7
apeek	0.0
apelike	1.4
aper	1.5
apercu	0.0
apercus	0.0
aperient	0.0
aperies	0.0
aperitif	2.3
apers	0.0
aperture	3.5
apery	0.0
apes	3.5
apetaly	0.0
apex	3.7
apexes	1.6
aphagia	0.0
aphagias	0.0
aphanite	0.0
aphasia	2.6
aphasiac	0.0
aphasias	1.1
aphasic	1.4
aphasics	0.0
aphelia	0.0
aphelian	0.0
aphelion	1.8
apheses	0.0
aphesis	0.0
aphetic	0.0
aphid	2.4
aphides	0.0
aphidian	0.0
aphids	2.6
aphis	2.2
apholate	0.0
aphonia	0.0
aphonias	0.0
aphonic	0.0
aphonics	0.0
aphorise	0.0
aphorism	2.5
aphorist	1.0
aphorize	0.0
aphotic	1.2
aphtha	0.0
aphthae	0.0
aphthous	1.4
aphylly	0.0
apian	1.2
apiarian	0.0
apiaries	1.5
apiarist	1.3
apiary	2.0
apical	2.9
apically	1.7
apicals	0.0
apices	1.8
apiculi	0.0
apiculus	0.0
apiece	3.2
apimania	0.0
aping	2.1
apiology	0.0
apish	1.1
apishly	0.0
aplasia	1.5
aplasias	0.0
aplastic	2.0
aplenty	2.5
aplite	0.0
aplites	0.0
aplitic	0.0
aplomb	2.4
aplombs	0.0
apnea	3.0
apneal	0.0
apneas	1.2
apneic	1.4
apnoea	1.9
apnoeal	0.0
apnoeas	0.0
apnoeic	0.0
apoapsis	1.2
apocarp	0.0
apocarps	0.0
apocarpy	0.0
apocope	0.0
apocopes	0.0
apocopic	0.0
apocrine	1.7
apod	1.5
apodal	0.0
apodoses	0.0
apodosis	1.3
apodous	0.0
apods	0.0
apogamic	0.0
apogamy	0.0
apogeal	0.0
apogean	0.0
apogee	2.6
apogees	0.0
apogeic	0.0
apollo	3.8
apollos	2.1
apolog	0.0
apologal	0.0
apologia	2.4
apologs	0.0
apologue	0.0
apology	4.0
apolune	0.0
apolunes	0.0
apomict	0.0
apomicts	0.0
apomixes	0.0
apomixis	1.3
apophony	0.0
apophyge	0.0
apoplexy	2.2
aport	1.2
apospory	0.0
apostacy	1.1
apostasy	2.9
apostate	2.7
apostil	0.0
apostils	0.0
apostle	3.5
apostles	3.5
apothece	0.0
apothegm	0.0
apothem	0.0
apothems	0.0
appal	1.6
appall	1.5
appalled	3.2
appalls	1.5
appals	1.4
appanage	1.5
apparat	1.6
apparats	0.0
apparel	3.7
apparels	1.8
apparent	4.3
appeal	4.7
appealed	3.8
appealer	0.0
appeals	4.2
appear	4.8
appeared	4.8
appears	4.8
appease	3.2
appeased	2.5
appeaser	1.5
appeases	1.7
appel	2.5
appellee	1.7
appellor	0.0
appels	1.1
append	2.6
appended	2.8
appendix	3.5
appends	1.7
appestat	0.0
appetent	0.0
appetite	3.9
applaud	3.5
applauds	2.7
applause	3.8
apple	4.8
apples	4.0
applied	4.7
applier	1.1
appliers	0.0
applies	4.2
applique	2.3
apply	4.8
applying	4.2
appoint	3.7
appoints	3.2
appose	1.1
apposed	1.9
apposer	0.0
apposers	0.0
apposes	0.0
apposing	1.1
apposite	2.0
appraise	2.5
apprise	1.9
apprised	2.5
appriser	0.0
apprises	0.0
apprize	0.0
apprized	0.0
apprizer	0.0
apprizes	0.0
approach	4.9
approval	4.5
approve	4.1
approved	4.6
approver	1.7
approves	3.4
appulse	0.0
appulses	0.0
apractic	0.0
apraxia	1.9
apraxias	0.0
apraxic	0.0
apres	2.1
apricot	3.0
apricots	2.7
apron	3.4
aproned	1.1
aproning	0.0
aprons	2.7
apropos	2.7
aprotic	1.3
apse	2.3
apses	1.5
apsidal	1.6
apsides	0.0
apsis	1.1
apt	3.7
apter	1.8
apteral	0.0
apteria	0.0
apterium	0.0
apterous	0.0
apteryx	1.0
aptest	0.0
aptitude	3.2
aptly	3.1
aptness	1.4
apyrase	0.0
apyrases	0.0
apyretic	0.0
aqua	3.4
aquacade	1.1
aquae	1.7
aquanaut	1.3
aquaria	2.5
aquarial	0.0
aquarian	2.1
aquarist	1.6
aquarium	3.6
aquas	1.5
aquatic	3.6
aquatics	2.6
aquatint	1.9
aquatone	0.0
aquavit	1.7
aquavits	0.0
aqueduct	2.9
aqueous	3.1
aquifer	2.9
aquifers	2.7
aquiline	1.7
aquiver	1.1
arabesk	0.0
arabesks	0.0
arabic	4.0
arabica	2.4
arabicas	0.0
arabize	0.0
arabized	1.3
arabizes	0.0
arable	3.0
arables	0.0
araceous	0.0
arachnid	2.3
arak	2.3
araks	0.0
aramid	1.9
aramids	0.0
araneid	0.0
araneids	0.0
arapaima	1.3
araroba	0.0
ararobas	0.0
arb	2.6
arbalest	1.1
arbalist	0.0
arbelest	0.0
arbiter	3.0
arbiters	2.4
arbitral	2.4
arbor	3.5
arboreal	2.3
arbored	0.0
arbores	0.0
arboreta	1.1
arborist	2.0
arborize	0.0
arborous	0.0
arbors	2.0
arbour	2.2
arboured	0.0
arbours	1.1
arbs	1.8
arbuscle	0.0
arbute	0.0
arbutean	0.0
arbutes	0.0
arbutus	2.1
arc	4.2
arcade	3.7
arcaded	1.7
arcades	2.8
arcadia	3.1
arcadian	2.3
arcadias	0.0
arcading	1.3
arcana	2.6
arcane	3.0
arcanum	2.1
arcanums	0.0
arcature	0.0
arced	1.9
arch	4.0
archaic	3.4
archaise	0.0
archaism	1.5
archaist	0.0
archaize	0.0
archduke	2.8
arched	3.2
archer	3.8
archers	3.3
archery	3.2
arches	3.5
archil	1.3
archils	0.0
archine	0.0
archines	0.0
arching	2.7
archings	0.0
archival	3.3
archive	4.0
archived	3.4
archives	4.1
archly	1.7
archness	1.1
archon	2.5
archons	2.2
archway	2.7
archways	2.1
arciform	0.0
arcing	2.5
arcked	0.0
arcking	0.0
arco	2.6
arcs	3.3
arcsine	1.1
arcsines	0.0
arctic	4.0
arctics	1.2
arcuate	2.2
arcuated	0.0
arcus	1.9
arcuses	0.0
ardeb	0.0
ardebs	0.0
ardency	1.1
ardent	3.3
ardently	2.4
ardor	2.3
ardors	0.0
ardour	2.2
ardours	0.0
arduous	3.2
are	6.7
area	5.5
areae	0.0
areal	2.4
areally	1.1
areas	5.2
areaway	0.0
areaways	0.0
areca	1.9
arecas	0.0
areic	0.0
arena	4.3
arenas	3.3
arenite	0.0
arenites	0.0
arenose	0.0
arenous	0.0
areola	2.4
areolae	1.4
areolar	1.3
areolas	1.7
areolate	1.1
areole	1.1
areoles	1.5
areology	0.0
ares	3.1
arete	1.9
aretes	0.0
arethusa	1.8
arf	2.7
arfs	0.0
argal	1.1
argala	0.0
argalas	0.0
argali	1.0
argalis	0.0
argals	0.0
argent	2.8
argental	0.0
argentic	0.0
argents	1.1
argentum	1.6
argil	0.0
argils	0.0
arginase	1.4
arginine	2.7
argle	0.0
argled	0.0
argles	0.0
argling	0.0
argol	1.0
argols	0.0
argon	2.9
argonaut	2.2
argons	0.0
argosies	0.0
argosy	2.1
argot	1.9
argotic	0.0
argots	0.0
arguable	2.7
arguably	3.9
argue	4.5
argued	4.4
arguer	1.4
arguers	1.0
argues	4.0
argufied	0.0
argufier	0.0
argufies	0.0
argufy	0.0
arguing	4.2
argument	4.6
argus	3.0
arguses	0.0
argyle	3.0
argyles	0.0
argyll	2.9
argylls	1.4
arhat	1.5
arhats	1.3
aria	3.4
arias	3.1
arid	3.4
arider	0.0
aridest	0.0
aridity	2.0
aridly	0.0
aridness	0.0
ariel	3.5
ariels	1.2
arietta	1.6
ariettas	0.0
ariette	0.0
ariettes	0.0
aright	2.2
aril	1.7
ariled	0.0
arillate	0.0
arillode	0.0
arilloid	0.0
arils	1.2
ariose	0.0
ariosi	0.0
arioso	1.4
ariosos	0.0
arise	3.9
arisen	3.2
arises	3.6
arising	3.7
arista	2.3
aristae	0.0
aristas	0.0
aristate	0.0
aristo	2.0
aristos	1.6
ark	3.8
arkose	1.2
arkoses	0.0
arkosic	0.0
arks	2.0
arles	2.5
arm	4.7
armada	3.1
armadas	1.7
armagnac	2.1
armament	3.0
armature	2.5
armband	2.7
armbands	2.4
armchair	3.2
armed	4.6
armer	1.8
armers	1.2
armet	0.0
armets	0.0
armful	2.0
armfuls	1.5
armhole	1.5
armholes	1.5
armies	3.9
armiger	1.7
armigero	0.0
armigers	0.0
armilla	0.0
armillae	0.0
armillas	0.0
arming	3.1
armings	0.0
armless	2.2
armlet	1.6
armlets	1.4
armlike	0.0
armload	1.3
armloads	1.1
armlock	1.2
armlocks	0.0
armoire	2.2
armoires	1.3
armonica	1.1
armor	4.0
armored	3.6
armorer	1.9
armorers	1.5
armorial	2.2
armories	2.1
armoring	1.7
armors	2.2
armory	3.2
armour	3.8
armoured	3.3
armourer	1.7
armours	1.7
armoury	2.7
armpit	3.0
armpits	2.9
armrest	2.4
armrests	2.1
arms	4.8
armsful	0.0
armure	0.0
armures	0.0
army	5.1
armyworm	1.6
arnatto	0.0
arnattos	0.0
arnica	2.1
arnicas	0.0
arnotto	0.0
arnottos	0.0
aroid	1.2
aroids	1.0
aroint	0.0
arointed	0.0
aroints	0.0
aroma	3.2
aromas	2.6
aromatic	3.3
arose	3.7
around	5.8
arousal	3.1
arousals	1.4
arouse	2.9
aroused	3.4
arouser	0.0
arousers	0.0
arouses	2.4
arousing	2.8
aroynt	0.0
aroynted	0.0
aroynts	0.0
arpeggio	2.1
arpen	0.0
arpens	0.0
arpent	0.0
arpents	1.1
arquebus	1.5
arrack	1.6
arracks	0.0
arraign	1.8
arraigns	1.2
arrange	4.0
arranged	4.3
arranger	2.6
arranges	2.9
arrant	1.9
arrantly	0.0
arras	2.5
arrased	0.0
array	4.1
arrayal	0.0
arrayals	0.0
arrayed	2.6
arrayer	0.0
arrayers	0.0
arraying	1.2
arrays	3.3
arrear	1.5
arrears	3.0
arrest	4.5
arrested	4.6
arrestee	1.8
arrester	1.9
arrestor	1.7
arrests	3.7
arrhizal	0.0
arris	2.1
arrises	1.1
arrival	4.4
arrivals	3.5
arrive	4.4
arrived	4.8
arriver	1.1
arrivers	0.0
arrives	4.1
arriving	4.2
arroba	1.3
arrobas	0.0
arrogant	3.7
arrogate	1.7
arrow	4.1
arrowed	1.7
arrowing	1.1
arrows	3.8
arrowy	0.0
arroyo	3.0
arroyos	1.7
ars	3.2
arse	3.6
arsenal	4.3
arsenals	2.6
arsenate	1.8
arsenic	3.2
arsenics	0.0
arsenide	2.1
arsenite	1.6
arseno	0.0
arsenous	0.0
arses	2.5
arshin	0.0
arshins	0.0
arsine	1.2
arsines	0.0
arsino	0.0
arsis	1.3
arson	3.4
arsonist	2.6
arsonous	0.0
arsons	1.9
art	5.3
artal	0.0
artefact	2.7
artel	1.4
artels	0.0
arterial	3.2
arteries	3.5
artery	3.6
artful	2.9
artfully	2.7
article	5.1
articled	2.0
articles	4.7
artier	1.0
artiest	0.0
artifact	3.4
artifice	2.6
artily	0.0
artiness	0.0
artisan	3.3
artisans	3.2
artist	4.8
artiste	2.8
artistes	2.7
artistic	4.2
artistry	3.1
artists	4.7
artless	2.0
arts	4.7
artsier	0.0
artsiest	0.0
artsy	2.9
artwork	4.1
artworks	3.4
arty	3.0
arugola	0.0
arugolas	0.0
arugula	2.5
arugulas	0.0
arum	2.4
arums	0.0
aruspex	0.0
arval	1.1
arvo	2.4
arvos	0.0
aryl	2.4
aryls	0.0
arythmia	0.0
arythmic	0.0
asana	2.2
asanas	2.1
asarum	1.0
asarums	0.0
asbestic	0.0
asbestos	3.5
asbestus	0.0
ascarid	0.0
ascarids	0.0
ascaris	1.6
ascend	3.2
ascended	3.3
ascender	1.6
ascends	2.7
ascent	3.4
ascents	2.5
asceses	0.0
ascesis	0.0
ascetic	2.8
ascetics	2.2
asci	2.0
ascidia	1.1
ascidian	1.4
ascidium	0.0
ascites	2.1
ascitic	1.1
ascocarp	0.0
ascorbic	2.4
ascot	3.1
ascots	1.2
ascribe	2.8
ascribed	3.0
ascribes	2.2
ascus	1.5
asdic	1.3
asdics	0.0
asea	2.0
asepses	0.0
asepsis	1.1
aseptic	2.2
asexual	2.9
ash	4.2
ashamed	4.1
ashcan	1.6
ashcans	0.0
ashed	1.5
ashen	2.5
ashes	3.9
ashfall	1.4
ashfalls	0.0
ashier	0.0
ashiest	0.0
ashiness	0.0
ashing	1.5
ashlar	2.0
ashlared	0.0
ashlars	0.0
ashler	0.0
ashlered	0.0
ashlers	0.0
ashless	0.0
ashman	2.0
ashmen	0.0
ashore	3.5
ashplant	0.0
ashram	2.9
ashrams	1.7
ashtray	2.7
ashtrays	2.3
ashy	2.6
aside	4.6
asides	2.6
asinine	2.6
ask	5.3
askance	2.1
askant	0.0
asked	5.3
asker	2.1
askers	1.2
askeses	0.0
askesis	0.0
askew	2.7
asking	5.0
askings	0.0
askoi	0.0
askos	0.0
asks	4.4
aslant	1.4
asleep	4.4
aslope	0.0
asocial	2.0
asp	3.0
asparkle	0.0
aspect	4.4
aspects	4.5
aspen	3.4
aspens	1.9
asper	1.9
asperate	0.0
asperges	1.2
asperity	1.4
aspers	1.6
asperse	0.0
aspersed	0.0
asperser	0.0
asperses	0.0
aspersor	0.0
asphalt	3.5
asphalts	1.2
aspheric	1.6
asphodel	1.7
asphyxia	2.4
asphyxy	0.0
aspic	2.1
aspics	0.0
aspirant	2.6
aspirata	0.0
aspirate	2.1
aspire	3.5
aspired	2.8
aspirer	0.0
aspirers	0.0
aspires	2.8
aspirin	3.3
aspiring	3.6
aspirins	1.6
aspis	1.2
aspises	0.0
aspish	0.0
asps	1.9
asquint	0.0
asrama	1.2
asramas	0.0
ass	5.0
assagai	0.0
assagais	0.0
assai	1.6
assail	2.1
assailed	2.5
assailer	0.0
assails	1.8
assais	0.0
assassin	3.7
assault	4.4
assaults	3.5
assay	3.3
assayed	2.3
assayer	1.7
assayers	1.1
assaying	1.7
assays	3.0
assegai	1.3
assegais	0.0
assemble	3.6
assembly	4.6
assent	3.0
assented	2.1
assenter	0.0
assentor	0.0
assents	1.5
assert	3.6
asserted	3.6
asserter	0.0
assertor	0.0
asserts	3.4
asses	3.8
assess	4.1
assessed	3.9
assesses	2.9
assessor	2.9
asset	4.2
assets	4.6
asshole	4.3
assholes	3.7
assign	3.7
assignat	0.0
assigned	4.4
assignee	2.2
assigner	0.0
assignor	1.6
assigns	3.2
assist	4.4
assisted	4.1
assister	1.4
assistor	0.0
assists	4.0
assize	2.1
assizes	2.3
asslike	0.0
assoil	0.0
assoiled	0.0
assoils	0.0
assonant	0.0
assort	1.4
assorted	3.3
assorter	0.0
assorts	0.0
assuage	2.6
assuaged	2.1
assuages	1.4
assume	4.6
assumed	4.4
assumer	0.0
assumers	0.0
assumes	3.8
assuming	4.2
assure	4.1
assured	4.1
assureds	0.0
assurer	1.1
assurers	0.0
assures	3.2
assuring	3.1
assuror	0.0
assurors	0.0
asswage	0.0
asswaged	0.0
asswages	0.0
astasia	0.0
astasias	0.0
astatic	1.1
astatine	1.5
aster	2.8
asteria	1.5
asterias	1.4
asterisk	3.0
asterism	1.5
astern	2.5
asternal	0.0
asteroid	3.6
asters	1.9
asthenia	1.6
asthenic	1.0
astheny	0.0
asthma	3.7
asthmas	0.0
astigmia	0.0
astilbe	1.2
astilbes	0.0
astir	1.6
astomous	0.0
astonied	0.0
astonies	0.0
astonish	2.5
astony	0.0
astound	2.3
astounds	2.2
astragal	0.0
astral	3.1
astrally	1.1
astrals	0.0
astray	3.1
astrict	0.0
astricts	0.0
astride	2.6
astringe	0.0
astute	3.1
astutely	2.1
astylar	0.0
asunder	2.6
aswarm	0.0
aswirl	0.0
aswoon	0.0
asyla	0.0
asylum	4.0
asylums	2.5
asyndeta	0.0
atabal	0.0
atabals	0.0
atactic	1.0
ataghan	0.0
ataghans	0.0
atalaya	1.1
atalayas	0.0
ataman	1.7
atamans	0.0
atamasco	0.0
atap	1.3
ataps	0.0
ataraxia	1.6
ataraxic	0.0
ataraxy	0.0
atavic	0.0
atavism	1.5
atavisms	0.0
atavist	1.0
atavists	0.0
ataxia	2.5
ataxias	1.2
ataxic	1.5
ataxics	0.0
ataxies	0.0
ataxy	0.0
ate	4.3
atechnic	0.0
atelic	0.0
atelier	2.8
ateliers	2.0
atemoya	0.0
atemoyas	0.0
ates	1.9
athanasy	0.0
atheism	3.5
atheisms	0.0
atheist	3.6
atheists	3.3
atheling	1.2
atheneum	2.1
atheroma	1.6
athetoid	1.2
athirst	1.3
athlete	4.1
athletes	4.3
athletic	4.1
athodyd	0.0
athodyds	0.0
athwart	1.6
atilt	0.0
atingle	0.0
atlantes	1.0
atlas	3.8
atlases	2.4
atlatl	1.5
atlatls	0.0
atma	2.2
atman	2.2
atmans	0.0
atmas	0.0
atoll	2.9
atolls	2.3
atom	3.7
atomic	4.0
atomical	0.0
atomics	2.1
atomies	0.0
atomise	0.0
atomised	1.6
atomiser	1.5
atomises	0.0
atomism	1.8
atomisms	0.0
atomist	0.0
atomists	1.1
atomize	1.6
atomized	2.1
atomizer	2.4
atomizes	1.1
atoms	3.8
atomy	1.1
atonable	0.0
atonal	2.1
atonally	0.0
atone	2.9
atoned	2.2
atoner	0.0
atoners	0.0
atones	1.5
atonic	1.3
atonics	0.0
atonies	0.0
atoning	2.2
atony	1.1
atop	3.6
atopic	2.4
atopies	0.0
atopy	1.6
atrazine	2.0
atremble	0.0
atresia	2.0
atresias	0.0
atria	2.4
atrial	3.0
atrip	0.0
atrium	3.1
atriums	1.4
atrocity	3.0
atrophia	0.0
atrophic	1.9
atrophy	3.0
atropin	0.0
atropine	2.5
atropins	0.0
atropism	0.0
att	3.2
attaboy	1.8
attach	3.8
attache	2.5
attached	4.5
attacher	0.0
attaches	3.1
attack	5.1
attacked	4.5
attacker	3.6
attacks	4.7
attain	3.6
attained	3.6
attainer	0.0
attains	2.8
attaint	0.0
attaints	0.0
attar	2.2
attars	0.0
attemper	0.0
attempt	4.8
attempts	4.5
attend	4.5
attended	4.5
attendee	2.7
attender	1.5
attends	3.5
attent	1.4
attest	3.2
attested	3.2
attester	0.0
attestor	0.0
attests	2.5
attic	3.6
atticism	0.0
atticist	0.0
attics	2.4
attire	3.5
attired	2.4
attires	1.9
attiring	0.0
attitude	4.6
attorn	1.1
attorned	0.0
attorney	4.7
attorns	0.0
attract	4.2
attracts	3.6
attrite	0.0
attrited	0.0
attune	2.0
attuned	2.9
attunes	1.1
attuning	1.4
atwain	0.0
atween	0.0
atwitter	1.2
atypic	0.0
atypical	3.1
aubade	1.4
aubades	0.0
auberge	2.2
auberges	0.0
aubretia	0.0
aubrieta	0.0
auburn	3.7
auburns	1.1
auction	4.3
auctions	3.5
aucuba	0.0
aucubas	0.0
audacity	3.3
audad	0.0
audads	0.0
audial	1.0
audible	3.5
audibles	1.7
audibly	2.6
audience	4.7
audient	0.0
audients	0.0
audile	0.0
audiles	0.0
auding	0.0
audings	0.0
audio	4.5
audios	2.5
audit	4.0
audited	3.1
auditing	3.3
audition	3.8
auditive	1.1
auditor	3.5
auditors	3.2
auditory	3.2
audits	3.3
augend	0.0
augends	0.0
auger	2.8
augers	1.8
aught	2.4
aughts	1.9
augite	1.4
augites	0.0
augitic	0.0
augment	3.2
augments	2.5
augur	2.5
augural	0.0
augured	1.5
augurer	0.0
augurers	0.0
auguries	1.5
auguring	1.1
augurs	2.1
augury	1.9
august	5.1
auguster	0.0
augustly	0.0
auk	2.3
auklet	0.0
auklets	1.1
auks	1.7
auld	2.9
aulder	0.0
auldest	0.0
aulic	1.1
aunt	4.2
aunthood	0.0
auntie	3.3
aunties	2.5
auntlier	0.0
auntlike	0.0
auntly	0.0
aunts	3.2
aunty	3.2
aura	3.5
aurae	0.0
aural	2.8
aurally	1.7
aurar	0.0
auras	2.4
aurate	0.0
aurated	0.0
aureate	1.1
aurei	0.0
aureola	1.1
aureolae	0.0
aureolas	0.0
aureole	1.7
aureoled	0.0
aureoles	0.0
aures	1.3
aureus	2.8
auric	2.1
auricle	1.7
auricled	0.0
auricles	1.3
auricula	1.4
auriform	0.0
auris	1.8
aurist	0.0
aurists	0.0
aurochs	1.8
aurora	3.7
aurorae	1.6
auroral	2.1
auroras	2.3
aurorean	0.0
aurous	0.0
aurum	2.2
aurums	0.0
ausform	0.0
ausforms	0.0
auspex	1.2
auspice	1.4
auspices	3.2
austere	3.0
austerer	0.0
austral	2.5
australs	0.0
ausubo	0.0
ausubos	0.0
autacoid	0.0
autarchy	1.2
autarkic	1.4
autarky	1.8
autecism	0.0
auteur	2.5
auteurs	2.0
author	5.0
authored	3.5
authors	4.5
autism	4.0
autisms	0.0
autistic	3.4
auto	4.5
autobahn	2.5
autobus	1.6
autocade	0.0
autocoid	0.0
autocrat	2.5
autodyne	0.0
autoed	0.0
autogamy	1.1
autogeny	0.0
autogiro	1.4
autogyro	1.2
autoing	0.0
autolyse	0.0
autolyze	0.0
automan	1.1
automata	2.9
automate	3.1
automen	0.0
autonomy	3.9
autopsic	0.0
autopsy	3.6
autos	3.1
autosome	1.2
autotomy	1.2
autotype	0.0
autotypy	0.0
autumn	4.3
autumnal	2.8
autumns	1.9
autunite	0.0
auxeses	0.0
auxesis	0.0
auxetic	0.0
auxetics	0.0
auxin	2.2
auxinic	0.0
auxins	1.3
ava	3.5
avadavat	0.0
avail	3.6
availed	2.5
availing	2.4
avails	1.9
avant	3.4
avarice	2.5
avarices	0.0
avast	2.5
avatar	3.7
avatars	3.0
avaunt	1.2
ave	4.0
avellan	0.0
avellane	0.0
avenge	3.2
avenged	3.0
avenger	3.1
avengers	3.8
avenges	1.8
avenging	2.8
avens	1.3
avenses	0.0
aventail	0.0
avenue	4.4
avenues	3.5
aver	2.2
average	5.2
averaged	3.9
averages	3.6
averment	0.0
averred	1.8
averring	0.0
avers	1.9
averse	3.1
aversely	0.0
aversion	3.2
aversive	2.2
avert	3.1
averted	3.1
averting	2.5
averts	1.9
aves	2.4
avgas	1.5
avgases	0.0
avgasses	0.0
avian	3.1
avianize	0.0
avians	1.5
aviaries	1.8
aviarist	0.0
aviary	2.5
aviate	1.4
aviated	0.0
aviates	0.0
aviating	0.0
aviation	4.2
aviator	3.0
aviators	2.7
aviatrix	1.4
avicular	0.0
avid	3.5
avidin	1.6
avidins	0.0
avidity	1.8
avidly	2.5
avidness	0.0
avifauna	1.7
avigator	0.0
avion	1.9
avionic	1.5
avionics	2.8
avions	1.2
aviso	1.5
avisos	0.0
avo	2.4
avocado	3.5
avocados	2.9
avocet	1.8
avocets	1.4
avodire	0.0
avodires	0.0
avoid	4.9
avoided	4.1
avoider	1.5
avoiders	1.6
avoiding	4.1
avoids	3.5
avos	1.6
avoset	0.0
avosets	0.0
avouch	1.2
avouched	0.0
avoucher	0.0
avouches	0.0
avow	1.7
avowable	0.0
avowably	0.0
avowal	1.6
avowals	1.2
avowed	2.7
avowedly	2.0
avower	0.0
avowers	0.0
avowing	1.1
avows	1.2
avulse	0.0
avulsed	1.2
avulses	0.0
avulsing	0.0
avulsion	1.9
awa	2.9
await	3.6
awaited	3.6
awaiter	0.0
awaiters	0.0
awaiting	3.8
awaits	3.5
awake	4.1
awaked	1.5
awaken	3.4
awakened	3.3
awakener	1.3
awakens	3.2
awakes	2.4
awaking	2.0
award	4.9
awarded	4.3
awardee	2.2
awardees	2.2
awarder	0.0
awarders	0.0
awarding	3.4
awards	4.7
aware	4.8
awash	2.8
away	5.6
awayness	0.0
awe	3.8
aweary	1.1
aweather	0.0
awed	2.6
awee	0.0
aweigh	1.7
aweing	0.0
aweless	0.0
awes	1.7
awesome	4.9
awful	4.5
awfuller	0.0
awfully	3.4
awhile	3.9
awhirl	0.0
awing	1.4
awkward	4.3
awl	2.4
awless	0.0
awls	1.6
awlwort	0.0
awlworts	0.0
awmous	0.0
awn	2.2
awned	0.0
awning	2.7
awninged	0.0
awnings	2.4
awnless	0.0
awns	1.4
awny	0.0
awoke	3.1
awoken	2.7
awol	2.7
awols	0.0
awry	2.9
axal	0.0
axe	3.8
axed	2.8
axel	3.3
axels	1.7
axeman	1.9
axemen	1.6
axenic	1.1
axes	3.4
axial	3.1
axiality	0.0
axially	2.3
axil	1.5
axile	0.0
axilla	1.7
axillae	0.0
axillar	0.0
axillars	0.0
axillary	2.4
axillas	0.0
axils	2.1
axing	2.2
axiology	1.5
axiom	3.0
axioms	2.9
axion	1.9
axions	1.4
axis	4.0
axised	0.0
axises	0.0
axite	0.0
axites	0.0
axle	3.5
axled	0.0
axles	3.0
axletree	0.0
axlike	0.0
axman	1.2
axmen	0.0
axolotl	2.0
axolotls	1.6
axon	2.7
axonal	2.3
axone	0.0
axonemal	0.0
axoneme	1.1
axonemes	0.0
axones	0.0
axonic	0.0
axons	2.6
axoplasm	0.0
axseed	0.0
axseeds	0.0
ayah	2.3
ayahs	1.2
aye	3.9
ayes	2.2
ayin	1.6
ayins	0.0
ays	1.8
ayurveda	2.6
azalea	3.0
azaleas	2.4
azan	2.0
azans	0.0
azide	2.1
azides	1.4
azido	1.2
azimuth	2.5
azimuths	1.1
azine	0.0
azines	0.0
azlon	0.0
azlons	0.0
azo	2.2
azoic	1.1
azole	1.4
azoles	1.1
azon	1.4
azonal	0.0
azonic	0.0
azons	0.0
azote	1.2
azoted	0.0
azotemia	1.1
azotemic	0.0
azotes	0.0
azoth	1.3
azoths	0.0
azotic	0.0
azotise	0.0
azotised	0.0
azotises	0.0
azotize	0.0
azotized	0.0
azotizes	0.0
azoturia	0.0
azure	3.4
azures	0.0
azurite	1.9
azurites	0.0
azygos	1.2
azygoses	0.0
azygous	0.0
baa	2.9
baaed	0.0
baaing	1.1
baal	2.9
baalim	1.1
baalism	0.0
baalisms	0.0
baals	1.2
baas	2.2
baases	0.0
baaskaap	0.0
baba	3.6
babas	1.7
babassu	1.1
babassus	0.0
babbitt	2.6
babbitts	0.0
babble	2.8
babbled	1.9
babbler	1.7
babblers	1.4
babbles	1.9
babbling	2.9
babe	4.1
babel	2.9
babels	0.0
babes	3.4
babesia	1.6
babesias	0.0
babiche	0.0
babiches	0.0
babied	2.0
babies	4.5
babirusa	1.0
babka	1.7
babkas	0.0
baboo	1.7
babool	0.0
babools	0.0
baboon	2.7
baboons	2.7
baboos	0.0
babu	3.0
babul	1.6
babuls	0.0
babus	1.5
babushka	1.9
baby	5.3
babyhood	1.6
babying	1.9
babyish	1.8
bacalao	1.2
bacalaos	0.0
bacca	2.0
baccae	0.0
baccara	1.1
baccaras	0.0
baccarat	2.5
baccate	0.0
baccated	0.0
bacchant	0.0
bacchic	1.4
bacchii	0.0
bacchius	0.0
bach	3.5
bached	0.0
bachelor	4.0
baches	0.0
baching	0.0
bacillar	0.0
bacilli	2.0
bacillus	2.7
back	6.0
backache	2.2
backbeat	2.0
backbend	1.4
backbit	0.0
backbite	1.3
backbone	3.5
backcast	0.0
backchat	1.5
backdate	1.6
backdoor	3.0
backdrop	3.6
backed	4.3
backer	3.0
backers	3.2
backfill	2.2
backfire	3.1
backfit	0.0
backfits	0.0
backflow	2.0
backhand	2.9
backhaul	2.1
backhoe	2.4
backhoes	1.7
backing	4.2
backings	1.7
backland	1.0
backlash	3.7
backless	2.4
backlist	1.7
backlit	2.5
backlog	3.2
backlogs	2.2
backmost	0.0
backout	1.2
backouts	0.0
backpack	3.8
backrest	1.9
backroom	2.8
backrush	0.0
backs	4.1
backsaw	0.0
backsaws	0.0
backseat	3.2
backset	0.0
backsets	0.0
backside	3.2
backslap	0.0
backslid	1.3
backspin	1.9
backstab	2.0
backstay	1.4
backstop	2.6
backup	4.2
backups	3.1
backward	3.7
backwash	2.1
backwood	1.3
backwrap	0.0
backyard	3.9
bacon	4.2
bacons	1.6
bacteria	4.2
bacterin	0.0
bacula	1.1
baculine	0.0
baculum	1.3
baculums	0.0
bad	5.5
badass	3.7
badassed	0.0
badasses	2.1
badder	2.2
baddest	2.7
baddie	2.5
baddies	2.7
baddy	1.7
bade	2.7
badge	4.0
badged	2.2
badger	3.5
badgered	2.1
badgerly	0.0
badgers	3.2
badges	3.5
badging	1.9
badinage	1.6
badland	1.5
badlands	2.8
badly	4.4
badman	2.1
badmen	0.0
badmouth	2.1
badness	2.5
bads	2.0
baff	1.7
baffed	0.0
baffies	0.0
baffing	0.0
baffle	2.7
baffled	3.4
baffler	1.4
bafflers	0.0
baffles	2.9
baffling	3.1
baffs	0.0
baffy	0.0
bag	4.8
bagass	0.0
bagasse	1.8
bagasses	0.0
bagel	3.2
bagels	3.0
bagful	1.7
bagfuls	0.0
baggage	3.7
baggages	1.2
bagged	3.2
bagger	2.5
baggers	2.0
baggie	2.3
baggier	1.3
baggies	2.5
baggiest	0.0
baggily	0.0
bagging	3.0
baggings	0.0
baggy	3.2
baghouse	1.3
bagman	2.1
bagmen	1.3
bagnio	0.0
bagnios	0.0
bagpipe	2.4
bagpiper	1.7
bagpipes	2.7
bags	4.4
bagsful	0.0
baguet	0.0
baguets	0.0
baguette	2.8
bagwig	0.0
bagwigs	0.0
bagworm	1.1
bagworms	0.0
bah	3.1
bahadur	2.7
bahadurs	0.0
baht	2.9
bahts	1.2
baidarka	0.0
bail	4.0
bailable	1.9
bailed	3.3
bailee	2.1
bailees	0.0
bailer	1.6
bailers	1.0
bailey	4.1
baileys	2.5
bailie	2.2
bailies	1.4
bailiff	3.0
bailiffs	2.7
bailing	3.0
bailment	1.4
bailor	1.4
bailors	0.0
bailout	3.2
bailouts	2.6
bails	2.6
bailsman	0.0
bailsmen	0.0
bairn	2.0
bairnish	0.0
bairnly	0.0
bairns	2.1
bait	3.9
baited	2.8
baiter	1.9
baiters	1.8
baith	1.3
baiting	3.0
baits	2.6
baiza	0.0
baizas	0.0
baize	1.8
baizes	0.0
bake	3.9
baked	3.9
bakemeat	0.0
baker	4.2
bakeries	2.9
bakers	3.2
bakery	3.7
bakes	2.7
bakeshop	1.5
baking	3.9
bakings	0.0
baklava	2.4
baklavas	0.0
baklawa	0.0
baklawas	0.0
bakshish	0.0
bal	3.1
balance	4.8
balanced	4.2
balancer	2.3
balances	3.6
balas	1.7
balases	0.0
balata	1.6
balatas	0.0
balboa	3.0
balboas	0.0
balcony	3.8
bald	3.8
balded	0.0
balder	2.2
baldest	1.0
baldhead	1.5
baldies	1.4
balding	2.9
baldish	0.0
baldly	1.9
baldness	2.7
baldpate	1.1
baldric	1.5
baldrick	2.0
baldrics	0.0
balds	1.3
baldy	2.6
bale	3.6
baled	1.8
baleen	2.1
baleens	0.0
balefire	0.0
baleful	2.1
baler	2.3
balers	1.7
bales	3.0
baling	2.2
balisaur	0.0
balk	2.7
balked	2.5
balker	0.0
balkers	0.0
balkier	0.0
balkiest	0.0
balkily	0.0
balking	1.9
balkline	0.0
balks	2.1
balky	1.6
ball	5.0
ballad	3.4
ballade	1.9
ballades	1.4
balladic	0.0
balladry	1.7
ballads	3.2
ballast	3.2
ballasts	2.0
balled	2.7
baller	2.9
ballers	2.4
ballet	4.0
balletic	1.7
ballets	2.6
ballgame	2.7
ballhawk	1.0
ballies	0.0
balling	2.8
ballista	2.0
ballon	2.9
ballonet	0.0
ballonne	0.0
ballons	1.7
balloon	3.9
balloons	3.7
ballot	4.1
balloted	1.8
balloter	0.0
ballots	3.6
ballpark	3.3
ballroom	3.5
balls	4.5
ballsier	0.0
ballsy	2.5
ballute	0.0
ballutes	0.0
bally	2.7
ballyhoo	1.9
ballyrag	0.0
balm	3.2
balmier	0.0
balmiest	0.0
balmily	0.0
balmlike	0.0
balmoral	2.6
balms	2.2
balmy	2.7
balneal	0.0
baloney	2.5
baloneys	0.0
bals	1.5
balsa	2.5
balsam	2.6
balsamed	0.0
balsamic	2.7
balsams	1.4
balsas	1.3
baluster	1.6
bam	3.6
bambini	1.8
bambino	2.5
bambinos	1.4
bamboo	3.6
bamboos	2.2
bammed	0.0
bamming	0.0
bams	1.9
ban	4.5
banal	2.9
banality	2.4
banalize	0.0
banally	0.0
banana	4.0
bananas	3.7
banausic	0.0
banco	3.0
bancos	1.2
band	4.9
bandage	3.2
bandaged	2.7
bandager	0.0
bandages	3.1
bandana	2.8
bandanas	2.2
bandanna	2.3
bandbox	1.6
bandeau	2.0
bandeaus	0.0
bandeaux	0.0
banded	3.1
bander	1.6
banderol	0.0
banders	1.3
bandied	2.3
bandies	0.0
banding	2.9
bandit	3.4
banditry	2.2
bandits	3.4
banditti	1.3
bandog	0.0
bandogs	0.0
bandora	1.2
bandoras	0.0
bandore	0.0
bandores	0.0
bands	4.4
bandsman	1.3
bandsmen	1.5
bandy	2.5
bandying	1.6
bane	3.3
baned	0.0
baneful	1.5
banes	2.1
bang	4.3
banged	3.4
banger	3.0
bangers	2.9
banging	3.7
bangkok	3.8
bangkoks	0.0
bangle	2.5
bangles	2.8
bangs	3.5
bangtail	0.0
bani	2.6
banian	1.0
banians	0.0
baning	0.0
banish	3.1
banished	3.4
banisher	0.0
banishes	2.1
banister	2.5
banjax	0.0
banjaxed	0.0
banjaxes	0.0
banjo	3.3
banjoes	0.0
banjoist	1.1
banjos	2.2
bank	5.2
bankable	2.1
bankbook	1.1
bankcard	1.6
banked	3.0
banker	3.8
bankerly	0.0
bankers	3.8
banking	4.3
bankings	0.0
banknote	2.5
bankroll	2.9
bankrupt	3.7
banks	4.7
banksia	2.0
banksias	0.0
bankside	2.0
banned	4.4
banner	4.1
bannered	1.3
banneret	1.3
bannerol	0.0
banners	3.6
bannet	0.0
bannets	0.0
banning	3.8
bannock	2.2
bannocks	1.3
banns	2.0
banquet	3.6
banquets	2.7
bans	3.7
banshee	2.8
banshees	2.5
banshie	0.0
banshies	0.0
bantam	2.8
bantams	2.1
banteng	1.1
bantengs	0.0
banter	3.5
bantered	1.8
banterer	0.0
banters	1.5
banties	0.0
bantling	0.0
banty	1.3
banyan	2.6
banyans	0.0
banzai	2.3
banzais	0.0
baobab	2.2
baobabs	1.6
bap	2.8
baps	2.2
baptise	1.9
baptised	2.8
baptises	0.0
baptisia	1.2
baptism	3.5
baptisms	2.6
baptist	3.9
baptists	3.0
baptize	2.7
baptized	3.5
baptizer	1.3
baptizes	1.6
bar	4.9
barathea	0.0
barb	3.3
barbal	0.0
barbaric	3.3
barbasco	0.0
barbate	0.0
barbe	2.1
barbecue	3.6
barbed	3.3
barbel	2.0
barbell	2.6
barbells	2.0
barbels	1.7
barbeque	2.7
barber	3.8
barbered	0.0
barberry	1.9
barbers	2.8
barbes	1.3
barbet	1.7
barbets	0.0
barbette	1.6
barbican	2.6
barbicel	0.0
barbing	0.0
barbital	1.0
barbless	1.2
barbs	2.8
barbule	0.0
barbules	1.0
barbut	0.0
barbuts	0.0
barbwire	1.6
barchan	1.1
barchans	0.0
bard	3.3
barde	1.4
barded	0.0
bardes	0.0
bardic	2.0
barding	1.2
bards	2.7
bare	4.2
bareback	2.8
bareboat	1.8
bared	2.6
barefit	0.0
barefoot	3.4
barege	0.0
bareges	0.0
barehead	0.0
barely	4.5
bareness	1.3
barer	1.6
bares	2.5
baresark	0.0
barest	2.3
barf	2.7
barfed	1.9
barfing	1.9
barflies	1.3
barfly	1.9
barfs	1.6
bargain	4.0
bargains	3.3
barge	3.5
barged	2.5
bargee	1.1
bargees	0.0
bargello	1.6
bargeman	1.2
bargemen	0.0
barges	3.1
barghest	1.1
barging	2.4
barguest	0.0
barhop	0.0
barhops	0.0
baric	1.3
barilla	2.0
barillas	1.2
baring	3.0
barite	2.2
barites	0.0
baritone	3.0
barium	2.7
bariums	0.0
bark	3.9
barked	2.8
barkeep	2.0
barkeeps	0.0
barker	3.6
barkers	2.0
barkier	0.0
barkiest	0.0
barking	3.5
barkless	0.0
barks	3.0
barky	1.6
barleduc	0.0
barless	0.0
barley	3.5
barleys	1.0
barlow	3.4
barlows	1.3
barm	1.6
barmaid	2.5
barmaids	1.8
barman	2.8
barmen	1.9
barmie	0.0
barmier	0.0
barmiest	0.0
barms	0.0
barmy	2.3
barn	4.0
barnacle	2.5
barnier	2.1
barniest	0.0
barnlike	0.0
barns	3.1
barny	1.7
barnyard	2.6
barogram	0.0
baron	3.9
baronage	1.4
baroness	3.4
baronet	2.8
baronets	1.7
barong	1.7
barongs	0.0
baronial	2.2
baronies	1.8
baronne	1.5
baronnes	0.0
barons	3.2
barony	2.5
baroque	3.3
baroques	0.0
barouche	1.3
barque	2.1
barques	1.3
barrable	0.0
barrack	2.8
barracks	3.7
barrage	3.4
barraged	1.8
barrages	2.3
barranca	1.7
barranco	1.7
barrater	0.0
barrator	0.0
barratry	1.2
barre	3.1
barred	3.7
barrel	4.2
barreled	2.6
barrels	3.8
barren	3.4
barrener	0.0
barrenly	0.0
barrens	2.4
barres	1.8
barret	2.5
barretor	0.0
barretry	0.0
barrets	0.0
barrette	2.1
barrier	4.2
barriers	4.0
barring	3.4
barrio	2.9
barrios	2.6
barroom	2.2
barrooms	1.1
barrow	3.4
barrows	2.8
bars	4.5
barstool	2.4
bartend	1.7
bartends	0.0
barter	3.0
bartered	2.3
barterer	0.0
barters	1.4
bartisan	0.0
bartizan	0.0
barware	1.6
barwares	0.0
barye	1.2
baryes	0.0
baryon	2.0
baryonic	1.6
baryons	1.9
baryta	0.0
barytas	0.0
baryte	1.3
barytes	1.1
barytic	0.0
barytone	1.0
bas	3.2
basal	3.4
basally	1.8
basalt	3.0
basaltes	0.0
basaltic	2.5
basalts	2.2
bascule	1.8
bascules	0.0
base	5.0
baseball	4.5
baseborn	0.0
based	5.5
baseless	3.1
baseline	3.7
basely	1.4
baseman	3.2
basemen	2.1
basement	4.2
baseness	1.7
basenji	1.6
basenjis	0.0
baser	2.1
bases	4.2
basest	2.0
bash	3.8
bashaw	1.5
bashaws	0.0
bashed	3.1
basher	2.4
bashers	2.1
bashes	2.5
bashful	2.5
bashing	3.5
bashlyk	0.0
bashlyks	0.0
basic	4.9
basicity	1.6
basics	3.8
basidia	1.6
basidial	0.0
basidium	0.0
basified	0.0
basifier	0.0
basifies	0.0
basify	0.0
basil	3.6
basilar	2.0
basilary	0.0
basilic	1.1
basilica	3.1
basilisk	2.4
basils	1.2
basin	4.1
basinal	0.0
basined	0.0
basinet	0.0
basinets	0.0
basinful	0.0
basing	3.2
basins	3.3
basion	0.0
basions	0.0
basis	4.8
bask	2.9
basked	2.1
basket	4.1
basketry	2.0
baskets	3.5
basking	2.9
basks	1.9
basmati	2.2
basmatis	0.0
basophil	1.5
basque	3.2
basques	2.3
bass	4.3
basses	2.7
basset	2.6
basseted	0.0
bassets	1.5
bassett	3.1
bassetts	1.1
bassi	2.0
bassinet	2.3
bassist	3.2
bassists	2.1
bassly	0.0
bassness	0.0
basso	2.4
bassoon	2.5
bassoons	1.9
bassos	0.0
basswood	2.0
bassy	1.9
bast	2.6
bastard	3.9
bastards	3.6
bastardy	1.6
baste	2.4
basted	2.0
baster	2.0
basters	1.2
bastes	0.0
bastile	0.0
bastiles	0.0
bastille	3.0
basting	2.2
bastings	0.0
bastion	3.3
bastions	2.6
basts	1.0
bat	4.3
batboy	1.6
batboys	0.0
batch	3.9
batched	1.6
batcher	1.1
batchers	0.0
batches	3.2
batching	2.0
bate	2.8
bateau	2.0
bateaux	1.5
bated	2.3
bates	3.6
batfish	1.2
batfowl	0.0
batfowls	0.0
bath	4.4
bathe	3.2
bathed	3.1
bather	2.0
bathers	2.4
bathes	2.4
bathetic	1.1
bathing	3.7
bathless	0.0
bathmat	1.6
bathmats	0.0
bathos	1.7
bathoses	0.0
bathrobe	2.7
bathroom	4.5
baths	3.7
bathtub	3.5
bathtubs	2.3
bathyal	1.5
batik	2.5
batiks	1.3
bating	1.8
batiste	2.1
batistes	0.0
batlike	0.0
batman	4.2
batmen	1.7
baton	3.6
batons	2.6
bats	3.8
batsman	3.4
batsmen	3.0
batt	2.6
battalia	0.0
batteau	0.0
batteaux	0.0
batted	3.2
batten	2.7
battened	1.9
battener	0.0
battens	2.0
batter	3.6
battered	3.4
batterie	1.4
batters	3.1
battery	4.5
battier	2.0
battiest	0.0
battik	0.0
battiks	0.0
batting	3.8
battings	0.0
battle	4.9
battled	3.3
battler	2.2
battlers	2.0
battles	4.2
battling	3.7
batts	2.3
battu	0.0
battue	0.0
battues	0.0
batty	2.8
batwing	2.1
baubee	0.0
baubees	0.0
bauble	2.3
baubles	2.4
baud	2.3
baudekin	0.0
baudrons	0.0
bauds	0.0
bauhinia	1.6
baulk	2.1
baulked	1.7
baulkier	0.0
baulking	1.1
baulks	1.4
baulky	0.0
bausond	0.0
bauxite	2.7
bauxites	0.0
bauxitic	0.0
bawbee	0.0
bawbees	0.0
bawcock	0.0
bawcocks	0.0
bawd	1.6
bawdier	0.0
bawdies	0.0
bawdiest	0.0
bawdily	0.0
bawdric	0.0
bawdrics	0.0
bawdries	0.0
bawdry	0.0
bawds	1.1
bawdy	2.6
bawl	2.3
bawled	2.3
bawler	0.0
bawlers	0.0
bawling	2.8
bawls	1.6
bawsunt	0.0
bawtie	0.0
bawties	0.0
bawty	0.0
bay	4.7
bayadeer	0.0
bayadere	1.2
bayamo	1.2
bayamos	0.0
bayard	2.8
bayards	0.0
bayberry	1.7
bayed	1.6
baying	2.3
bayman	1.2
baymen	1.0
bayonet	3.1
bayonets	2.8
bayou	3.1
bayous	2.0
bays	3.3
baywood	1.4
baywoods	0.0
bazaar	3.4
bazaars	2.4
bazar	2.6
bazars	0.0
bazoo	1.0
bazooka	2.6
bazookas	1.9
bazooms	0.0
bazoos	0.0
bdellium	1.1
beach	4.9
beachboy	0.0
beached	2.6
beaches	4.0
beachier	0.0
beaching	1.9
beachy	2.5
beacon	3.7
beaconed	0.0
beacons	3.1
bead	3.4
beaded	3.1
beadier	0.0
beadiest	0.0
beadily	0.0
beading	2.5
beadings	0.0
beadle	2.5
beadles	1.8
beadlike	0.0
beadman	0.0
beadmen	0.0
beadroll	0.0
beads	3.7
beadsman	0.0
beadsmen	0.0
beadwork	2.1
beady	2.5
beagle	3.1
beagles	2.4
beak	3.3
beaked	2.3
beaker	2.8
beakers	2.2
beakier	0.0
beakiest	0.0
beakless	0.0
beaklike	0.0
beaks	2.7
beaky	1.8
beam	4.1
beamed	3.0
beamier	0.0
beamiest	0.0
beamily	0.0
beaming	3.0
beamish	2.2
beamless	0.0
beamlike	0.0
beams	3.8
beamy	1.2
bean	4.0
beanbag	2.4
beanbags	1.9
beanball	0.0
beaned	1.6
beanery	1.4
beanie	3.0
beanies	2.3
beaning	1.2
beanlike	0.0
beano	2.3
beanos	0.0
beanpole	1.9
beans	4.1
bear	4.7
bearable	2.9
bearably	0.0
bearcat	2.2
bearcats	2.5
beard	4.1
bearded	3.3
bearding	1.4
beards	3.3
bearer	3.4
bearers	3.1
bearhug	1.2
bearhugs	0.0
bearing	4.2
bearings	3.5
bearish	2.8
bearlike	0.0
bears	4.3
bearskin	2.1
bearwood	1.2
beast	4.3
beastie	2.8
beasties	2.2
beastly	2.8
beasts	3.7
beat	5.0
beatable	2.1
beaten	4.2
beater	3.1
beaters	2.8
beatific	2.0
beatify	1.1
beating	4.4
beatings	3.0
beatless	1.1
beatnik	2.2
beatniks	1.9
beats	4.2
beau	3.6
beaucoup	2.2
beauish	0.0
beaus	1.7
beaut	2.6
beauties	3.4
beautify	2.5
beauts	1.8
beauty	4.8
beaux	2.7
beaver	3.6
beavered	0.0
beavers	3.1
bebeeru	0.0
bebeerus	0.0
beblood	0.0
bebloods	0.0
bebop	2.8
bebopper	0.0
bebops	0.0
becalm	0.0
becalmed	2.0
becalms	0.0
became	5.2
becap	0.0
becapped	0.0
becaps	0.0
becarpet	0.0
because	6.0
bechalk	0.0
bechalks	0.0
bechamel	1.9
bechance	0.0
becharm	0.0
becharms	0.0
beck	3.7
becked	0.0
becket	2.8
beckets	0.0
becking	1.1
beckon	2.4
beckoned	2.5
beckoner	0.0
beckons	2.7
becks	2.5
beclamor	0.0
beclasp	0.0
beclasps	0.0
becloak	0.0
becloaks	0.0
beclog	0.0
beclogs	0.0
beclothe	0.0
becloud	1.1
beclouds	0.0
beclown	0.0
beclowns	0.0
become	5.4
becomes	4.8
becoming	4.8
becoward	0.0
becrawl	0.0
becrawls	0.0
becrime	0.0
becrimed	0.0
becrimes	0.0
becrowd	0.0
becrowds	0.0
becrust	0.0
becrusts	0.0
becudgel	0.0
becurse	0.0
becursed	0.0
becurses	0.0
becurst	0.0
bed	5.1
bedabble	0.0
bedamn	0.0
bedamned	0.0
bedamns	0.0
bedarken	0.0
bedaub	0.0
bedaubed	0.0
bedaubs	0.0
bedazzle	1.6
bedbug	2.2
bedbugs	2.6
bedchair	0.0
bedcover	1.2
beddable	0.0
bedded	2.6
bedder	1.4
bedders	0.0
bedding	3.4
beddings	1.4
bedeafen	0.0
bedeck	1.3
bedecked	2.2
bedecks	0.0
bedel	1.6
bedell	2.2
bedells	0.0
bedels	0.0
bedeman	0.0
bedemen	0.0
bedesman	0.0
bedesmen	0.0
bedevil	1.8
bedevils	1.3
bedew	0.0
bedewed	0.0
bedewing	0.0
bedews	0.0
bedfast	0.0
bedframe	1.4
bedgown	0.0
bedgowns	0.0
bediaper	0.0
bedight	0.0
bedights	0.0
bedim	0.0
bedimmed	0.0
bedimple	0.0
bedims	0.0
bedirty	0.0
bedizen	0.0
bedizens	0.0
bedlam	2.7
bedlamp	0.0
bedlamps	0.0
bedlams	0.0
bedless	0.0
bedlike	0.0
bedmaker	0.0
bedmate	1.3
bedmates	0.0
bedotted	0.0
bedouin	2.8
bedouins	2.4
bedpan	1.8
bedpans	1.5
bedplate	0.0
bedpost	1.9
bedposts	1.4
bedquilt	0.0
bedrail	0.0
bedrails	0.0
bedrape	0.0
bedraped	0.0
bedrapes	0.0
bedrench	0.0
bedrid	0.0
bedrivel	0.0
bedrock	3.3
bedrocks	1.4
bedroll	1.8
bedrolls	1.2
bedroom	4.5
bedrooms	3.7
bedrug	0.0
bedrugs	0.0
beds	4.2
bedsheet	2.1
bedside	3.4
bedsides	1.5
bedsit	1.9
bedsits	1.4
bedsonia	0.0
bedsore	1.1
bedsores	1.8
bedstand	0.0
bedstead	1.8
bedstraw	1.2
bedtick	0.0
bedticks	0.0
bedtime	3.6
bedtimes	1.9
bedu	1.5
beduin	1.2
beduins	0.0
bedumb	0.0
bedumbed	0.0
bedumbs	0.0
bedunce	0.0
bedunced	0.0
bedunces	0.0
bedward	0.0
bedwards	0.0
bedwarf	0.0
bedwarfs	0.0
bee	4.1
beebee	1.6
beebees	0.0
beebread	0.0
beech	3.3
beechen	1.4
beeches	2.2
beechier	0.0
beechnut	1.4
beechy	1.2
beef	4.3
beefalo	1.0
beefalos	0.0
beefcake	2.3
beefed	2.5
beefier	1.7
beefiest	0.0
beefily	0.0
beefing	2.6
beefless	0.0
beefs	2.4
beefwood	0.0
beefy	2.7
beehive	2.9
beehives	2.2
beelike	0.0
beeline	2.5
beelined	0.0
beelines	0.0
been	6.3
beep	3.5
beeped	2.2
beeper	2.1
beepers	1.6
beeping	2.7
beeps	2.7
beer	4.7
beerier	0.0
beeriest	0.0
beers	3.9
beery	2.1
bees	4.0
beeswax	2.7
beeswing	0.0
beet	3.0
beetle	3.5
beetled	0.0
beetler	0.0
beetlers	0.0
beetles	3.3
beetling	1.2
beetroot	2.8
beets	3.1
beeves	1.5
beeyard	0.0
beeyards	0.0
beezer	1.6
beezers	0.0
befall	2.7
befallen	2.4
befalls	2.2
befell	2.5
befinger	0.0
befit	2.1
befits	2.4
befitted	1.6
beflag	0.0
beflags	0.0
beflea	0.0
befleaed	0.0
befleas	0.0
befleck	0.0
beflecks	0.0
beflower	0.0
befog	0.0
befogged	0.0
befogs	0.0
befool	0.0
befooled	0.0
befools	0.0
before	5.9
befoul	1.3
befouled	1.4
befouler	0.0
befouls	0.0
befret	0.0
befrets	0.0
befriend	2.9
befringe	0.0
befuddle	1.5
beg	4.0
begall	0.0
begalled	0.0
begalls	0.0
began	5.1
begat	2.4
begaze	0.0
begazed	0.0
begazes	0.0
begazing	0.0
beget	2.4
begets	2.6
begetter	1.3
beggar	3.2
beggared	1.5
beggarly	1.6
beggars	3.2
beggary	1.5
begged	3.6
begging	3.9
begin	4.8
beginner	3.5
begins	4.6
begird	0.0
begirded	0.0
begirdle	0.0
begirds	0.0
begirt	0.0
beglad	0.0
beglads	0.0
beglamor	0.0
begloom	0.0
beglooms	0.0
begone	2.5
begonia	2.1
begonias	2.0
begorah	0.0
begorra	0.0
begorrah	0.0
begot	2.0
begotten	2.7
begrim	0.0
begrime	0.0
begrimed	1.1
begrimes	0.0
begrims	0.0
begroan	0.0
begroans	0.0
begrudge	2.6
begs	3.4
beguile	2.0
beguiled	2.2
beguiler	0.0
beguiles	1.4
beguine	1.6
beguines	1.3
begulf	0.0
begulfed	0.0
begulfs	0.0
begum	2.6
begums	1.2
begun	4.4
behalf	4.4
behalves	1.0
behave	4.0
behaved	3.6
behaver	0.0
behavers	0.0
behaves	3.2
behaving	3.5
behavior	4.7
behead	2.7
beheaded	3.2
beheads	2.0
beheld	2.5
behemoth	3.0
behest	3.0
behests	0.0
behind	5.3
behinds	2.3
behold	3.8
beholden	2.8
beholder	2.8
beholds	1.8
behoof	0.0
behoove	2.1
behooved	1.1
behooves	2.2
behove	1.4
behoved	0.0
behoves	1.6
behoving	0.0
behowl	0.0
behowled	0.0
behowls	0.0
beige	3.3
beiges	1.6
beignet	1.5
beignets	2.0
beigy	0.0
being	6.0
beings	4.2
bejabers	0.0
bejeezus	1.4
bejesus	2.0
bejewel	0.0
bejewels	0.0
bejumble	0.0
bekiss	0.0
bekissed	0.0
bekisses	0.0
beknight	0.0
beknot	0.0
beknots	0.0
bel	3.4
belabor	1.8
belabors	0.0
belabour	1.3
belaced	0.0
beladied	0.0
beladies	0.0
belady	0.0
belated	3.0
belaud	0.0
belauded	0.0
belauds	0.0
belay	2.4
belayed	1.2
belaying	1.7
belays	1.2
belch	2.3
belched	1.8
belcher	2.8
belchers	1.4
belches	1.9
belching	2.4
beldam	1.4
beldame	1.1
beldames	0.0
beldams	0.0
beleap	0.0
beleaped	0.0
beleaps	0.0
beleapt	0.0
belfried	0.0
belfries	1.4
belfry	2.6
belga	1.3
belgas	0.0
belie	2.5
belied	2.4
belief	4.5
beliefs	4.2
belier	0.0
beliers	0.0
belies	2.5
believe	5.5
believed	4.8
believer	3.7
believes	4.4
belike	1.7
beliquor	0.0
belittle	2.9
belive	2.8
bell	4.6
bellbird	1.3
bellboy	2.0
bellboys	1.4
belle	3.8
belled	1.3
belleek	1.6
belleeks	0.0
belles	2.7
bellhop	2.0
bellhops	1.5
bellied	2.7
bellies	2.9
belling	2.0
bellman	2.4
bellmen	1.2
bellow	2.8
bellowed	2.4
bellower	0.0
bellows	3.1
bellpull	0.0
bells	3.9
bellwort	0.0
belly	4.1
bellyful	1.4
bellying	1.1
belong	4.4
belonged	4.0
belongs	4.2
beloved	4.2
beloveds	1.7
below	5.0
belows	0.0
bels	1.3
belt	4.4
belted	2.8
belter	2.4
belters	1.9
belting	2.8
beltings	0.0
beltless	1.3
beltline	2.2
belts	3.7
beltway	2.9
beltways	0.0
beluga	2.7
belugas	2.0
belying	1.8
bema	1.6
bemadam	0.0
bemadams	0.0
bemadden	0.0
bemas	0.0
bemata	0.0
bemean	0.0
bemeaned	0.0
bemeans	0.0
bemingle	0.0
bemire	0.0
bemired	0.0
bemires	0.0
bemiring	0.0
bemist	0.0
bemisted	0.0
bemists	0.0
bemix	0.0
bemixed	0.0
bemixes	0.0
bemixing	0.0
bemixt	0.0
bemoan	2.3
bemoaned	2.3
bemoans	2.1
bemock	0.0
bemocked	0.0
bemocks	0.0
bemuddle	0.0
bemurmur	0.0
bemuse	1.2
bemused	2.6
bemuses	0.0
bemusing	1.3
bemuzzle	0.0
ben	4.7
bename	0.0
benamed	0.0
benames	0.0
benaming	0.0
bench	4.4
benched	2.9
bencher	2.0
benchers	2.1
benches	3.5
benching	2.4
bend	4.1
bendable	2.1
benday	0.0
bendayed	0.0
bendays	0.0
bended	2.3
bendee	0.0
bendees	0.0
bender	3.4
benders	2.5
bending	3.7
bends	3.3
bendways	0.0
bendwise	0.0
bendy	2.5
bendys	0.0
bene	2.9
beneath	4.2
benedick	2.1
benedict	3.7
benefic	1.6
benefice	2.3
benefit	4.8
benefits	4.8
benempt	0.0
benes	2.2
benign	3.5
benignly	1.9
benison	1.4
benisons	0.0
benjamin	4.2
benne	1.6
bennes	0.0
bennet	3.1
bennets	1.4
benni	1.8
bennies	1.8
bennis	1.9
benny	3.6
benomyl	0.0
benomyls	0.0
bens	2.2
bent	4.0
benthal	0.0
benthic	2.7
benthos	1.7
bents	1.7
bentwood	1.6
benumb	0.0
benumbed	1.3
benumbs	0.0
benzal	1.1
benzene	2.9
benzenes	1.1
benzidin	0.0
benzin	1.4
benzine	1.6
benzines	0.0
benzins	0.0
benzoate	2.2
benzoic	2.0
benzoin	1.8
benzoins	0.0
benzol	1.1
benzole	0.0
benzoles	0.0
benzols	0.0
benzoyl	2.3
benzoyls	0.0
benzyl	2.2
benzylic	1.3
benzyls	0.0
bepaint	0.0
bepaints	0.0
bepimple	0.0
bequeath	2.5
bequest	2.8
bequests	2.3
berake	0.0
beraked	0.0
berakes	0.0
beraking	0.0
berascal	0.0
berate	2.4
berated	2.7
berates	2.3
berating	2.6
berberin	0.0
berberis	1.8
berceuse	1.4
berdache	0.0
bereave	0.0
bereaved	2.9
bereaver	0.0
bereaves	0.0
bereft	2.8
beret	2.9
berets	2.5
beretta	2.7
berettas	1.3
berg	3.3
bergamot	2.3
bergere	1.7
bergeres	0.0
bergs	1.9
berhyme	0.0
berhymed	0.0
berhymes	0.0
beriberi	1.8
berime	0.0
berimed	0.0
berimes	0.0
beriming	0.0
beringed	0.0
berlin	4.4
berline	1.1
berlines	0.0
berlins	1.3
berm	2.4
berme	0.0
bermes	0.0
berms	2.0
bermudas	1.6
bernicle	0.0
berobed	0.0
berouged	0.0
berretta	1.1
berried	1.7
berries	3.6
berry	4.0
berrying	0.0
berseem	0.0
berseems	0.0
berserk	3.0
berserks	0.0
berth	3.4
bertha	3.1
berthas	0.0
berthed	2.1
berthing	2.3
berths	2.8
beryl	2.9
beryline	0.0
beryls	0.0
bescorch	0.0
bescour	0.0
bescours	0.0
bescreen	0.0
beseech	2.7
beseem	0.0
beseemed	0.0
beseems	0.0
beset	3.1
besets	1.4
besetter	0.0
beshadow	0.0
beshame	0.0
beshamed	0.0
beshames	0.0
beshiver	0.0
beshout	0.0
beshouts	0.0
beshrew	1.3
beshrews	0.0
beshroud	0.0
beside	4.2
besides	4.6
besiege	2.4
besieged	3.4
besieger	0.0
besieges	1.6
beslaved	0.0
beslime	0.0
beslimed	0.0
beslimes	0.0
besmear	0.0
besmears	0.0
besmile	0.0
besmiled	0.0
besmiles	0.0
besmirch	2.0
besmoke	0.0
besmoked	0.0
besmokes	0.0
besmooth	0.0
besmudge	0.0
besmut	0.0
besmuts	0.0
besnow	0.0
besnowed	0.0
besnows	0.0
besom	1.5
besoms	0.0
besoothe	0.0
besot	0.0
besots	0.0
besotted	2.3
besought	1.7
bespake	0.0
bespeak	1.8
bespeaks	1.7
bespoke	3.2
bespoken	1.2
bespouse	0.0
bespread	0.0
besprent	0.0
best	5.8
bestead	0.0
besteads	0.0
bested	2.7
bestial	2.4
bestiary	2.3
besting	2.3
bestir	1.3
bestirs	0.0
bestow	3.0
bestowal	1.8
bestowed	3.4
bestows	2.5
bestrew	0.0
bestrewn	0.0
bestrews	0.0
bestrid	0.0
bestride	1.4
bestrode	1.4
bestrow	0.0
bestrown	0.0
bestrows	0.0
bests	2.6
bestud	0.0
bestuds	0.0
beswarm	0.0
beswarms	0.0
bet	4.8
beta	4.2
betaine	2.1
betaines	0.0
betake	1.4
betaken	1.2
betakes	0.0
betaking	0.0
betas	2.5
betatron	1.4
betatter	0.0
betaxed	0.0
betel	2.5
betelnut	1.1
betels	0.0
beth	3.9
bethank	0.0
bethanks	0.0
bethel	3.1
bethels	0.0
bethesda	3.4
bethink	1.5
bethinks	0.0
bethorn	0.0
bethorns	0.0
beths	1.3
bethump	0.0
bethumps	0.0
betide	2.1
betided	0.0
betides	0.0
betiding	0.0
betime	0.0
betimes	1.6
betise	0.0
betises	0.0
betoken	1.3
betokens	1.2
beton	1.8
betonies	0.0
betons	0.0
betony	1.4
betook	1.3
betray	3.4
betrayal	3.7
betrayed	3.8
betrayer	2.4
betrays	3.0
betroth	1.5
betroths	0.0
bets	3.9
betta	2.8
bettas	1.4
betted	1.7
better	5.8
bettered	2.5
betters	2.5
betting	4.0
bettor	2.1
bettors	2.2
between	5.8
betwixt	2.4
beuncled	0.0
bevatron	0.0
bevel	2.6
beveled	2.4
beveler	0.0
bevelers	0.0
beveling	1.6
bevelled	2.0
beveller	0.0
bevels	1.7
beverage	3.7
bevies	0.0
bevomit	0.0
bevomits	0.0
bevor	1.2
bevors	0.0
bevy	2.5
bewail	1.4
bewailed	1.1
bewailer	0.0
bewails	1.0
beware	3.7
bewared	0.0
bewares	0.0
bewaring	0.0
beweary	0.0
beweep	0.0
beweeps	0.0
bewept	0.0
bewig	0.0
bewigged	1.1
bewigs	0.0
bewilder	1.7
bewinged	0.0
bewitch	2.0
beworm	0.0
bewormed	0.0
beworms	0.0
beworry	0.0
bewrap	0.0
bewraps	0.0
bewrapt	0.0
bewray	0.0
bewrayed	0.0
bewrayer	0.0
bewrays	0.0
bey	3.3
beylic	0.0
beylics	0.0
beylik	0.0
beyliks	0.0
beyond	5.0
beyonds	0.0
beys	1.7
bezant	0.0
bezants	1.3
bezazz	0.0
bezazzes	0.0
bezel	2.8
bezels	2.2
bezil	0.0
bezils	0.0
bezique	1.1
beziques	0.0
bezoar	1.6
bezoars	1.2
bezzant	0.0
bezzants	0.0
bhakta	1.7
bhaktas	1.1
bhakti	2.5
bhaktis	0.0
bhang	1.8
bhangs	0.0
bharal	0.0
bharals	0.0
bheestie	0.0
bheesty	0.0
bhistie	0.0
bhisties	0.0
bhoot	1.4
bhoots	0.0
bhut	1.4
bhuts	0.0
biacetyl	0.0
biali	0.0
bialis	0.0
bialy	1.4
bialys	0.0
biannual	2.5
bias	4.2
biased	3.8
biasedly	0.0
biases	3.3
biasing	2.3
biasness	0.0
biassed	1.2
biasses	0.0
biassing	0.0
biathlon	2.7
biaxal	0.0
biaxial	1.8
bib	3.0
bibasic	0.0
bibb	2.4
bibbed	1.2
bibber	1.4
bibbers	0.0
bibbery	0.0
bibbing	0.0
bibbs	1.7
bibcock	0.0
bibcocks	0.0
bibelot	0.0
bibelots	0.0
bible	4.5
bibles	3.0
bibless	0.0
biblical	3.9
biblike	0.0
biblist	0.0
biblists	0.0
bibs	2.5
bibulous	1.3
bicarb	1.8
bicarbs	0.0
bicaudal	0.0
bice	2.0
biceps	3.1
bicepses	0.0
bices	0.0
bichrome	0.0
bicker	2.6
bickered	1.7
bickerer	0.0
bickers	1.7
bicolor	2.2
bicolors	0.0
bicolour	1.1
biconvex	1.4
bicorn	0.0
bicorne	1.3
bicornes	0.0
bicron	0.0
bicrons	0.0
bicuspid	1.8
bicycle	4.0
bicycled	1.5
bicycler	0.0
bicycles	3.4
bicyclic	1.7
bid	4.4
bidarka	0.0
bidarkas	0.0
bidarkee	0.0
biddable	1.6
biddably	0.0
bidden	1.8
bidder	3.5
bidders	3.3
biddies	1.9
bidding	3.8
biddings	1.2
biddy	2.4
bide	2.7
bided	1.8
bidental	0.0
bider	0.0
biders	0.0
bides	1.6
bidet	2.6
bidets	1.9
biding	2.5
bids	3.9
bield	1.1
bielded	0.0
bielding	0.0
bields	0.0
biennale	2.9
biennia	0.0
biennial	3.2
biennium	1.8
bier	2.5
biers	1.4
biface	1.2
bifaces	1.2
bifacial	1.5
biff	2.8
biffed	1.3
biffies	0.0
biffin	0.0
biffing	0.0
biffins	0.0
biffs	1.3
biffy	2.2
bifid	1.5
bifidity	0.0
bifidly	0.0
bifilar	1.0
biflex	0.0
bifocal	1.7
bifocals	1.9
bifold	1.9
biforate	0.0
biforked	0.0
biform	0.0
biformed	0.0
big	5.7
bigamies	0.0
bigamist	1.9
bigamous	1.6
bigamy	2.4
bigarade	0.0
bigaroon	0.0
bigeminy	0.0
bigeye	1.7
bigeyes	0.0
bigfeet	0.0
bigfoot	3.2
bigfoots	1.4
bigger	4.7
biggest	4.9
biggety	0.0
biggie	3.2
biggies	2.0
biggin	2.0
bigging	1.6
biggings	0.0
biggins	2.1
biggish	1.6
biggity	0.0
bighead	1.9
bigheads	0.0
bighorn	2.6
bighorns	1.5
bight	2.7
bighted	0.0
bighting	0.0
bights	1.2
bigly	2.4
bigmouth	1.8
bigness	1.9
bignonia	0.0
bigot	3.2
bigoted	3.0
bigotry	3.4
bigots	3.0
bigs	2.5
bigwig	2.0
bigwigs	2.3
bihourly	0.0
bijou	2.5
bijous	0.0
bijoux	1.8
bijugate	0.0
bijugous	0.0
bike	4.5
biked	2.3
biker	3.4
bikers	3.2
bikes	3.9
bikeway	2.1
bikeways	1.7
bikie	1.6
bikies	1.4
biking	3.4
bikini	3.7
bikinied	0.0
bikinis	3.0
bilabial	1.6
bilander	0.0
bilayer	2.3
bilayers	1.9
bilberry	1.9
bilbo	2.8
bilboa	1.0
bilboas	0.0
bilboes	0.0
bilbos	0.0
bile	3.2
biles	2.3
bilge	2.7
bilged	0.0
bilges	1.6
bilgier	0.0
bilgiest	0.0
bilging	0.0
bilgy	0.0
biliary	2.5
bilinear	2.2
bilious	2.0
bilk	2.1
bilked	1.7
bilker	0.0
bilkers	0.0
bilking	1.7
bilks	0.0
bill	5.2
billable	2.3
billbug	0.0
billbugs	0.0
billed	3.6
biller	2.1
billers	1.5
billet	2.8
billeted	2.2
billeter	0.0
billets	2.4
billfish	1.7
billfold	1.9
billhead	0.0
billhook	1.3
billiard	2.9
billie	3.5
billies	1.7
billing	3.6
billings	3.3
billion	4.8
billions	4.0
billon	1.9
billons	0.0
billow	2.1
billowed	1.9
billows	2.3
billowy	1.9
bills	4.5
billy	4.3
billycan	0.0
bilobate	0.0
bilobed	1.5
bilsted	0.0
bilsteds	0.0
biltong	1.8
biltongs	0.0
bima	2.0
bimah	1.1
bimahs	0.0
bimanous	0.0
bimanual	1.4
bimas	0.0
bimbo	2.9
bimboes	0.0
bimbos	2.1
bimensal	0.0
bimester	0.0
bimetal	1.4
bimetals	0.0
bimethyl	0.0
bimodal	2.1
bimorph	0.0
bimorphs	0.0
bin	4.2
binal	0.0
binaries	2.8
binary	4.0
binate	0.0
binately	0.0
binaural	2.4
bind	3.8
bindable	0.0
binder	3.3
binders	2.8
bindery	1.9
bindi	2.4
binding	4.1
bindings	2.9
bindis	1.4
bindle	1.5
bindles	0.0
binds	3.4
bindweed	1.7
bine	1.9
bines	1.7
binge	3.6
binged	2.2
bingeing	2.1
binger	1.8
bingers	0.0
binges	2.2
binging	2.4
bingo	3.7
bingos	1.5
binit	0.0
binits	0.0
binnacle	1.7
binned	2.4
binning	2.3
binocle	0.0
binocles	0.0
binocs	1.2
binomial	2.7
bins	3.4
bint	2.4
bints	0.0
bio	4.1
bioassay	1.8
biochip	1.5
biochips	1.2
biocidal	1.4
biocide	1.6
biocides	1.7
bioclean	0.0
biocycle	0.0
bioethic	0.0
biogas	2.6
biogases	0.0
biogen	2.0
biogenic	2.1
biogens	0.0
biogeny	0.0
bioherm	0.0
bioherms	0.0
biologic	2.6
biology	4.2
biolyses	0.0
biolysis	0.0
biolytic	0.0
biomass	3.4
biome	2.7
biomes	2.3
biometry	1.4
bionic	3.0
bionics	2.1
bionomic	0.0
bionomy	0.0
biont	0.0
biontic	0.0
bionts	0.0
biopic	3.0
biopics	1.9
bioplasm	0.0
biopsic	0.0
biopsied	1.8
biopsies	2.7
biopsy	3.3
bioptic	0.0
bios	3.3
bioscope	1.4
bioscopy	0.0
biota	2.5
biotas	0.0
biotech	3.2
biotechs	1.5
biotic	2.7
biotical	0.0
biotics	1.8
biotin	2.5
biotins	0.0
biotite	2.0
biotites	0.0
biotitic	0.0
biotope	1.6
biotopes	1.5
biotoxin	1.1
biotron	0.0
biotrons	0.0
biotype	1.2
biotypes	1.2
biotypic	0.0
biovular	0.0
bipack	0.0
bipacks	0.0
biparous	0.0
biparted	0.0
biparty	0.0
biped	2.0
bipedal	2.4
bipeds	1.8
biphasic	1.9
biphenyl	1.6
biplane	2.5
biplanes	1.9
bipod	2.1
bipods	1.2
bipolar	3.6
biracial	2.6
biradial	0.0
biramose	0.0
biramous	1.1
birch	3.5
birched	0.0
birchen	0.0
birches	2.3
birching	1.0
bird	4.6
birdbath	1.7
birdcage	2.5
birdcall	0.0
birded	0.0
birder	1.8
birders	2.1
birdfarm	0.0
birdie	3.3
birdied	1.9
birdies	2.8
birding	2.6
birdings	0.0
birdlike	1.7
birdlime	0.0
birdman	2.9
birdmen	1.4
birds	4.6
birdseed	1.9
birdseye	2.1
birdshot	1.9
birdsong	2.6
bireme	0.0
biremes	0.0
biretta	1.4
birettas	0.0
birk	2.3
birkie	0.0
birkies	0.0
birks	2.3
birl	0.0
birle	0.0
birled	0.0
birler	0.0
birlers	0.0
birles	0.0
birling	1.8
birlings	0.0
birls	0.0
birr	2.1
birred	0.0
birretta	0.0
birring	0.0
birrotch	0.0
birrs	0.0
birse	1.2
birses	0.0
birth	4.8
birthday	4.8
birthed	2.7
birthing	2.9
births	3.6
bis	3.3
biscuit	3.5
biscuits	3.6
bise	1.6
bisect	1.9
bisected	2.3
bisector	1.6
bisects	2.1
bises	0.0
bisexual	3.7
bishop	4.4
bishoped	0.0
bishops	3.8
bisk	1.3
bisks	0.0
bismuth	2.7
bismuths	0.0
bisnaga	0.0
bisnagas	0.0
bison	3.3
bisons	2.0
bisque	2.5
bisques	0.0
bistate	0.0
bister	0.0
bistered	0.0
bisters	0.0
bistort	0.0
bistorts	0.0
bistoury	0.0
bistre	1.1
bistred	0.0
bistres	0.0
bistro	3.0
bistroic	0.0
bistros	1.9
bit	5.4
bitable	0.0
bitch	4.8
bitched	2.5
bitchery	1.2
bitches	3.8
bitchier	1.4
bitchily	0.0
bitching	3.2
bitchy	3.1
bite	4.3
biteable	0.0
biter	2.6
biters	2.2
bites	3.8
bitewing	0.0
biting	3.8
bitingly	1.7
bits	4.2
bitstock	0.0
bitsy	2.3
bitt	1.6
bitted	1.1
bitten	3.5
bitter	4.2
bittered	0.0
bitterer	0.0
bitterly	3.3
bittern	2.1
bitterns	1.6
bitters	2.7
bittier	0.0
bittiest	0.0
bitting	1.8
bittings	0.0
bittock	0.0
bittocks	0.0
bitts	1.4
bitty	2.8
bitumen	2.8
bitumens	0.0
biunique	0.0
bivalent	1.7
bivalve	2.2
bivalved	1.1
bivalves	2.2
bivinyl	0.0
bivinyls	0.0
bivouac	2.3
bivouacs	1.4
biweekly	2.7
biyearly	0.0
biz	3.3
bizarre	4.0
bizarres	0.0
bize	1.1
bizes	0.0
biznaga	0.0
biznagas	0.0
bizonal	0.0
bizone	0.0
bizones	0.0
bizzes	0.0
blab	2.3
blabbed	1.7
blabber	2.0
blabbers	1.3
blabbing	2.1
blabby	0.0
blabs	1.5
black	5.5
blackboy	1.2
blackcap	1.7
blacked	3.3
blacken	2.2
blackens	1.5
blacker	2.7
blackest	2.7
blackfin	1.4
blackfly	1.3
blackgum	0.0
blacking	2.6
blackish	2.9
blackleg	1.7
blackly	1.6
blackout	3.6
blacks	4.2
blacktop	2.2
bladder	3.6
bladders	2.5
bladdery	0.0
blade	4.2
bladed	2.7
blades	3.9
blae	0.0
blah	3.9
blahs	1.6
blain	2.3
blains	0.0
blam	2.4
blamable	0.0
blamably	0.0
blame	4.6
blamed	3.9
blameful	0.0
blamer	1.1
blamers	0.0
blames	3.5
blaming	3.9
blams	0.0
blanch	2.5
blanched	2.3
blancher	0.0
blanches	1.6
bland	3.5
blander	1.6
blandest	1.5
blandish	1.2
blandly	2.0
blank	4.1
blanked	2.5
blanker	1.1
blankest	0.0
blanket	4.1
blankets	3.7
blanking	2.4
blankly	2.6
blanks	3.3
blare	2.4
blared	2.1
blares	2.0
blaring	3.0
blarney	2.3
blarneys	0.0
blase	2.2
blast	4.3
blasted	3.5
blastema	1.1
blaster	3.1
blasters	2.7
blastie	0.0
blastier	0.0
blasties	0.0
blasting	3.5
blastoff	1.6
blastoma	0.0
blasts	3.5
blastula	1.4
blasty	1.0
blat	1.9
blatancy	0.0
blatant	3.5
blate	0.0
blather	2.2
blathers	1.4
blats	0.0
blatted	0.0
blatter	2.6
blatters	0.0
blatting	0.0
blaubok	0.0
blauboks	0.0
blaw	1.5
blawed	0.0
blawing	0.0
blawn	0.0
blaws	0.0
blaze	3.7
blazed	2.9
blazer	3.3
blazers	3.3
blazes	2.8
blazing	3.5
blazon	2.0
blazoned	1.8
blazoner	0.0
blazonry	0.0
blazons	1.3
bleach	3.5
bleached	3.0
bleacher	2.6
bleaches	2.0
bleak	3.4
bleaker	2.0
bleakest	1.8
bleakish	0.0
bleakly	1.8
bleaks	0.0
blear	0.0
bleared	0.0
blearier	0.0
blearily	1.3
blearing	0.0
blears	1.7
bleary	2.2
bleat	2.1
bleated	1.5
bleater	0.0
bleaters	0.0
bleating	2.4
bleats	1.6
bleb	1.4
blebby	0.0
blebs	1.4
bled	3.2
bleed	3.7
bleeder	2.1
bleeders	1.7
bleeding	4.1
bleeds	3.0
bleep	3.1
bleeped	2.0
bleeping	2.2
bleeps	2.0
blellum	0.0
blellums	0.0
blemish	2.9
blench	1.6
blenched	0.0
blencher	0.0
blenches	0.0
blend	4.0
blende	1.4
blended	3.5
blender	3.4
blenders	2.4
blendes	0.0
blending	3.4
blends	3.3
blennies	1.1
blenny	1.4
blent	1.3
blesbok	1.1
blesboks	0.0
blesbuck	0.0
bless	4.2
blessed	4.2
blesser	1.1
blessers	0.0
blesses	2.6
blessing	4.1
blest	2.2
blet	1.1
blether	1.4
blethers	0.0
blets	0.0
blew	4.1
blight	3.2
blighted	2.8
blighter	1.6
blights	2.1
blighty	2.1
blimey	2.6
blimp	2.8
blimpish	0.0
blimps	2.1
blimy	0.0
blin	1.9
blind	4.5
blindage	0.0
blinded	3.5
blinder	2.4
blinders	2.7
blindest	1.0
blinding	3.2
blindly	3.3
blinds	3.3
blini	1.5
blinis	1.3
blink	3.7
blinkard	0.0
blinked	3.0
blinker	2.4
blinkers	2.4
blinking	3.3
blinks	2.8
blintz	1.1
blintze	0.0
blintzes	1.5
blip	3.0
blipped	1.1
blipping	1.6
blips	2.4
bliss	3.8
blissed	1.8
blisses	1.1
blissful	3.0
blissing	0.0
blister	3.0
blisters	3.1
blistery	1.0
blite	0.0
blites	0.0
blithe	2.5
blithely	2.4
blither	0.0
blithers	0.0
blithest	0.0
blitz	3.6
blitzed	2.4
blitzes	2.0
blitzing	2.2
blizzard	3.5
bloat	2.6
bloated	3.3
bloater	1.5
bloaters	1.3
bloating	2.7
bloats	1.4
blob	3.1
blobbed	1.0
blobbing	1.1
blobs	2.6
bloc	3.6
block	4.9
blockade	3.6
blockage	3.0
blocked	4.3
blocker	3.2
blockers	3.1
blockier	0.0
blocking	4.1
blockish	0.0
blocks	4.4
blocky	2.5
blocs	2.7
bloke	3.5
blokes	3.1
blond	3.5
blonde	4.0
blonder	1.9
blondes	3.0
blondest	0.0
blondish	1.5
blonds	2.2
blood	5.1
blooded	3.3
bloodfin	0.0
bloodied	2.8
bloodier	2.0
bloodies	1.1
bloodily	1.8
blooding	1.6
bloodred	1.2
bloods	3.0
bloody	4.3
blooey	0.0
blooie	0.0
bloom	3.9
bloomed	2.7
bloomer	2.7
bloomers	2.4
bloomery	1.4
bloomier	0.0
blooming	3.3
blooms	3.3
bloomy	1.4
bloop	2.4
blooped	0.0
blooper	2.4
bloopers	2.4
blooping	0.0
bloops	1.6
blossom	3.6
blossoms	3.3
blossomy	0.0
blot	3.0
blotch	2.3
blotched	2.0
blotches	2.5
blotchy	2.2
blotless	0.0
blots	2.3
blotted	2.3
blotter	2.4
blotters	1.7
blottier	0.0
blotting	2.5
blotto	1.8
blotty	0.0
blouse	3.4
bloused	1.1
blouses	2.7
blousier	0.0
blousily	0.0
blousing	0.0
blouson	1.6
blousons	0.0
blousy	1.2
bloviate	1.2
blow	4.6
blowback	2.7
blowball	0.0
blowby	0.0
blowbys	0.0
blowdown	1.7
blowed	2.3
blower	3.3
blowers	2.9
blowfish	2.3
blowfly	1.8
blowgun	1.6
blowguns	1.3
blowhard	2.3
blowhole	2.1
blowier	0.0
blowiest	0.0
blowing	4.2
blowjob	3.4
blowjobs	2.9
blown	4.2
blowoff	1.6
blowoffs	0.0
blowout	3.2
blowouts	2.4
blowpipe	2.0
blows	4.0
blowsed	0.0
blowsier	0.0
blowsily	0.0
blowsy	1.3
blowtube	0.0
blowup	2.2
blowups	1.5
blowy	1.6
blowzed	0.0
blowzier	0.0
blowzily	0.0
blowzy	0.0
blub	2.0
blubbed	0.0
blubber	2.5
blubbers	1.2
blubbery	1.6
blubbing	1.6
blubs	1.1
blucher	2.0
bluchers	0.0
bludgeon	2.4
bludger	1.7
bludgers	1.6
blue	5.1
blueball	0.0
bluebell	2.5
bluebill	0.0
bluebird	2.9
bluebook	1.8
bluecap	0.0
bluecaps	0.0
bluecoat	1.7
blued	2.1
bluefin	2.4
bluefins	0.0
bluefish	2.1
bluegill	2.2
bluegum	0.0
bluegums	0.0
bluehead	0.0
blueing	1.2
blueings	0.0
blueish	1.9
bluejack	0.0
bluejay	1.8
bluejays	2.2
blueline	2.1
bluely	0.0
blueness	1.8
bluenose	1.8
bluer	2.2
blues	4.3
bluesier	0.0
bluesman	1.9
bluesmen	1.5
bluest	2.2
bluestem	1.8
bluesy	2.4
bluet	1.2
bluetick	1.1
bluets	1.1
blueweed	0.0
bluewood	0.0
bluey	2.2
blueys	0.0
bluff	3.6
bluffed	1.9
bluffer	1.3
bluffers	1.1
bluffest	0.0
bluffing	2.8
bluffly	0.0
bluffs	3.0
bluing	1.8
bluings	0.0
bluish	2.9
blume	2.5
blumed	0.0
blumes	0.0
bluming	0.0
blunder	3.1
blunders	2.9
blunge	0.0
blunged	0.0
blunger	0.0
blungers	0.0
blunges	0.0
blunging	0.0
blunt	3.9
blunted	2.5
blunter	1.7
bluntest	1.2
blunting	2.0
bluntly	3.1
blunts	2.5
blur	3.5
blurb	2.8
blurbed	1.0
blurbing	0.0
blurbs	2.1
blurred	3.5
blurrier	1.4
blurrily	0.0
blurring	3.0
blurry	3.3
blurs	2.6
blurt	2.5
blurted	2.6
blurter	0.0
blurters	0.0
blurting	2.0
blurts	2.1
blush	3.6
blushed	2.6
blusher	2.0
blushers	1.3
blushes	2.8
blushful	0.0
blushing	3.1
bluster	2.6
blusters	1.3
blustery	2.5
blype	0.0
blypes	0.0
boa	3.2
boar	3.3
board	5.2
boarded	3.5
boarder	2.7
boarders	2.9
boarding	4.0
boardman	2.7
boardmen	0.0
boards	4.3
boarfish	0.0
boarish	0.0
boars	2.7
boart	1.2
boarts	0.0
boas	2.8
boast	3.5
boasted	3.2
boaster	1.4
boasters	1.2
boastful	2.5
boasting	3.3
boasts	3.6
boat	4.7
boatable	0.0
boatbill	0.0
boated	1.6
boatel	0.0
boatels	0.0
boater	2.1
boaters	2.5
boatful	0.0
boatfuls	0.0
boathook	0.0
boating	3.3
boatings	0.0
boatlike	0.0
boatload	2.5
boatman	2.5
boatmen	2.2
boats	4.2
boatsman	0.0
boatsmen	0.0
boatyard	2.1
bob	4.6
bobbed	2.4
bobber	1.9
bobbers	1.4
bobbery	0.0
bobbies	2.0
bobbin	2.5
bobbinet	0.0
bobbing	2.9
bobbins	2.2
bobble	2.6
bobbled	1.8
bobbles	1.9
bobbling	1.6
bobby	4.2
bobcat	2.8
bobcats	3.0
bobeche	0.0
bobeches	0.0
bobolink	1.7
bobs	2.9
bobsled	2.4
bobsleds	1.4
bobstay	0.0
bobstays	0.0
bobtail	2.0
bobtails	1.1
bobwhite	1.7
bocaccio	0.0
bocce	2.3
bocces	0.0
bocci	1.3
boccia	1.6
boccias	0.0
boccie	0.0
boccies	0.0
boccis	0.0
boche	1.9
boches	1.4
bock	2.8
bocks	1.5
bod	3.0
bode	3.0
boded	1.6
bodega	2.7
bodegas	2.1
bodement	0.0
bodes	2.6
bodhran	1.4
bodhrans	0.0
bodice	2.6
bodices	1.8
bodied	3.5
bodies	4.7
bodiless	1.6
bodily	3.8
boding	1.7
bodingly	0.0
bodings	0.0
bodkin	2.1
bodkins	1.3
bods	2.1
body	5.4
bodying	1.6
bodysuit	2.5
bodysurf	0.0
bodywork	2.8
boehmite	0.0
boff	2.0
boffin	2.0
boffins	2.0
boffo	1.6
boffola	0.0
boffolas	0.0
boffos	0.0
boffs	0.0
bog	3.3
bogan	2.5
bogans	2.0
bogbean	0.0
bogbeans	0.0
bogey	2.9
bogeyed	1.7
bogeying	0.0
bogeyman	2.5
bogeymen	1.8
bogeys	2.3
bogged	3.0
boggier	0.0
boggiest	0.0
bogging	1.9
boggish	0.0
boggle	2.3
boggled	1.9
boggler	1.2
bogglers	0.0
boggles	2.5
boggling	3.0
boggy	2.4
bogie	2.5
bogies	2.3
bogle	2.3
bogles	0.0
bogs	2.9
bogus	3.4
bogwood	0.0
bogwoods	0.0
bogy	1.4
bogyism	0.0
bogyisms	0.0
bogyman	0.0
bogymen	0.0
bohea	0.0
boheas	0.0
bohemia	3.1
bohemian	3.5
bohemias	0.0
bohunk	0.0
bohunks	0.0
boil	3.8
boilable	0.0
boiled	3.7
boiler	3.7
boilers	3.4
boiling	3.8
boiloff	0.0
boiloffs	0.0
boils	3.3
boing	2.7
boiserie	0.0
boite	1.8
boites	0.0
bola	2.6
bolar	1.6
bolas	2.1
bolases	0.0
bold	4.3
bolder	3.0
boldest	2.5
boldface	2.2
boldly	3.3
boldness	2.9
bolds	1.3
bole	2.4
bolero	2.5
boleros	1.5
boles	2.5
bolete	1.2
boletes	0.0
boleti	0.0
boletus	1.6
bolide	1.6
bolides	1.1
bolivar	2.8
bolivars	1.6
bolivia	3.5
bolivias	0.0
boll	2.5
bollard	2.2
bollards	2.2
bolled	0.0
bolling	2.4
bollix	1.5
bollixed	0.0
bollixes	0.0
bollocks	3.1
bollox	1.5
bolloxed	0.0
bolloxes	0.0
bolls	1.4
bollworm	1.3
bolo	2.7
bologna	3.2
bolognas	0.0
boloney	0.0
boloneys	0.0
bolos	1.7
bolshie	1.5
bolshies	0.0
bolshy	1.4
bolson	1.1
bolsons	0.0
bolster	3.3
bolsters	2.5
bolt	4.0
bolted	3.2
bolter	2.3
bolters	1.8
bolthead	0.0
bolthole	1.3
bolting	2.6
boltonia	0.0
boltrope	0.0
bolts	3.6
bolus	2.6
boluses	1.5
bomb	4.6
bombard	2.7
bombards	2.0
bombast	2.3
bombasts	0.0
bombax	1.1
bombe	1.9
bombed	3.6
bomber	3.9
bombers	3.8
bombes	1.1
bombesin	0.0
bombing	4.1
bombings	3.5
bombload	0.0
bombs	4.2
bombycid	0.0
bombyx	1.6
bombyxes	0.0
bonaci	0.0
bonacis	0.0
bonanza	3.0
bonanzas	1.5
bonbon	2.1
bonbons	1.9
bond	4.6
bondable	0.0
bondage	3.5
bondages	1.2
bonded	3.5
bonder	1.6
bonders	0.0
bonding	3.7
bondings	1.2
bondmaid	0.0
bondman	1.4
bondmen	1.2
bonds	4.3
bondsman	2.3
bondsmen	1.8
bonduc	0.0
bonducs	0.0
bone	4.5
boned	2.9
bonefish	1.9
bonehead	2.3
boneless	2.8
bonemeal	1.5
boner	3.2
boners	2.4
bones	4.3
boneset	1.2
bonesets	0.0
boney	2.5
boneyard	2.2
bonfire	3.3
bonfires	2.7
bong	3.5
bonged	0.0
bonging	1.2
bongo	2.9
bongoes	0.0
bongoist	0.0
bongos	2.3
bongs	2.5
bonhomie	1.8
bonier	1.0
boniest	0.0
boniface	2.6
boniness	0.0
boning	2.5
bonita	2.8
bonitas	1.2
bonito	2.5
bonitoes	0.0
bonitos	1.2
bonk	2.4
bonked	1.7
bonkers	3.1
bonking	1.8
bonks	1.7
bonne	2.7
bonnes	1.6
bonnet	3.4
bonneted	1.0
bonnets	2.5
bonnie	3.7
bonnier	1.8
bonniest	0.0
bonnily	0.0
bonnock	0.0
bonnocks	0.0
bonny	2.8
bonsai	2.8
bonspell	0.0
bonspiel	1.3
bontebok	0.0
bonus	4.5
bonuses	3.8
bony	3.2
bonze	1.3
bonzer	1.2
bonzes	0.0
boo	3.9
boob	3.4
boobed	2.0
boobie	2.3
boobies	3.0
boobing	0.0
boobish	0.0
booboo	2.0
booboos	1.0
boobs	3.9
booby	3.0
boodle	1.9
boodled	0.0
boodler	0.0
boodlers	0.0
boodles	1.5
boodling	0.0
booed	3.1
booger	2.7
boogers	2.4
boogey	1.9
boogeyed	0.0
boogeys	0.0
boogie	3.5
boogied	1.2
boogies	1.8
boogy	1.4
boogying	1.1
boogyman	0.0
boogymen	0.0
boohoo	2.4
boohooed	0.0
boohoos	0.0
booing	3.1
book	5.4
bookable	2.2
bookcase	2.8
booked	4.0
bookend	2.1
bookends	2.4
booker	3.5
bookers	2.1
bookful	0.0
bookfuls	0.0
bookie	2.7
bookies	3.0
booking	3.9
bookings	3.3
bookish	2.6
booklet	3.5
booklets	2.8
booklice	0.0
booklore	0.0
bookman	2.2
bookmark	3.0
bookmen	0.0
bookrack	0.0
bookrest	0.0
books	5.2
bookshop	3.1
bookworm	2.6
boom	4.3
boombox	2.4
boomed	2.8
boomer	3.3
boomers	3.4
boomier	0.0
boomiest	0.0
booming	3.4
boomkin	0.0
boomkins	0.0
boomlet	1.0
boomlets	0.0
booms	3.0
boomtown	2.5
boomy	1.5
boon	3.5
boondock	1.8
boonies	2.1
boons	2.2
boor	2.1
boorish	2.4
boors	1.6
boos	3.0
boost	4.4
boosted	3.5
booster	3.6
boosters	3.1
boosting	3.5
boosts	3.4
boot	4.2
bootable	2.1
booted	3.2
bootee	0.0
bootees	1.2
bootery	0.0
booth	4.1
booths	3.3
bootie	2.2
booties	2.8
booting	2.9
bootjack	0.0
bootlace	1.3
bootleg	3.1
bootlegs	2.3
bootless	1.5
bootlick	0.0
boots	4.3
booty	3.6
booze	3.6
boozed	1.8
boozer	2.6
boozers	1.6
boozes	1.0
boozier	0.0
booziest	0.0
boozily	0.0
boozing	2.3
boozy	2.5
bop	3.4
bopeep	0.0
bopeeps	0.0
bopped	1.9
bopper	2.1
boppers	1.9
bopping	2.1
bops	2.2
bora	3.1
boraces	0.0
boracic	1.2
boracite	0.0
borage	2.0
borages	0.0
boral	1.7
borals	0.0
borane	1.4
boranes	1.1
boras	2.2
borate	2.1
borated	0.0
borates	1.5
borating	0.0
borax	2.5
boraxes	0.0
bordeaux	3.4
bordel	1.3
bordello	2.2
bordels	0.0
border	4.7
bordered	3.2
borderer	1.2
borders	4.3
bordure	1.5
bordures	0.0
bore	3.9
boreal	2.7
borecole	0.0
bored	4.2
boredom	3.5
boredoms	0.0
boreen	0.0
boreens	0.0
borehole	2.5
borer	2.5
borers	1.9
bores	2.8
boresome	0.0
boric	2.3
boride	1.2
borides	1.3
boring	4.4
boringly	1.9
borings	1.6
born	5.1
borne	3.7
borneol	1.0
borneols	0.0
bornite	1.2
bornites	0.0
boron	2.9
boronic	1.4
borons	0.0
borough	3.8
boroughs	3.2
borrow	4.0
borrowed	3.9
borrower	3.2
borrows	2.9
borsch	1.6
borsches	0.0
borscht	2.3
borschts	0.0
borsht	0.0
borshts	0.0
borstal	2.1
borstals	0.0
bort	2.0
borts	1.1
borty	0.0
bortz	1.5
bortzes	0.0
borzoi	1.7
borzois	0.0
bos	3.1
boscage	0.0
boscages	0.0
boschbok	0.0
bosh	2.9
boshbok	0.0
boshboks	0.0
boshes	0.0
boshvark	0.0
bosk	1.0
boskage	0.0
boskages	0.0
bosker	1.1
bosket	0.0
boskets	0.0
boskier	0.0
boskiest	0.0
bosks	0.0
bosky	1.4
bosom	3.0
bosomed	1.5
bosoming	0.0
bosoms	2.3
bosomy	1.5
boson	2.8
bosons	2.3
bosque	2.5
bosques	1.1
bosquet	1.4
bosquets	0.0
boss	4.8
bossdom	0.0
bossdoms	0.0
bossed	2.3
bosses	3.9
bossier	2.3
bossies	0.0
bossiest	0.0
bossily	0.0
bossing	2.6
bossism	0.0
bossisms	0.0
bossy	3.0
boston	4.7
bostons	1.7
bosun	1.9
bosuns	0.0
bot	3.8
bota	1.9
botanic	3.0
botanica	2.0
botanies	0.0
botanise	0.0
botanist	2.9
botanize	0.0
botany	3.4
botas	1.6
botch	2.4
botched	3.2
botcher	0.0
botchers	0.0
botchery	0.0
botches	1.9
botchier	0.0
botchily	0.0
botching	2.0
botchy	0.0
botel	0.0
botels	0.0
botflies	0.0
botfly	1.4
both	5.8
bother	4.4
bothered	4.0
bothers	3.5
bothies	1.3
bothria	0.0
bothrium	0.0
bothy	2.1
botonee	0.0
botonnee	0.0
botryoid	0.0
botryose	0.0
botrytis	2.0
bots	3.4
bott	2.3
bottle	4.6
bottled	3.5
bottler	2.2
bottlers	2.2
bottles	4.2
bottling	3.2
bottom	4.8
bottomed	2.9
bottomer	0.0
bottomry	0.0
bottoms	3.5
botts	2.0
botulin	0.0
botulins	0.0
botulism	2.5
boubou	1.3
boubous	0.0
bouchee	0.0
bouchees	0.0
boucle	1.8
boucles	0.0
boudoir	2.7
boudoirs	1.2
bouffant	1.8
bouffe	1.4
bouffes	0.0
bough	2.7
boughed	0.0
boughpot	0.0
boughs	2.4
bought	4.9
boughten	1.2
bougie	2.3
bougies	0.0
bouillon	2.5
boulder	3.7
boulders	3.2
bouldery	1.0
boule	2.1
boules	1.9
boulle	1.8
boulles	0.0
bounce	4.0
bounced	3.5
bouncer	3.1
bouncers	2.8
bounces	3.2
bouncier	1.4
bouncily	0.0
bouncing	3.6
bouncy	3.2
bound	4.5
boundary	4.1
bounded	3.5
bounden	1.5
bounder	1.7
bounders	1.2
bounding	2.7
bounds	3.7
bountied	0.0
bounties	2.8
bounty	3.7
bouquet	3.4
bouquets	2.9
bourbon	3.6
bourbons	2.5
bourdon	2.1
bourdons	0.0
bourg	2.3
bourgeon	0.0
bourgs	0.0
bourn	2.2
bourne	3.4
bournes	1.2
bourns	1.6
bourree	0.0
bourrees	0.0
bourride	0.0
bourse	2.5
bourses	1.8
bourtree	0.0
bouse	1.5
boused	0.0
bouses	0.0
bousing	0.0
bousouki	0.0
bousy	0.0
bout	4.0
boutique	3.5
bouton	2.1
boutons	1.4
bouts	3.2
bouvier	2.4
bouviers	0.0
bouzouki	1.6
bovid	1.2
bovids	1.0
bovine	3.0
bovinely	0.0
bovines	1.8
bovinity	0.0
bow	4.3
bowed	3.3
bowel	3.5
boweled	0.0
boweling	0.0
bowelled	0.0
bowels	3.1
bower	3.0
bowered	0.0
boweries	0.0
bowering	1.2
bowers	3.1
bowery	2.7
bowfin	1.3
bowfins	0.0
bowfront	0.0
bowhead	1.9
bowheads	1.2
bowing	3.1
bowingly	0.0
bowings	1.1
bowknot	1.2
bowknots	0.0
bowl	4.6
bowlder	0.0
bowlders	0.0
bowled	3.2
bowleg	0.0
bowlegs	1.4
bowler	3.5
bowlers	3.1
bowless	0.0
bowlful	1.5
bowlfuls	0.0
bowlike	0.0
bowline	1.9
bowlines	1.1
bowling	4.0
bowlings	0.0
bowllike	0.0
bowls	3.8
bowman	3.5
bowmen	2.0
bowpot	0.0
bowpots	0.0
bows	3.5
bowse	0.0
bowsed	0.0
bowses	0.0
bowshot	0.0
bowshots	0.0
bowsing	0.0
bowsprit	1.9
bowwow	1.2
bowwowed	0.0
bowwows	0.0
bowyer	2.6
bowyers	1.0
box	5.0
boxberry	0.0
boxboard	0.0
boxcar	2.5
boxcars	2.1
boxed	3.3
boxer	3.7
boxers	3.4
boxes	4.3
boxfish	1.2
boxful	1.3
boxfuls	0.0
boxhaul	0.0
boxhauls	0.0
boxier	1.1
boxiest	0.0
boxiness	0.0
boxing	4.2
boxings	0.0
boxlike	1.2
boxthorn	0.0
boxwood	2.3
boxwoods	1.1
boxy	2.6
boy	5.2
boyar	1.9
boyard	1.1
boyards	0.0
boyarism	0.0
boyars	2.0
boychick	0.0
boychik	0.0
boychiks	0.0
boycott	3.8
boycotts	2.9
boyhood	3.1
boyhoods	0.0
boyish	2.8
boyishly	1.6
boyla	0.0
boylas	0.0
boyo	2.2
boyos	1.5
boys	5.0
bozo	2.6
bozos	2.1
bra	3.9
brabble	0.0
brabbled	0.0
brabbler	0.0
brabbles	0.0
brace	3.7
braced	3.0
bracelet	3.7
bracer	1.6
bracero	1.6
braceros	1.4
bracers	1.5
braces	3.5
brach	2.0
braches	0.0
brachet	1.0
brachets	0.0
brachia	0.0
brachial	2.3
brachium	0.0
brachs	0.0
bracing	3.1
bracings	0.0
braciola	0.0
braciole	0.0
bracken	2.8
brackens	1.1
bracket	3.8
brackets	3.6
brackish	2.7
braconid	1.2
bract	1.8
bracteal	0.0
bracted	0.0
bractlet	0.0
bracts	2.5
brad	4.1
bradawl	0.0
bradawls	0.0
bradded	0.0
bradding	0.0
bradoon	0.0
bradoons	0.0
brads	2.0
brae	2.4
braes	2.0
brag	3.5
braggart	2.1
bragged	2.9
bragger	1.3
braggers	0.0
braggest	0.0
braggier	0.0
bragging	3.4
braggy	1.4
brags	2.7
brahma	2.9
brahmas	1.6
braid	3.2
braided	3.1
braider	1.2
braiders	1.0
braiding	2.5
braids	3.0
brail	1.4
brailed	0.0
brailing	0.0
braille	3.0
brailled	0.0
brailles	0.0
brails	0.0
brain	4.9
brained	2.7
brainier	1.7
brainily	0.0
braining	1.2
brainish	0.0
brainpan	1.1
brains	4.1
brainy	2.6
braise	2.0
braised	2.7
braises	1.2
braising	2.0
braize	0.0
braizes	0.0
brake	4.0
brakeage	0.0
braked	2.4
brakeman	2.1
brakemen	1.5
brakes	3.9
brakier	0.0
brakiest	0.0
braking	3.4
braky	0.0
braless	2.1
bramble	2.6
brambled	0.0
brambles	2.4
brambly	1.4
bran	3.3
branch	4.6
branched	3.2
branches	4.2
branchia	0.0
branchy	1.1
brand	4.8
branded	3.8
brander	2.1
branders	0.0
brandied	1.3
brandies	2.0
branding	3.8
brandish	2.2
brands	4.3
brandy	3.5
brank	1.1
branks	0.0
branned	0.0
branner	1.4
branners	0.0
brannier	0.0
branning	2.2
branny	0.0
brans	1.6
brant	2.9
brantail	0.0
brants	1.1
bras	3.4
brash	3.0
brasher	2.1
brashes	0.0
brashest	0.0
brashier	0.0
brashly	1.6
brashy	0.0
brasier	1.6
brasiers	0.0
brasil	3.2
brasilin	0.0
brasils	0.0
brass	4.0
brassage	0.0
brassard	2.2
brassart	0.0
brassed	1.3
brasses	1.9
brassica	2.2
brassie	0.0
brassier	1.3
brassies	0.0
brassily	0.0
brassing	0.0
brassish	0.0
brassy	2.4
brat	3.5
brats	2.9
brattice	1.1
brattier	0.0
brattish	0.0
brattle	1.9
brattled	0.0
brattles	0.0
bratty	2.5
braunite	0.0
brava	2.6
bravado	2.8
bravados	0.0
bravas	1.5
brave	4.3
braved	2.6
bravely	3.3
braver	2.9
bravers	0.0
bravery	3.6
braves	3.6
bravest	3.0
bravi	1.5
braving	2.5
bravo	3.8
bravoed	0.0
bravoes	0.0
bravoing	0.0
bravos	2.1
bravura	2.3
bravuras	0.0
bravure	0.0
braw	1.8
brawer	0.0
brawest	0.0
brawl	3.5
brawled	1.8
brawler	2.4
brawlers	2.2
brawlie	0.0
brawlier	0.0
brawling	2.6
brawls	2.6
brawly	1.1
brawn	2.8
brawnier	0.0
brawnily	0.0
brawns	1.0
brawny	2.3
braws	0.0
braxies	0.0
braxy	0.0
bray	3.3
brayed	1.2
brayer	1.4
brayers	0.0
braying	2.2
brays	1.8
braza	0.0
brazas	0.0
braze	1.8
brazed	1.9
brazen	3.1
brazened	0.0
brazenly	2.5
brazens	0.0
brazer	1.2
brazers	0.0
brazes	0.0
brazier	2.5
braziers	1.8
brazil	4.6
brazilin	0.0
brazils	1.7
brazing	2.1
breach	4.1
breached	3.4
breacher	1.6
breaches	3.4
bread	4.5
breadbox	1.5
breaded	2.4
breading	2.1
breadnut	0.0
breads	3.0
breadth	3.5
breadths	1.1
bready	1.8
break	5.2
breakage	2.9
breaker	3.6
breakers	3.4
breaking	4.7
breakout	3.5
breaks	4.5
breakup	3.6
breakups	2.7
bream	2.7
breamed	0.0
breaming	0.0
breams	1.3
breast	4.3
breasted	3.0
breasts	3.9
breath	4.5
breathe	4.3
breathed	3.2
breather	3.0
breathes	3.3
breaths	3.3
breathy	2.3
breccia	2.1
breccial	0.0
breccias	1.6
brecham	0.0
brechams	0.0
brechan	0.0
brechans	0.0
bred	3.8
brede	2.0
bredes	0.0
bree	3.1
breech	2.9
breeched	1.4
breeches	2.7
breed	4.1
breeder	3.4
breeders	3.5
breeding	4.1
breeds	3.7
breeks	1.2
brees	3.0
breeze	3.9
breezed	2.2
breezes	2.9
breezier	1.1
breezily	1.6
breezing	2.0
breezy	3.1
bregma	1.1
bregmata	0.0
bregmate	0.0
bren	2.6
brens	1.2
brent	3.7
brents	1.3
brethren	3.5
breve	2.1
breves	1.5
brevet	2.5
brevetcy	0.0
breveted	1.1
brevets	1.4
breviary	2.0
brevier	0.0
breviers	0.0
brevity	2.9
brew	3.6
brewage	0.0
brewages	0.0
brewed	3.1
brewer	3.5
brewers	3.5
brewery	3.7
brewing	3.8
brewings	0.0
brewis	1.6
brewises	0.0
brews	3.0
briar	2.9
briard	1.3
briards	0.0
briars	1.9
briary	0.0
bribable	0.0
bribe	3.5
bribed	3.0
bribee	0.0
bribees	0.0
briber	1.2
bribers	0.0
bribery	3.4
bribes	3.3
bribing	2.9
brick	4.2
brickbat	1.3
bricked	2.5
brickier	0.0
bricking	2.0
brickle	1.3
brickles	0.0
bricks	3.8
bricky	1.3
bricole	0.0
bricoles	0.0
bridal	3.5
bridally	0.0
bridals	1.2
bride	4.1
brides	3.4
bridge	4.8
bridged	2.8
bridges	4.1
bridging	3.2
bridle	2.8
bridled	2.0
bridler	0.0
bridlers	0.0
bridles	2.0
bridling	1.3
bridoon	0.0
bridoons	0.0
brie	3.1
brief	4.5
briefed	3.2
briefer	2.2
briefers	1.2
briefest	2.3
briefing	3.7
briefly	4.2
briefs	3.3
brier	2.4
briers	2.2
briery	1.0
bries	0.0
brig	3.3
brigade	3.9
brigaded	1.5
brigades	3.3
brigand	2.2
brigands	2.4
bright	4.6
brighten	3.2
brighter	3.7
brightly	3.4
brights	2.3
brigs	1.9
brill	3.1
brills	1.1
brim	3.1
brimful	1.7
brimfull	0.0
brimless	0.0
brimmed	2.4
brimmer	1.9
brimmers	0.0
brimming	2.9
brims	2.2
brin	2.6
brinded	1.0
brindle	2.4
brindled	1.5
brindles	0.0
brine	3.1
brined	1.9
briner	1.4
briners	0.0
brines	1.9
bring	5.3
bringer	2.5
bringers	1.8
bringing	4.7
brings	4.6
brinier	0.0
brinies	0.0
briniest	0.0
brining	2.4
brinish	0.0
brink	3.5
brinks	2.1
brins	0.0
briny	2.2
brio	2.4
brioche	2.6
brioches	1.3
brionies	0.0
briony	2.1
brios	0.0
briquet	1.4
briquets	0.0
bris	2.2
brisance	0.0
brisant	0.0
brisk	3.2
brisked	0.0
brisker	1.7
briskest	0.0
brisket	2.9
briskets	1.4
brisking	0.0
briskly	2.6
brisks	0.0
brisling	0.0
brisses	0.0
bristle	2.8
bristled	2.4
bristles	2.9
bristly	2.2
bristol	4.0
bristols	1.4
brit	3.6
britches	2.4
brits	3.5
britska	0.0
britskas	0.0
britt	3.2
brittle	3.3
brittled	0.0
brittler	0.0
brittles	1.1
brittly	0.0
britts	1.1
britzka	0.0
britzkas	0.0
britzska	0.0
bro	4.4
broach	2.6
broached	2.5
broacher	0.0
broaches	1.8
broad	4.5
broadax	0.0
broadaxe	0.0
broaden	3.3
broadens	2.5
broader	4.0
broadest	3.0
broadish	0.0
broadly	3.8
broads	2.7
brocade	2.6
brocaded	1.4
brocades	1.7
brocatel	0.0
broccoli	3.5
broche	1.2
brochure	3.4
brock	3.7
brockage	0.0
brocket	1.8
brockets	0.0
brocks	1.6
brocoli	1.2
brocolis	0.0
brogan	2.6
brogans	1.1
brogue	2.3
broguery	0.0
brogues	2.0
broguish	0.0
broider	0.0
broiders	0.0
broidery	0.0
broil	2.4
broiled	2.4
broiler	2.6
broilers	2.0
broiling	2.1
broils	1.1
brokage	0.0
brokages	0.0
broke	4.8
broken	4.9
brokenly	1.6
broker	3.9
brokered	2.8
brokers	3.7
broking	2.2
brokings	0.0
brollies	1.3
brolly	2.1
bromal	0.0
bromals	0.0
bromate	1.5
bromated	0.0
bromates	0.0
brome	2.1
bromelin	0.0
bromes	0.0
bromic	0.0
bromid	0.0
bromide	2.7
bromides	1.9
bromidic	0.0
bromids	0.0
bromin	0.0
bromine	2.4
bromines	0.0
bromins	0.0
bromism	0.0
bromisms	0.0
bromize	0.0
bromized	0.0
bromizes	0.0
bromo	2.3
bromos	0.0
bronc	2.0
bronchi	2.0
bronchia	0.0
broncho	1.8
bronchos	1.2
bronchus	1.7
bronco	3.0
broncos	3.8
broncs	1.9
bronze	4.2
bronzed	2.5
bronzer	2.6
bronzers	1.7
bronzes	2.7
bronzier	0.0
bronzing	2.0
bronzy	1.7
broo	1.6
brooch	3.0
brooches	2.5
brood	3.2
brooded	1.9
brooder	1.8
brooders	0.0
broodier	0.0
broodily	0.0
brooding	3.1
broods	2.4
broody	2.2
brook	3.7
brooked	1.4
brookie	1.8
brookies	1.1
brooking	2.0
brookite	0.0
brooklet	1.0
brooks	4.0
broom	3.4
broomed	0.0
broomier	0.0
brooming	1.0
brooms	2.7
broomy	0.0
broos	1.1
bros	4.1
brose	1.8
broses	0.0
brosy	0.0
broth	3.4
brothel	3.3
brothels	3.0
brother	5.1
brothers	4.7
broths	2.0
brothy	0.0
brougham	2.5
brought	5.2
brouhaha	2.2
brow	3.5
browband	0.0
browbeat	1.9
browed	2.1
browless	0.0
brown	5.0
browned	2.7
browner	2.5
brownest	0.0
brownie	3.2
brownier	0.0
brownies	3.2
browning	3.4
brownish	3.1
brownout	1.8
browns	3.9
browny	1.8
brows	3.3
browse	3.6
browsed	2.5
browser	3.9
browsers	3.2
browses	1.9
browsing	3.6
brr	2.1
brrr	2.2
brucella	1.7
brucin	0.0
brucine	0.0
brucines	0.0
brucins	0.0
brugh	1.4
brughs	0.0
bruin	2.5
bruins	3.6
bruise	3.2
bruised	3.4
bruiser	2.6
bruisers	1.9
bruises	3.4
bruising	3.2
bruit	1.7
bruited	1.1
bruiter	0.0
bruiters	0.0
bruiting	0.0
bruits	1.3
brulot	0.0
brulots	0.0
brulyie	0.0
brulyies	0.0
brulzie	0.0
brulzies	0.0
brumal	0.0
brumbies	2.3
brumby	2.2
brume	1.5
brumes	0.0
brumous	0.0
brunch	3.5
brunched	0.0
brunches	2.1
brunet	2.4
brunets	0.0
brunette	3.4
brunizem	0.0
brunt	3.1
brunts	0.0
brush	4.2
brushed	3.6
brusher	1.2
brushers	0.0
brushes	3.6
brushier	0.0
brushing	3.5
brushoff	0.0
brushup	0.0
brushups	0.0
brushy	2.2
brusk	0.0
brusker	0.0
bruskest	0.0
brusque	2.4
brusquer	0.0
brut	2.6
brutal	4.1
brutally	3.6
brute	3.4
bruted	0.0
brutely	0.0
brutes	2.6
brutify	0.0
bruting	0.0
brutish	2.6
brutism	0.0
brutisms	0.0
bruxism	1.9
bruxisms	0.0
bryology	0.0
bryonies	0.0
bryony	2.3
bryozoan	1.6
bub	2.9
bubal	0.0
bubale	0.0
bubales	0.0
bubaline	0.0
bubalis	0.0
bubals	0.0
bubbies	1.1
bubble	4.2
bubbled	2.5
bubbler	2.1
bubblers	1.6
bubbles	3.8
bubblier	0.0
bubblies	0.0
bubbling	3.2
bubbly	3.2
bubby	2.1
bubinga	1.2
bubingas	0.0
bubo	1.9
buboed	0.0
buboes	1.3
bubonic	2.6
bubs	2.4
buccal	2.3
buccally	0.0
buck	4.0
buckaroo	2.3
buckayro	0.0
buckbean	0.0
bucked	2.5
buckeen	0.0
buckeens	0.0
bucker	1.4
buckeroo	0.0
buckers	1.1
bucket	4.1
bucketed	1.2
buckets	3.5
buckeye	2.9
buckeyes	3.0
bucking	2.8
buckish	0.0
buckle	3.5
buckled	2.9
buckler	2.4
bucklers	1.4
buckles	2.9
buckling	2.7
bucko	2.2
buckoes	0.0
buckra	0.0
buckram	1.7
buckrams	0.0
buckras	0.0
bucks	4.2
bucksaw	0.0
bucksaws	0.0
buckshee	0.0
buckshot	2.5
buckskin	2.3
bucktail	1.4
bucolic	2.4
bucolics	1.0
bud	4.1
budded	1.6
budder	1.1
budders	0.0
buddied	1.2
buddies	3.8
budding	3.3
buddings	0.0
buddle	1.7
buddleia	1.4
buddles	0.0
buddy	4.4
buddying	1.4
budge	3.2
budged	2.2
budger	0.0
budgers	0.0
budges	1.1
budget	4.8
budgeted	3.0
budgeter	0.0
budgets	3.7
budgie	2.5
budgies	1.9
budging	2.2
budless	0.0
budlike	0.0
buds	3.6
budworm	1.5
budworms	0.0
buff	3.6
buffable	0.0
buffalo	4.1
buffalos	2.0
buffed	2.4
buffer	3.8
buffered	2.6
buffers	3.0
buffet	3.5
buffeted	2.3
buffeter	0.0
buffets	2.5
buffi	0.0
buffier	0.0
buffiest	0.0
buffing	2.5
buffo	1.4
buffoon	2.8
buffoons	2.3
buffos	0.0
buffs	3.0
buffy	3.4
bug	4.2
bugaboo	2.0
bugaboos	1.4
bugbane	0.0
bugbanes	0.0
bugbear	2.2
bugbears	1.7
bugeye	1.1
bugeyes	0.0
bugged	3.1
bugger	3.0
buggered	2.2
buggers	2.6
buggery	2.2
buggier	0.0
buggies	2.5
buggiest	0.0
bugging	3.1
buggy	3.3
bughouse	1.5
bugle	2.9
bugled	0.0
bugler	2.2
buglers	1.6
bugles	2.2
bugling	1.2
bugloss	1.1
bugs	4.0
bugseed	0.0
bugseeds	0.0
bugsha	0.0
bugshas	0.0
buhl	2.1
buhls	0.0
buhlwork	0.0
buhr	1.6
buhrs	0.0
build	5.0
builded	1.8
builder	3.9
builders	3.8
building	5.3
builds	4.0
buildup	3.4
buildups	1.8
built	5.1
buirdly	0.0
bulb	3.7
bulbar	1.7
bulbed	0.0
bulbel	0.0
bulbels	0.0
bulbil	0.0
bulbils	1.2
bulblet	0.0
bulblets	0.0
bulbous	2.7
bulbs	3.5
bulbul	1.9
bulbuls	1.0
bulge	3.2
bulged	2.0
bulger	2.6
bulgers	0.0
bulges	2.5
bulgier	0.0
bulgiest	0.0
bulging	3.0
bulgur	2.0
bulgurs	0.0
bulgy	1.6
bulimia	2.7
bulimiac	0.0
bulimias	0.0
bulimic	2.2
bulimics	1.3
bulk	4.2
bulkage	0.0
bulkages	0.0
bulked	2.2
bulkhead	2.8
bulkier	2.2
bulkiest	1.1
bulkily	0.0
bulking	2.5
bulks	2.0
bulky	3.3
bull	4.3
bulla	2.2
bullace	0.0
bullaces	0.0
bullae	1.7
bullate	0.0
bullbat	0.0
bullbats	0.0
bulldog	3.4
bulldogs	3.6
bulldoze	2.3
bulled	1.5
bullet	4.2
bulleted	1.9
bulletin	3.8
bullets	4.0
bullfrog	2.3
bullhead	2.1
bullhorn	2.3
bullied	3.7
bullier	0.0
bullies	3.5
bulliest	0.0
bulling	1.9
bullion	3.2
bullions	1.2
bullish	3.1
bullneck	0.0
bullnose	1.4
bullock	3.4
bullocks	2.3
bullocky	0.0
bullous	1.7
bullpen	3.3
bullpens	1.9
bullpout	0.0
bullring	2.2
bullrush	1.1
bulls	4.0
bullshit	4.5
bullshot	0.0
bullweed	0.0
bullwhip	1.9
bully	3.9
bullyboy	1.1
bullying	4.0
bullyrag	0.0
bulrush	1.6
bulwark	2.8
bulwarks	1.9
bum	3.8
bumble	3.0
bumbled	1.6
bumbler	1.3
bumblers	0.0
bumbles	1.6
bumbling	2.8
bumboat	0.0
bumboats	0.0
bumf	1.2
bumfs	0.0
bumkin	0.0
bumkins	0.0
bummed	3.1
bummer	3.2
bummers	1.5
bummest	0.0
bumming	2.4
bump	4.0
bumped	3.5
bumper	3.7
bumpered	0.0
bumpers	3.0
bumph	0.0
bumphs	0.0
bumpier	1.4
bumpiest	0.0
bumpily	0.0
bumping	3.3
bumpkin	2.1
bumpkins	1.8
bumps	3.6
bumpy	3.2
bums	3.2
bun	3.6
bunch	4.6
bunched	2.5
bunches	3.0
bunchier	0.0
bunchily	0.0
bunching	2.2
bunchy	1.6
bunco	1.8
buncoed	0.0
buncoing	0.0
buncombe	2.2
buncos	0.0
bund	2.8
bundist	0.0
bundists	0.0
bundle	3.9
bundled	3.3
bundler	1.7
bundlers	1.5
bundles	3.5
bundling	2.7
bunds	1.9
bundt	2.1
bundts	0.0
bung	2.6
bungalow	3.3
bunged	1.6
bungee	2.8
bungees	1.3
bunghole	1.8
bunging	1.1
bungle	2.4
bungled	2.4
bungler	1.5
bunglers	1.3
bungles	1.8
bungling	2.3
bungs	1.6
bunion	2.1
bunions	2.1
bunk	3.5
bunked	1.8
bunker	3.7
bunkered	1.7
bunkers	3.1
bunking	2.0
bunkmate	1.1
bunko	1.8
bunkoed	0.0
bunkoing	0.0
bunkos	0.0
bunks	2.6
bunkum	1.7
bunkums	0.0
bunn	2.4
bunnies	3.2
bunns	0.0
bunny	3.9
bunraku	1.4
bunrakus	0.0
buns	3.4
bunt	2.8
bunted	1.6
bunter	2.0
bunters	0.0
bunting	3.0
buntings	1.9
buntline	1.4
bunts	1.9
bunya	1.4
bunyas	0.0
buoy	3.0
buoyage	0.0
buoyages	0.0
buoyance	0.0
buoyancy	3.0
buoyant	3.0
buoyed	2.6
buoying	1.4
buoys	2.8
buppie	0.0
buppies	0.0
buqsha	0.0
buqshas	0.0
bur	2.8
bura	1.8
buran	1.6
burans	0.0
buras	1.4
burble	1.7
burbled	1.3
burbler	0.0
burblers	0.0
burbles	1.4
burblier	0.0
burbling	1.8
burbly	0.0
burbot	1.5
burbots	0.0
burbs	2.4
burd	2.2
burden	4.2
burdened	3.1
burdener	0.0
burdens	3.3
burdie	0.0
burdies	0.0
burdock	2.1
burdocks	0.0
burds	1.1
bureau	4.4
bureaus	2.9
bureaux	2.2
buret	1.1
burets	0.0
burette	1.2
burettes	0.0
burg	2.8
burgage	1.4
burgages	0.0
burgee	1.4
burgees	0.0
burgeon	1.6
burgeons	0.0
burger	4.1
burgers	3.7
burgess	3.5
burgh	2.9
burghal	1.3
burgher	2.1
burghers	2.3
burghs	2.2
burglar	3.3
burglars	3.0
burglary	3.4
burgle	2.0
burgled	2.4
burgles	0.0
burgling	1.6
burgonet	0.0
burgoo	1.2
burgoos	0.0
burgout	0.0
burgouts	0.0
burgrave	1.1
burgs	1.6
burgundy	3.5
burial	3.9
burials	3.0
buried	4.4
burier	0.0
buriers	0.0
buries	2.7
burin	1.9
burins	1.1
burke	3.9
burked	0.0
burker	0.0
burkers	0.0
burkes	2.0
burking	0.0
burkite	0.0
burkites	0.0
burl	2.4
burlap	2.7
burlaps	0.0
burled	1.2
burler	0.0
burlers	0.0
burlesk	0.0
burlesks	0.0
burley	2.9
burleys	0.0
burlier	1.0
burliest	0.0
burlily	0.0
burling	2.1
burls	1.6
burly	2.8
burn	4.5
burnable	1.7
burned	4.3
burner	3.5
burners	3.0
burnet	2.6
burnets	0.0
burnie	2.5
burnies	0.0
burning	4.5
burnings	2.3
burnish	2.0
burnoose	0.0
burnous	0.0
burnout	3.1
burnouts	2.1
burns	4.2
burnt	4.0
burp	2.8
burped	2.0
burping	2.4
burps	2.3
burr	3.4
burred	1.1
burrer	0.0
burrers	0.0
burrier	0.0
burriest	0.0
burring	1.4
burrito	3.3
burritos	2.9
burro	2.4
burros	2.1
burrow	3.1
burrowed	2.3
burrower	1.2
burrows	3.3
burrs	2.2
burry	2.3
burs	1.7
bursa	2.6
bursae	1.5
bursal	1.2
bursar	2.2
bursars	1.1
bursary	2.6
bursas	0.0
bursate	0.0
burse	1.6
burseed	0.0
burseeds	0.0
bursera	0.0
burses	0.0
bursitis	2.1
burst	4.2
bursted	1.9
burster	1.5
bursters	1.2
bursting	3.5
burstone	0.0
bursts	3.5
burthen	1.9
burthens	0.0
burton	3.8
burtons	1.6
burweed	0.0
burweeds	0.0
bury	3.9
burying	3.4
bus	4.8
busbar	1.6
busbars	1.2
busbies	0.0
busboy	2.0
busboys	1.9
busby	2.7
bused	2.1
buses	4.0
bush	4.5
bushbuck	1.3
bushed	1.8
bushel	2.8
busheled	0.0
busheler	0.0
bushels	2.6
busher	1.4
bushers	0.0
bushes	3.6
bushfire	2.5
bushgoat	0.0
bushido	2.3
bushidos	0.0
bushier	1.5
bushiest	0.0
bushily	0.0
bushing	2.6
bushings	2.5
bushland	2.4
bushless	0.0
bushlike	0.0
bushman	2.5
bushmen	2.2
bushpig	0.0
bushpigs	0.0
bushtit	0.0
bushtits	0.0
bushwa	0.0
bushwah	0.0
bushwahs	0.0
bushwas	0.0
bushy	3.0
busied	2.0
busier	2.9
busies	1.5
busiest	3.4
busily	2.6
business	5.6
busing	2.5
busings	0.0
busk	2.2
busked	1.3
busker	2.2
buskers	2.2
buskin	1.3
buskined	0.0
busking	2.5
buskins	0.0
busks	1.2
busload	2.0
busloads	1.7
busman	1.1
busmen	0.0
buss	2.8
bussed	2.3
busses	2.8
bussing	2.2
bussings	0.0
bust	4.0
bustard	2.0
bustards	1.5
busted	3.8
buster	3.5
busters	2.9
bustic	0.0
bustics	0.0
bustier	2.2
bustiers	1.4
bustiest	0.0
busting	3.4
bustle	3.0
bustled	1.8
bustles	1.9
bustline	1.2
bustling	3.2
busts	3.2
busty	3.1
busulfan	1.1
busy	4.8
busybody	2.1
busying	1.7
busyness	2.1
busywork	1.8
but	6.6
butane	2.6
butanes	0.0
butanol	1.9
butanols	0.0
butanone	1.2
butch	3.4
butcher	3.8
butchers	3.1
butchery	2.6
butches	1.5
bute	2.8
butene	1.5
butenes	0.0
buteo	1.6
buteos	0.0
butle	0.0
butled	0.0
butler	4.1
butlers	2.6
butlery	0.0
butles	0.0
butling	0.0
buts	2.6
butt	4.3
buttals	0.0
butte	3.1
butted	2.6
butter	4.4
buttered	2.9
butters	2.9
buttery	2.9
buttes	2.2
butties	1.6
butting	2.7
buttock	2.5
buttocks	3.1
button	4.6
buttoned	2.8
buttoner	0.0
buttons	4.0
buttony	0.0
buttress	2.7
butts	3.5
butty	2.0
butut	0.0
bututs	0.0
butyl	2.5
butylate	0.0
butylene	1.5
butyls	0.0
butyral	0.0
butyrals	0.0
butyrate	2.1
butyric	1.9
butyrin	0.0
butyrins	0.0
butyrous	0.0
butyryl	0.0
butyryls	0.0
buxom	2.4
buxomer	0.0
buxomest	0.0
buxomly	0.0
buy	5.3
buyable	1.7
buyback	2.7
buybacks	2.4
buyer	4.0
buyers	4.2
buying	4.8
buyout	3.1
buyouts	2.4
buys	3.9
buzuki	0.0
buzukia	0.0
buzukis	0.0
buzz	4.0
buzzard	2.8
buzzards	2.5
buzzed	3.0
buzzer	3.4
buzzers	2.1
buzzes	2.4
buzzing	3.6
buzzwig	0.0
buzzwigs	0.0
buzzword	2.6
bwana	2.0
bwanas	0.0
bye	4.4
byelaw	1.1
byelaws	1.6
byes	2.7
bygone	2.8
bygones	2.3
bylaw	2.6
bylaws	3.0
byline	2.6
bylined	1.3
byliner	0.0
byliners	0.0
bylines	1.8
bylining	0.0
byname	1.2
bynames	0.0
bypass	3.8
bypassed	3.0
bypasses	2.6
bypast	0.0
bypath	0.0
bypaths	0.0
byplay	1.1
byplays	0.0
byre	1.8
byres	1.8
byrl	0.0
byrled	0.0
byrling	0.0
byrls	0.0
byrnie	0.0
byrnies	0.0
byroad	0.0
byroads	0.0
bys	2.3
byssi	0.0
byssus	1.2
byssuses	0.0
bystreet	0.0
bytalk	0.0
bytalks	0.0
byte	3.1
bytes	3.3
byway	2.2
byways	2.4
byword	2.1
bywords	1.1
bywork	0.0
byworks	0.0
byzant	0.0
byzants	0.0
cab	4.0
cabal	3.0
cabala	1.5
cabalas	0.0
cabalism	0.0
cabalist	1.3
caballed	0.0
cabals	1.9
cabana	2.7
cabanas	2.1
cabaret	3.2
cabarets	2.1
cabbage	3.5
cabbaged	0.0
cabbages	2.6
cabbala	0.0
cabbalah	0.0
cabbalas	0.0
cabbed	0.0
cabbie	2.6
cabbies	2.3
cabbing	1.2
cabby	1.9
caber	1.9
cabernet	2.9
cabers	0.0
cabestro	0.0
cabezon	1.2
cabezone	0.0
cabezons	0.0
cabildo	1.8
cabildos	0.0
cabin	4.1
cabined	0.0
cabinet	4.5
cabinets	3.5
cabining	0.0
cabins	3.4
cable	4.5
cabled	2.3
cables	3.9
cablet	0.0
cablets	0.0
cableway	1.7
cabling	2.7
cabman	1.4
cabmen	0.0
cabob	0.0
cabobs	0.0
caboched	0.0
cabochon	2.0
cabomba	0.0
cabombas	0.0
caboodle	1.7
caboose	2.6
cabooses	1.6
caboshed	0.0
cabotage	1.5
cabresta	0.0
cabresto	0.0
cabretta	0.0
cabrilla	0.0
cabriole	1.5
cabs	3.2
cabstand	0.0
caca	2.1
cacao	2.9
cacaos	0.0
cacas	0.0
cachalot	1.4
cache	3.6
cached	2.6
cachepot	0.0
caches	2.9
cachet	2.4
cacheted	0.0
cachets	1.1
cachexia	1.9
cachexic	0.0
cachexy	0.0
caching	2.7
cachou	0.0
cachous	0.0
cachucha	0.0
cacique	2.0
caciques	1.7
cackle	2.4
cackled	2.1
cackler	0.0
cacklers	0.0
cackles	2.1
cackling	2.7
cacodyl	0.0
cacodyls	0.0
cacomixl	0.0
cacti	2.8
cactoid	0.0
cactus	3.4
cactuses	1.9
cad	3.4
cadaster	0.0
cadastre	1.9
cadaver	2.7
cadavers	2.5
caddice	0.0
caddices	0.0
caddie	2.6
caddied	1.7
caddies	2.3
caddis	1.9
caddises	0.0
caddish	1.2
caddy	3.0
caddying	1.7
cade	3.0
cadelle	0.0
cadelles	0.0
cadence	3.1
cadenced	1.2
cadences	2.2
cadency	0.0
cadent	0.0
cadenza	2.1
cadenzas	1.5
cades	1.8
cadet	3.4
cadets	3.3
cadge	1.4
cadged	0.0
cadger	0.0
cadgers	0.0
cadges	0.0
cadging	1.2
cadgy	0.0
cadi	1.9
cadis	0.0
cadmic	0.0
cadmium	2.9
cadmiums	0.0
cadre	3.0
cadres	2.8
cads	1.8
caducean	0.0
caducei	0.0
caduceus	2.0
caducity	0.0
caducous	1.1
caeca	1.4
caecal	1.1
caecally	0.0
caecum	1.9
caeoma	0.0
caeomas	0.0
caesar	3.8
caesars	3.0
caesium	2.2
caesiums	0.0
caestus	0.0
caesura	1.7
caesurae	0.0
caesural	0.0
caesuras	0.0
caesuric	0.0
cafe	4.1
cafes	3.3
caff	1.9
caffein	1.4
caffeine	3.7
caffeins	0.0
caffs	0.0
caftan	1.9
caftans	1.5
cage	4.1
caged	3.1
cageful	0.0
cagefuls	0.0
cageling	0.0
cager	1.5
cagers	1.2
cages	3.4
cagey	2.4
cagier	0.0
cagiest	0.0
cagily	1.1
caginess	0.0
caging	2.1
cagy	0.0
cahier	1.8
cahiers	2.2
cahoot	1.1
cahoots	2.5
cahow	1.1
cahows	0.0
caid	1.8
caids	0.0
caiman	2.2
caimans	1.6
cain	3.5
cains	1.7
caique	1.2
caiques	1.0
caird	2.2
cairds	0.0
cairn	2.9
cairned	0.0
cairns	3.3
cairny	0.0
caisson	2.1
caissons	2.0
caitiff	1.2
caitiffs	0.0
cajaput	0.0
cajaputs	0.0
cajeput	0.0
cajeputs	0.0
cajole	2.2
cajoled	2.2
cajoler	0.0
cajolers	0.0
cajolery	0.0
cajoles	1.3
cajoling	2.1
cajon	2.5
cajones	1.6
cajuput	0.0
cajuputs	0.0
cake	4.5
caked	2.7
cakes	3.9
cakewalk	2.5
cakey	2.1
cakier	0.0
cakiest	0.0
caking	2.2
caky	0.0
calabash	2.3
caladium	1.2
calamar	1.3
calamari	2.6
calamars	0.0
calamary	0.0
calami	0.0
calamine	2.0
calamint	0.0
calamite	0.0
calamity	3.2
calamus	1.9
calando	0.0
calash	0.0
calashes	0.0
calathi	0.0
calathos	0.0
calathus	0.0
calcanea	0.0
calcanei	0.0
calcar	1.3
calcaria	0.0
calcars	0.0
calceate	0.0
calces	0.0
calcic	1.1
calcific	1.2
calcify	1.4
calcine	1.1
calcined	1.9
calcines	0.0
calcite	2.6
calcites	0.0
calcitic	1.2
calcium	3.8
calciums	0.0
calcspar	0.0
calctufa	0.0
calctuff	0.0
calculi	2.0
calculus	3.6
caldaria	0.0
caldera	2.6
calderas	1.6
caldron	1.8
caldrons	0.0
caleche	0.0
caleches	0.0
calendal	0.0
calendar	4.3
calender	2.5
calends	1.2
calesa	0.0
calesas	0.0
calf	3.7
calflike	0.0
calfs	1.6
calfskin	2.0
caliber	3.6
calibers	2.4
calibre	3.2
calibred	0.0
calibres	1.7
calices	0.0
caliche	1.6
caliches	0.0
calicle	0.0
calicles	0.0
calico	2.9
calicoes	1.1
calicos	1.3
calif	3.8
califate	0.0
califs	0.0
calipash	0.0
calipee	0.0
calipees	0.0
caliper	2.6
calipers	2.5
caliph	2.9
caliphal	0.0
caliphs	2.3
calisaya	0.0
calix	1.6
calk	1.6
calked	1.1
calker	0.0
calkers	0.0
calkin	1.4
calking	0.0
calkins	2.2
calks	1.2
call	5.5
calla	2.4
callable	1.8
callaloo	1.6
callan	2.6
callans	0.0
callant	0.0
callants	0.0
callas	2.4
callback	2.8
callboy	1.1
callboys	0.0
called	5.6
caller	3.6
callers	3.1
callet	1.1
callets	0.0
calling	5.0
callings	2.2
calliope	2.4
callipee	0.0
calliper	1.3
callose	1.1
calloses	0.0
callous	3.1
callow	2.5
callower	0.0
calls	4.9
callus	2.6
callused	1.7
calluses	2.4
calm	4.5
calmed	3.3
calmer	3.0
calmest	2.2
calming	3.4
calmly	3.6
calmness	2.9
calms	3.0
calo	2.0
calomel	1.5
calomels	0.0
caloric	3.0
calorics	0.0
calorie	3.6
calories	4.0
calorize	0.0
calory	1.0
calotte	1.0
calottes	0.0
calotype	1.2
caloyer	0.0
caloyers	0.0
calpac	0.0
calpack	0.0
calpacks	0.0
calpacs	0.0
calque	1.3
calqued	0.0
calques	1.0
calquing	0.0
calthrop	1.6
caltrap	0.0
caltraps	0.0
caltrop	1.3
caltrops	1.4
calumet	2.7
calumets	0.0
calumny	2.0
calutron	0.0
calvados	2.1
calvaria	1.2
calvary	3.0
calve	2.0
calved	1.7
calves	3.3
calving	2.4
calx	1.1
calxes	0.0
calycate	0.0
calyceal	0.0
calyces	1.4
calycine	0.0
calycle	0.0
calycles	0.0
calyculi	0.0
calypso	2.9
calypsos	1.1
calypter	0.0
calyptra	1.3
calyx	2.5
calyxes	1.1
calzone	2.2
calzones	1.9
cam	4.1
camail	0.0
camailed	0.0
camails	0.0
camas	2.1
camases	0.0
camass	0.0
camasses	0.0
camber	2.7
cambered	1.7
cambers	1.3
cambia	1.4
cambial	1.0
cambism	0.0
cambisms	0.0
cambist	0.0
cambists	0.0
cambium	1.9
cambiums	0.0
cambogia	2.2
cambric	1.4
cambrics	0.0
came	5.5
camel	3.6
cameleer	0.0
camelia	1.9
camelias	1.1
camellia	2.5
camels	3.3
cameo	3.5
cameoed	0.0
cameoing	0.0
cameos	2.9
camera	4.9
camerae	0.0
cameral	1.3
cameras	4.3
cames	1.5
camion	1.5
camions	0.0
camisa	1.6
camisade	0.0
camisado	0.0
camisas	0.0
camise	0.0
camises	0.0
camisia	0.0
camisias	0.0
camisole	2.1
camlet	0.0
camlets	0.0
camomile	2.0
camorra	2.3
camorras	0.0
camp	4.8
campagna	2.0
campagne	2.0
campaign	5.0
camped	3.3
camper	3.3
campers	3.2
campfire	3.1
camphene	0.0
camphine	0.0
camphire	0.0
camphol	0.0
camphols	0.0
camphor	2.5
camphors	0.0
campi	1.9
campier	0.0
campiest	0.0
campily	0.0
camping	4.0
campings	0.0
campion	2.7
campions	1.1
campo	2.9
campong	0.0
campongs	0.0
camporee	1.2
campos	2.9
camps	4.2
campsite	3.1
campus	4.5
campused	0.0
campuses	3.6
campy	2.5
cams	3.3
camshaft	2.5
can	6.5
canaille	1.2
canakin	0.0
canakins	0.0
canal	4.2
canaled	0.0
canaling	0.0
canalise	0.0
canalize	0.0
canalled	0.0
canaller	0.0
canals	3.5
canape	1.7
canapes	2.0
canard	2.4
canards	1.8
canaries	2.8
canary	3.4
canasta	1.8
canastas	0.0
cancan	1.8
cancans	0.0
cancel	4.2
canceled	3.9
canceler	0.0
cancels	3.1
cancer	4.9
cancers	3.6
cancha	1.1
canchas	0.0
cancroid	0.0
candela	2.2
candelas	1.3
candent	0.0
candid	3.5
candida	2.9
candidas	0.0
candider	0.0
candidly	2.8
candids	1.8
candied	2.6
candies	3.1
candle	3.9
candled	0.0
candler	2.2
candlers	0.0
candles	3.8
candling	1.4
candor	2.8
candors	0.0
candour	2.5
candours	0.0
candy	4.3
candying	0.0
cane	3.8
caned	2.2
canella	1.2
canellas	0.0
canephor	0.0
caner	1.8
caners	0.0
canes	3.1
caneware	0.0
canfield	2.7
canful	0.0
canfuls	0.0
cangue	0.0
cangues	0.0
canid	1.7
canids	1.7
canikin	0.0
canikins	0.0
canine	3.3
canines	2.8
caning	2.4
caninity	0.0
canister	3.1
canities	0.0
canker	2.4
cankered	0.0
cankers	1.7
canna	2.5
cannabic	0.0
cannabin	0.0
cannabis	4.0
cannas	1.4
canned	3.6
cannel	1.4
cannelon	0.0
cannels	0.0
canner	2.0
canners	1.6
cannery	2.6
cannibal	3.0
cannie	1.2
cannier	0.0
canniest	1.1
cannikin	0.0
cannily	1.6
canning	3.3
cannings	1.7
cannoli	2.3
cannon	4.0
cannoned	1.5
cannonry	0.0
cannons	3.4
cannot	5.1
cannula	2.5
cannulae	1.2
cannular	0.0
cannulas	1.6
canny	2.9
canoe	3.5
canoed	1.5
canoeing	2.9
canoeist	1.7
canoes	3.0
canola	2.7
canon	4.1
canoness	0.0
canonic	1.7
canonise	0.0
canonist	1.5
canonize	1.9
canonry	1.6
canons	3.1
canoodle	1.3
canopied	1.9
canopies	2.6
canopy	3.5
canorous	0.0
cans	3.8
cansful	0.0
canso	1.8
cansos	0.0
canst	2.3
cant	4.3
cantala	0.0
cantalas	0.0
cantata	2.4
cantatas	2.0
cantdog	0.0
cantdogs	0.0
canted	2.1
canteen	3.2
canteens	2.5
canter	2.7
cantered	1.8
canters	1.5
canthal	1.4
canthi	0.0
canthus	1.5
cantic	0.0
canticle	2.1
cantina	2.7
cantinas	1.4
canting	1.9
cantle	1.5
cantles	0.0
canto	2.8
canton	3.5
cantonal	2.4
cantoned	0.0
cantons	2.6
cantor	3.1
cantors	1.6
cantos	2.3
cantraip	0.0
cantrap	0.0
cantraps	0.0
cantrip	1.2
cantrips	1.1
cants	1.7
cantus	1.9
canty	1.9
canula	1.0
canulae	0.0
canulas	0.0
canulate	0.0
canvas	4.0
canvased	0.0
canvaser	0.0
canvases	2.9
canvass	2.8
canyon	4.0
canyons	3.0
canzona	1.2
canzonas	0.0
canzone	1.7
canzones	0.0
canzonet	0.0
canzoni	1.4
cap	4.5
capable	4.6
capabler	0.0
capably	2.1
capacity	4.7
cape	4.3
caped	2.4
capelan	0.0
capelans	0.0
capelet	1.2
capelets	0.0
capelin	1.6
capelins	0.0
caper	2.9
capered	0.0
caperer	0.0
caperers	0.0
capering	1.4
capers	2.8
capes	3.0
capeskin	0.0
capework	0.0
capful	1.3
capfuls	0.0
caph	0.0
caphs	0.0
capias	1.0
capiases	0.0
capita	3.8
capital	5.0
capitals	3.6
capitate	1.5
capitol	4.0
capitols	1.9
capitula	1.4
capless	1.2
caplet	1.3
caplets	1.6
caplin	1.9
caplins	0.0
capmaker	0.0
capo	2.7
capon	2.2
caponata	1.4
caponier	0.0
caponize	0.0
capons	1.5
caporal	1.3
caporals	0.0
capos	1.9
capote	2.6
capotes	0.0
capouch	0.0
capped	3.7
capper	2.5
cappers	1.7
capping	3.1
cappings	1.3
capric	1.2
capricci	0.0
caprice	2.9
caprices	2.0
caprifig	0.0
caprine	1.3
capriole	0.0
capris	2.1
caprock	1.7
caprocks	0.0
caps	4.2
capsicin	0.0
capsicum	2.5
capsid	2.2
capsidal	0.0
capsids	1.5
capsize	2.3
capsized	2.8
capsizes	2.1
capsomer	0.0
capstan	2.0
capstans	1.4
capstone	2.7
capsular	2.1
capsule	3.7
capsuled	0.0
capsules	3.3
captain	4.9
captains	3.6
captan	1.4
captans	0.0
caption	3.7
captions	3.2
captious	1.2
captive	3.7
captives	3.2
captor	2.6
captors	3.0
capture	4.4
captured	4.4
capturer	1.1
captures	3.7
capuche	0.0
capuched	0.0
capuches	0.0
capuchin	2.4
caput	2.1
capybara	2.1
car	5.5
carabao	2.0
carabaos	1.1
carabid	1.4
carabids	0.0
carabin	0.0
carabine	1.2
carabins	1.2
caracal	2.0
caracals	1.3
caracara	1.7
carack	0.0
caracks	0.0
caracol	1.8
caracole	0.0
caracols	0.0
caracul	0.0
caraculs	0.0
carafe	2.2
carafes	1.4
caragana	1.0
carageen	0.0
caramba	1.7
caramel	3.5
caramels	2.1
carangid	0.0
carapace	2.6
carapax	0.0
carassow	0.0
carat	3.1
carate	0.0
carates	0.0
carats	2.8
caravan	3.6
caravans	3.0
caravel	1.7
caravels	1.5
caraway	2.4
caraways	0.0
carb	3.3
carbamic	0.0
carbamyl	0.0
carbarn	0.0
carbarns	0.0
carbaryl	1.1
carbide	3.0
carbides	1.8
carbine	2.8
carbines	2.3
carbinol	1.3
carbo	2.3
carbolic	1.9
carbon	4.5
carbonic	2.4
carbons	2.4
carbonyl	2.6
carbora	0.0
carboras	0.0
carbos	0.0
carboxyl	2.2
carboy	1.6
carboyed	0.0
carboys	1.7
carbs	3.4
carburet	0.0
carcajou	0.0
carcanet	1.5
carcase	1.8
carcases	1.7
carcass	3.2
carcel	1.1
carcels	0.0
card	5.0
cardamom	2.7
cardamon	1.4
cardamum	0.0
cardcase	0.0
carded	2.8
carder	2.0
carders	1.5
cardia	1.8
cardiac	3.8
cardiacs	1.2
cardiae	0.0
cardias	0.0
cardigan	3.2
cardinal	3.9
carding	2.5
cardings	0.0
cardioid	1.8
carditic	0.0
carditis	1.1
cardoon	1.3
cardoons	1.1
cards	4.8
care	5.6
cared	4.1
careen	1.9
careened	2.0
careener	0.0
careens	1.5
career	5.1
careered	1.5
careerer	0.0
careers	4.1
carefree	3.2
careful	4.6
careless	3.6
carer	2.9
carers	3.2
cares	4.4
caress	2.9
caressed	2.5
caresser	0.0
caresses	2.6
caret	1.9
caretake	0.0
caretook	0.0
carets	0.0
careworn	1.7
carex	2.2
carfare	1.3
carfares	0.0
carful	1.6
carfuls	0.0
cargo	4.2
cargoes	2.6
cargos	2.1
carhop	1.3
carhops	0.0
caribe	2.2
caribes	0.0
caribou	3.0
caribous	1.0
carices	0.0
caried	0.0
caries	2.5
carillon	2.3
carina	2.8
carinae	2.0
carinal	0.0
carinas	0.0
carinate	1.2
caring	4.2
carioca	2.0
cariocas	1.4
cariole	0.0
carioles	0.0
carious	1.5
caritas	2.4
cark	1.5
carked	0.0
carking	0.0
carks	0.0
carl	4.2
carle	2.5
carles	2.4
carless	1.9
carlin	3.1
carline	1.7
carlines	0.0
carling	2.5
carlings	0.0
carlins	0.0
carlish	0.0
carload	2.0
carloads	2.0
carls	1.9
carmaker	2.2
carman	2.5
carmen	3.6
carmine	3.0
carmines	1.3
carn	2.2
carnage	3.3
carnages	0.0
carnal	3.0
carnally	1.7
carnauba	1.7
carnet	1.8
carnets	1.3
carney	3.1
carneys	1.2
carnie	1.9
carnies	1.8
carnify	0.0
carnival	3.9
carns	1.4
carny	2.0
caroach	0.0
carob	2.1
carobs	0.0
caroch	0.0
caroche	0.0
caroches	0.0
carol	4.0
caroled	0.0
caroler	1.1
carolers	1.9
caroli	1.8
caroling	2.0
carolled	0.0
caroller	0.0
carols	2.9
carolus	1.9
carom	2.0
caromed	1.2
caroming	0.0
caroms	1.1
carotene	2.6
carotid	2.9
carotids	1.3
carotin	0.0
carotins	0.0
carousal	1.1
carouse	1.5
caroused	0.0
carousel	3.2
carouser	0.0
carouses	0.0
carp	3.2
carpal	2.7
carpale	0.0
carpalia	0.0
carpals	1.4
carped	1.1
carpel	1.9
carpels	1.8
carper	2.1
carpers	0.0
carpet	4.2
carpeted	2.7
carpets	3.4
carpi	2.0
carping	2.0
carpings	0.0
carpool	2.8
carpools	1.7
carport	2.2
carports	1.4
carps	1.9
carpus	1.5
carr	3.7
carrack	2.0
carracks	1.1
carrel	2.0
carrell	2.1
carrells	0.0
carrels	1.2
carriage	3.9
carried	4.8
carrier	4.3
carriers	4.0
carries	4.2
carriole	0.0
carrion	2.7
carrions	0.0
carritch	0.0
carroch	0.0
carrom	1.6
carromed	0.0
carroms	0.0
carrot	3.6
carrotin	0.0
carrots	3.6
carroty	1.2
carrs	1.7
carry	4.9
carryall	1.9
carrying	4.6
carryon	1.7
carryons	0.0
carryout	2.0
cars	4.9
carse	1.7
carses	0.0
carsick	1.7
cart	4.0
cartable	0.0
cartage	1.7
cartages	0.0
carte	3.2
carted	2.6
cartel	3.6
cartels	3.2
carter	4.3
carters	2.6
cartes	2.1
carting	2.4
cartload	1.4
carton	3.2
cartoned	0.0
cartons	2.9
cartoon	4.1
cartoons	3.7
cartoony	2.2
cartop	0.0
cartouch	0.0
carts	3.5
caruncle	1.1
carve	3.4
carved	3.9
carvel	2.2
carvels	0.0
carven	1.8
carver	3.3
carvers	2.3
carves	2.4
carving	3.5
carvings	3.0
carwash	2.1
caryatic	0.0
caryatid	1.7
caryotin	0.0
casa	3.5
casaba	1.0
casabas	0.0
casas	2.7
casava	0.0
casavas	0.0
casbah	2.2
casbahs	0.0
cascabel	1.1
cascable	0.0
cascade	3.5
cascaded	2.2
cascades	3.0
cascara	1.7
cascaras	0.0
case	5.5
casease	0.0
caseases	0.0
caseate	0.0
caseated	0.0
caseates	0.0
casebook	2.3
cased	2.6
casefied	0.0
casefies	0.0
casefy	0.0
caseic	0.0
casein	2.5
caseins	0.0
caseload	2.5
casemate	1.8
casement	2.7
caseose	0.0
caseoses	0.0
caseous	0.0
casern	0.0
caserne	0.0
casernes	0.0
caserns	0.0
cases	5.0
casette	1.3
casettes	0.0
casework	2.3
caseworm	0.0
cash	4.9
cashable	0.0
cashaw	0.0
cashaws	0.0
cashbook	0.0
cashbox	1.7
cashed	3.1
cashes	2.4
cashew	2.8
cashews	2.5
cashier	3.6
cashiers	2.8
cashing	3.1
cashless	2.5
cashmere	3.1
cashoo	0.0
cashoos	0.0
casimere	0.0
casimire	0.0
casing	3.4
casings	2.9
casini	1.5
casino	4.2
casinos	3.5
casita	1.8
casitas	1.8
cask	3.0
casked	0.0
casket	3.3
casketed	0.0
caskets	2.5
casking	0.0
casks	2.7
casky	0.0
casque	1.6
casqued	0.0
casques	0.0
cassaba	0.0
cassabas	0.0
cassata	1.4
cassatas	0.0
cassava	2.8
cassavas	0.0
cassette	3.4
cassia	2.5
cassias	0.0
cassino	2.3
cassinos	0.0
cassis	2.3
cassises	0.0
cassock	2.2
cassocks	1.5
cast	4.8
castable	1.6
castanet	1.4
castaway	2.6
caste	3.6
casteism	1.8
caster	3.1
casters	2.7
castes	3.1
casting	4.2
castings	2.8
castle	4.5
castled	1.4
castles	3.5
castling	1.7
castoff	1.6
castoffs	1.6
castor	3.2
castors	2.0
castrate	2.3
castrati	1.6
castrato	1.7
casts	3.6
casual	4.2
casually	3.7
casuals	2.5
casualty	3.6
casuist	0.0
casuists	0.0
casus	2.2
cat	4.8
catacomb	2.1
catalase	2.2
catalo	0.0
cataloes	0.0
catalog	3.9
catalogs	3.1
catalos	0.0
catalpa	1.9
catalpas	0.0
catalyst	3.8
catalyze	2.5
catamite	1.1
catapult	3.0
cataract	3.0
catarrh	1.9
catarrhs	0.0
catawba	2.4
catawbas	0.0
catbird	1.9
catbirds	1.2
catboat	1.0
catboats	0.0
catbrier	0.0
catcall	1.8
catcalls	2.0
catch	4.9
catchall	2.0
catcher	3.5
catchers	2.9
catches	3.9
catchfly	1.1
catchier	1.8
catching	4.2
catchup	2.1
catchups	0.0
catchy	3.5
catclaw	0.0
catclaws	0.0
cate	3.1
catechin	1.7
catechol	1.8
catechu	1.4
catechus	0.0
category	4.6
catena	2.0
catenae	0.0
catenary	2.0
catenas	0.0
catenate	0.0
catenoid	0.0
cater	3.5
cateran	0.0
caterans	0.0
catered	3.1
caterer	2.7
caterers	2.6
cateress	0.0
catering	3.6
caters	3.1
cates	2.6
catface	0.0
catfaces	0.0
catfall	0.0
catfalls	0.0
catfight	2.1
catfish	3.4
catgut	1.7
catguts	0.0
cathead	0.0
catheads	0.0
cathect	0.0
cathects	0.0
cathedra	2.0
catheter	3.2
cathexes	0.0
cathexis	1.3
cathodal	0.0
cathode	3.0
cathodes	2.0
cathodic	2.0
catholic	4.5
cathouse	1.6
cation	2.8
cationic	2.4
cations	2.6
catkin	1.6
catkins	2.1
catlike	1.8
catlin	2.5
catling	1.4
catlings	0.0
catlins	1.1
catmint	1.2
catmints	0.0
catnap	1.8
catnaper	0.0
catnaps	1.2
catnip	2.7
catnips	0.0
cats	4.5
catspaw	1.4
catspaws	0.0
catsup	1.9
catsups	0.0
cattail	1.8
cattails	1.8
cattalo	0.0
cattalos	0.0
catted	1.1
cattery	1.9
cattie	0.0
cattier	0.0
catties	1.7
cattiest	0.0
cattily	0.0
catting	1.5
cattish	0.0
cattle	4.2
cattleya	1.9
catty	2.6
catwalk	3.0
catwalks	2.2
caucus	3.6
caucused	1.5
caucuses	2.8
caudad	1.1
caudal	2.8
caudally	1.4
caudate	2.0
caudated	0.0
caudates	0.0
caudex	1.4
caudexes	0.0
caudices	0.0
caudillo	1.7
caudle	1.6
caudles	0.0
caught	4.9
caul	2.1
cauld	1.3
cauldron	3.1
caulds	0.0
caules	0.0
caulicle	0.0
cauline	1.4
caulis	0.0
caulk	2.3
caulked	1.7
caulker	2.0
caulkers	1.1
caulking	2.2
caulks	1.1
cauls	0.0
causable	0.0
causal	3.3
causally	2.4
causals	0.0
cause	5.3
caused	4.9
causer	1.7
causerie	0.0
causers	1.1
causes	4.6
causeway	3.0
causey	1.9
causeys	0.0
causing	4.5
caustic	3.0
caustics	1.5
cautery	1.6
caution	4.0
cautions	3.0
cautious	3.8
cavalero	0.0
cavalier	3.2
cavalla	1.3
cavallas	0.0
cavally	0.0
cavalry	3.8
cavatina	1.3
cavatine	0.0
cave	4.2
caveat	3.1
caveated	0.0
caveator	0.0
caveats	2.8
caved	3.0
cavefish	1.3
cavelike	0.0
caveman	2.9
cavemen	2.5
caver	1.8
cavern	3.1
caverned	0.0
caverns	3.0
cavers	2.1
caves	3.7
cavetti	0.0
cavetto	0.0
cavettos	0.0
caviar	3.1
caviare	0.0
caviares	0.0
caviars	0.0
cavicorn	0.0
cavie	0.0
cavies	1.4
cavil	2.0
caviled	0.0
caviler	0.0
cavilers	0.0
caviling	0.0
cavilled	0.0
caviller	0.0
cavils	1.2
caving	2.8
cavings	0.0
cavitary	1.2
cavitate	0.0
cavitied	0.0
cavities	3.3
cavity	3.6
cavort	1.7
cavorted	1.4
cavorter	0.0
cavorts	1.2
cavy	1.6
caw	2.6
cawed	0.0
cawing	1.7
caws	2.0
cay	2.7
cayenne	3.0
cayenned	0.0
cayennes	0.0
cayman	3.2
caymans	1.9
cays	2.0
cayuse	1.6
cayuses	0.0
cazique	0.0
caziques	0.0
cease	4.0
ceased	3.8
ceases	3.2
ceasing	2.9
cebid	0.0
cebids	0.0
ceboid	0.0
ceboids	0.0
ceca	1.7
cecal	1.5
cecally	0.0
cecum	1.8
cedar	3.8
cedarn	0.0
cedars	2.8
cede	2.9
ceded	3.0
ceder	1.4
ceders	0.0
cedes	2.1
cedi	2.0
cedilla	0.0
cedillas	0.0
ceding	2.6
cedis	1.7
cedula	1.4
cedulas	0.0
cee	3.0
cees	1.8
ceiba	1.9
ceibas	0.0
ceil	1.9
ceiled	0.0
ceiler	0.0
ceilers	0.0
ceiling	4.2
ceilings	3.5
ceils	0.0
ceinture	1.3
cel	2.8
celadon	2.2
celadons	0.0
celeb	3.0
celebs	3.1
celeriac	2.0
celeries	0.0
celerity	2.0
celery	3.3
celesta	1.7
celestas	0.0
celeste	3.2
celestes	1.1
celiac	2.9
celiacs	1.5
celibacy	2.9
celibate	2.7
cell	4.9
cella	2.1
cellae	0.0
cellar	3.6
cellared	1.1
cellarer	1.0
cellaret	0.0
cellars	3.0
celled	2.6
celli	1.7
celling	1.5
cellist	2.7
cellists	1.8
cellmate	2.3
cello	3.3
cellos	2.2
cells	4.8
cellular	3.9
cellule	1.3
cellules	0.0
celom	0.0
celomata	0.0
celoms	0.0
celosia	1.4
celosias	0.0
cels	1.9
celt	2.3
celts	2.8
cembali	0.0
cembalo	1.1
cembalos	0.0
cement	3.9
cementa	0.0
cemented	3.2
cementer	0.0
cements	2.7
cementum	1.7
cemetery	4.1
cenacle	1.4
cenacles	0.0
cenobite	1.3
cenotaph	2.6
cenote	1.9
cenotes	1.7
cense	1.4
censed	0.0
censer	2.0
censers	1.4
censes	0.0
censing	0.0
censor	3.4
censored	3.4
censors	3.0
censual	0.0
censure	2.9
censured	2.6
censurer	0.0
censures	1.9
census	4.2
censused	0.0
censuses	2.7
cent	4.8
cental	1.5
centals	0.0
centare	0.0
centares	0.0
centaur	2.8
centaurs	2.5
centaury	1.3
centavo	1.4
centavos	1.9
center	5.2
centered	4.0
centers	4.4
centeses	0.0
centesis	0.0
centiare	0.0
centile	1.1
centiles	0.0
centime	1.5
centimes	1.9
centimo	0.0
centimos	0.0
centner	0.0
centners	0.0
cento	2.3
centones	0.0
centos	2.2
centra	2.2
central	5.1
centrals	1.9
centre	5.0
centred	3.5
centres	4.1
centric	3.4
centring	2.2
centrism	2.1
centrist	3.2
centroid	2.2
centrum	2.3
centrums	0.0
cents	4.4
centum	2.0
centums	0.0
centuple	0.0
century	5.0
ceorl	0.0
ceorlish	0.0
ceorls	0.0
cep	2.4
cepe	0.0
cepes	1.0
cephalad	1.0
cephalic	2.1
cephalin	0.0
cepheid	1.8
cepheids	1.5
ceps	1.8
ceramal	0.0
ceramals	0.0
ceramic	3.7
ceramics	3.4
ceramist	1.6
cerastes	1.0
cerate	0.0
cerated	0.0
cerates	0.0
ceratin	0.0
ceratins	0.0
ceratoid	0.0
cercaria	0.0
cerci	2.0
cercis	1.2
cercises	0.0
cercus	0.0
cere	2.0
cereal	3.7
cereals	3.2
cerebra	0.0
cerebral	3.6
cerebric	0.0
cerebrum	2.2
cered	0.0
cerement	0.0
ceremony	4.4
ceres	2.9
cereus	2.1
cereuses	0.0
ceria	1.7
cerias	0.0
ceric	1.3
cering	0.0
ceriph	0.0
ceriphs	0.0
cerise	2.1
cerises	0.0
cerite	0.0
cerites	0.0
cerium	2.2
ceriums	0.0
cermet	1.4
cermets	0.0
cernuous	0.0
cero	2.1
ceros	1.0
cerotic	0.0
cerotype	0.0
cerous	0.0
certain	5.2
certes	1.2
certify	3.1
cerulean	2.3
cerumen	1.3
cerumens	0.0
ceruse	0.0
ceruses	0.0
cerusite	0.0
cervelas	0.0
cervelat	0.0
cervical	3.5
cervices	0.0
cervid	1.0
cervine	0.0
cervix	3.0
cervixes	0.0
cesarean	2.6
cesarian	1.0
cesium	2.5
cesiums	0.0
cess	2.3
cessed	0.0
cesses	1.2
cessing	0.0
cession	2.4
cessions	1.5
cesspit	2.0
cesspits	1.5
cesspool	2.7
cesta	1.5
cestas	0.0
cesti	0.0
cestode	1.1
cestodes	1.3
cestoi	0.0
cestoid	0.0
cestoids	0.0
cestos	0.0
cestus	1.5
cestuses	0.0
cesura	0.0
cesurae	0.0
cesuras	0.0
cetacean	2.2
cetane	1.5
cetanes	0.0
cete	0.0
cetes	0.0
cetology	0.0
ceviche	2.5
ceviches	0.0
chablis	2.2
chabouk	0.0
chabouks	0.0
chabuk	0.0
chabuks	0.0
chacma	1.0
chacmas	0.0
chaconne	1.6
chad	3.9
chadar	1.4
chadarim	0.0
chadars	0.0
chadless	0.0
chador	1.7
chadors	0.0
chadri	0.0
chads	2.0
chaeta	0.0
chaetae	1.1
chaetal	0.0
chafe	2.4
chafed	2.3
chafer	1.6
chafers	1.1
chafes	1.8
chaff	2.8
chaffed	1.5
chaffer	1.3
chaffers	1.2
chaffier	0.0
chaffing	1.9
chaffs	1.1
chaffy	1.1
chafing	2.6
chagrin	2.9
chagrins	0.0
chain	4.7
chaine	1.6
chained	3.4
chaines	0.0
chaining	2.6
chainman	0.0
chainmen	0.0
chains	4.1
chainsaw	3.2
chair	4.7
chaired	3.4
chairing	2.6
chairman	4.8
chairmen	3.1
chairs	4.0
chaise	2.6
chaises	1.6
chakra	3.2
chakras	2.6
chalah	0.0
chalahs	0.0
chalaza	0.0
chalazae	0.0
chalazal	0.0
chalazas	0.0
chalazia	0.0
chalcid	1.2
chalcids	0.0
chaldron	0.0
chaleh	0.0
chalehs	0.0
chalet	3.1
chalets	2.6
chalice	3.0
chaliced	0.0
chalices	2.1
chalk	3.7
chalked	2.7
chalkier	0.0
chalking	2.2
chalks	2.1
chalky	2.7
challa	1.4
challah	2.0
challahs	0.0
challas	0.0
challie	0.0
challies	0.0
challis	2.3
challot	0.0
challoth	0.0
chally	1.1
chalone	0.0
chalones	0.0
chalot	0.0
chaloth	0.0
chalutz	0.0
cham	2.7
chamade	0.0
chamades	0.0
chamber	4.5
chambers	4.1
chambray	2.1
chamfer	1.8
chamfers	1.3
chamfron	0.0
chamise	0.0
chamises	0.0
chamiso	0.0
chamisos	0.0
chammied	0.0
chammies	0.0
chammy	0.0
chamois	2.5
chamoix	0.0
champ	3.9
champac	0.0
champacs	0.0
champak	1.3
champaks	0.0
champed	0.0
champer	0.0
champers	1.8
champing	1.9
champion	4.6
champs	3.6
champy	1.1
chams	1.4
chance	5.3
chanced	2.4
chancel	2.7
chancels	0.0
chancery	2.9
chances	4.5
chancier	0.0
chancily	0.0
chancing	2.0
chancre	1.2
chancres	0.0
chancy	2.0
chandler	3.8
chanfron	0.0
chang	3.7
change	5.5
changed	5.1
changer	3.5
changers	2.8
changes	5.1
changing	4.8
changs	1.7
channel	4.8
channels	4.4
chanson	2.3
chansons	2.0
chant	3.6
chantage	0.0
chanted	3.0
chanter	2.0
chanters	1.6
chantey	1.1
chanteys	1.1
chanties	0.0
chanting	3.6
chantor	0.0
chantors	0.0
chantry	2.5
chants	3.4
chanty	1.4
chao	3.1
chaos	4.3
chaoses	0.0
chaotic	3.7
chap	3.6
chapati	1.9
chapatis	1.6
chapatti	1.3
chapbook	2.2
chape	1.4
chapeau	2.2
chapeaus	0.0
chapeaux	0.0
chapel	4.0
chapels	2.9
chaperon	2.1
chapes	0.0
chapiter	0.0
chaplain	3.4
chaplet	1.9
chaplets	1.2
chapman	3.8
chapmen	0.0
chappati	0.0
chapped	2.5
chapping	1.4
chaps	3.1
chapt	1.5
chapter	4.7
chapters	4.1
chaqueta	0.0
char	3.5
characid	0.0
characin	0.0
charade	2.9
charades	2.4
charas	1.8
charases	0.0
charcoal	3.6
chard	2.7
chards	1.1
chare	1.4
chared	0.0
chares	1.3
charge	5.0
charged	4.6
charger	3.6
chargers	3.7
charges	4.7
charging	4.2
charier	0.0
chariest	0.0
charily	0.0
charing	2.8
chariot	3.3
chariots	2.9
charism	1.8
charisma	3.3
charisms	1.2
charity	4.5
chark	1.4
charka	1.2
charkas	0.0
charked	0.0
charkha	1.4
charkhas	0.0
charking	0.0
charks	0.0
charlady	0.0
charley	3.3
charleys	0.0
charlie	4.4
charlies	2.1
charlock	1.3
charm	4.1
charmed	3.2
charmer	2.7
charmers	2.1
charming	4.1
charms	3.5
charnel	2.0
charnels	0.0
charpai	0.0
charpais	0.0
charpoy	0.0
charpoys	0.0
charqui	0.0
charquid	0.0
charquis	0.0
charr	1.9
charred	3.1
charrier	1.5
charring	2.0
charro	1.8
charros	1.4
charrs	0.0
charry	1.3
chars	2.5
chart	4.5
charted	3.0
charter	4.2
charters	3.3
charting	3.2
chartist	2.0
charts	4.2
chary	1.6
chase	4.4
chased	3.7
chaser	3.1
chasers	2.9
chases	3.2
chasing	4.1
chasings	0.0
chasm	3.0
chasmal	0.0
chasmed	0.0
chasmic	0.0
chasms	2.1
chasmy	0.0
chasse	2.1
chassed	0.0
chasses	0.0
chasseur	1.8
chassis	3.5
chaste	2.8
chastely	1.6
chasten	1.7
chastens	1.1
chaster	1.1
chastest	0.0
chastise	2.5
chastity	3.1
chasuble	1.8
chat	4.6
chatchka	0.0
chatchke	0.0
chateau	3.3
chateaus	1.4
chateaux	2.1
chats	3.4
chatted	3.2
chattel	2.5
chattels	2.1
chatter	3.4
chatters	2.2
chattery	0.0
chattier	1.1
chattily	0.0
chatting	3.8
chatty	2.9
chaufer	0.0
chaufers	0.0
chauffer	1.8
chaunt	0.0
chaunted	0.0
chaunter	0.0
chaunts	0.0
chausses	0.0
chaw	2.0
chawed	0.0
chawer	0.0
chawers	0.0
chawing	0.0
chaws	0.0
chay	2.1
chayote	1.4
chayotes	0.0
chays	0.0
chazan	1.5
chazanim	0.0
chazans	0.0
chazzan	0.0
chazzans	0.0
chazzen	0.0
chazzens	0.0
cheap	4.7
cheapen	2.2
cheapens	1.9
cheaper	4.2
cheapest	3.8
cheapie	1.8
cheapies	1.6
cheapish	1.2
cheaply	3.3
cheapo	2.1
cheapos	0.0
cheaps	0.0
cheat	4.1
cheated	3.9
cheater	3.2
cheaters	3.0
cheating	4.2
cheats	3.4
chebec	0.0
chebecs	0.0
chechako	0.0
check	5.3
checked	4.5
checker	3.1
checkers	3.1
checking	4.4
checkoff	1.7
checkout	3.6
checkrow	0.0
checks	4.3
checkup	2.9
checkups	2.5
cheddar	3.3
cheddars	1.6
cheddite	0.0
cheder	1.1
cheders	0.0
chedite	0.0
chedites	0.0
cheek	4.0
cheeked	2.5
cheekful	0.0
cheekier	1.2
cheekily	2.0
cheeking	1.1
cheeks	3.8
cheeky	3.5
cheep	2.5
cheeped	0.0
cheeper	1.3
cheepers	0.0
cheeping	1.1
cheeps	1.2
cheer	4.1
cheered	3.4
cheerer	0.0
cheerers	0.0
cheerful	3.6
cheerier	1.8
cheerily	2.1
cheering	3.8
cheerio	2.3
cheerios	2.8
cheerled	0.0
cheerly	0.0
cheero	0.0
cheeros	0.0
cheers	4.1
cheery	3.0
cheese	4.6
cheesed	2.2
cheeses	3.2
cheesier	1.6
cheesily	0.0
cheesing	2.1
cheesy	3.6
cheetah	3.2
cheetahs	2.8
chef	4.2
chefdom	0.0
chefdoms	0.0
cheffed	0.0
cheffing	0.0
chefs	3.6
chegoe	0.0
chegoes	0.0
chela	2.0
chelae	1.2
chelas	1.2
chelate	1.9
chelated	1.7
chelates	1.5
chelator	1.4
cheliped	0.0
cheloid	0.0
cheloids	0.0
chemic	1.4
chemical	4.6
chemics	0.0
chemise	2.2
chemises	1.4
chemism	0.0
chemisms	0.0
chemist	3.5
chemists	3.2
chemo	3.2
chemos	1.2
chemurgy	0.0
chenille	2.1
chenopod	0.0
cheque	3.5
chequer	1.6
chequers	2.4
cheques	3.1
cherish	3.5
cheroot	1.4
cheroots	1.1
cherries	3.3
cherry	4.2
chert	2.3
chertier	0.0
cherts	1.2
cherty	1.1
cherub	2.6
cherubic	1.8
cherubim	2.2
cherubs	2.3
chervil	1.9
chervils	0.0
chess	3.9
chesses	0.0
chessman	1.6
chessmen	1.8
chest	4.5
chested	2.8
chestful	0.0
chestier	0.0
chestnut	3.5
chests	3.2
chesty	2.1
chetah	0.0
chetahs	0.0
cheth	0.0
cheths	0.0
chetrum	0.0
chetrums	0.0
chevalet	0.0
cheveron	0.0
chevied	0.0
chevies	0.0
cheviot	2.1
cheviots	1.3
chevre	1.5
chevres	0.0
chevron	3.3
chevrons	2.2
chevy	3.5
chevying	0.0
chew	3.7
chewable	2.1
chewed	3.2
chewer	1.7
chewers	1.6
chewier	1.4
chewiest	0.0
chewing	3.6
chewink	0.0
chewinks	0.0
chews	2.8
chewy	2.9
chez	3.0
chi	4.0
chia	3.0
chiao	2.1
chias	0.0
chiasm	1.7
chiasma	1.2
chiasmal	0.0
chiasmas	0.0
chiasmi	0.0
chiasmic	0.0
chiasms	0.0
chiasmus	1.4
chiastic	1.2
chiaus	0.0
chiauses	0.0
chibouk	0.0
chibouks	0.0
chic	3.7
chicane	2.4
chicaned	0.0
chicaner	0.0
chicanes	1.6
chicano	2.9
chicanos	2.0
chiccory	0.0
chicer	0.0
chicest	1.5
chichi	2.3
chichis	1.0
chick	4.1
chickee	1.1
chickees	0.0
chicken	4.6
chickens	3.8
chickory	0.0
chickpea	2.5
chicks	3.9
chicle	1.5
chicles	0.0
chicly	0.0
chicness	0.0
chico	3.2
chicory	2.4
chicos	1.7
chics	1.6
chid	1.6
chidden	0.0
chide	2.2
chided	2.4
chider	0.0
chiders	0.0
chides	2.1
chiding	2.1
chief	5.1
chiefdom	1.9
chiefer	0.0
chiefest	1.6
chiefly	3.4
chiefs	4.1
chiel	1.1
chield	0.0
chields	0.0
chiels	0.0
chiffon	2.8
chiffons	1.5
chigetai	0.0
chigger	1.6
chiggers	1.7
chignon	1.7
chignons	0.0
chigoe	0.0
chigoes	0.0
child	5.3
childbed	1.4
childe	2.3
childes	0.0
childing	0.0
childish	3.7
childly	0.0
children	5.5
chile	4.1
chiles	2.8
chili	3.7
chiliad	1.1
chiliads	0.0
chiliasm	0.0
chiliast	0.0
chilidog	0.0
chilies	2.3
chill	4.2
chilled	3.5
chiller	2.5
chillers	2.1
chillest	1.9
chilli	3.3
chillier	1.9
chillies	2.6
chillily	0.0
chilling	3.7
chills	3.4
chillum	1.7
chillums	0.0
chilly	3.5
chilopod	0.0
chimaera	1.8
chimar	0.0
chimars	0.0
chimb	0.0
chimbley	0.0
chimbly	0.0
chimbs	0.0
chime	3.1
chimed	2.6
chimer	0.0
chimera	2.9
chimeras	2.2
chimere	1.1
chimeres	0.0
chimeric	2.2
chimers	0.0
chimes	3.1
chiming	2.7
chimla	0.0
chimlas	0.0
chimley	0.0
chimleys	0.0
chimney	3.5
chimneys	3.0
chimp	3.0
chimps	2.9
chin	4.0
china	5.1
chinas	2.2
chinbone	0.0
chinch	1.4
chinches	0.0
chinchy	0.0
chine	2.5
chined	0.0
chines	2.0
chining	0.0
chink	2.6
chinked	1.1
chinkier	0.0
chinking	1.4
chinks	2.3
chinky	1.8
chinless	1.6
chinned	1.8
chinning	1.3
chino	3.0
chinone	0.0
chinones	0.0
chinook	2.9
chinooks	1.9
chinos	2.4
chins	2.7
chints	0.0
chintses	0.0
chintz	2.0
chintzes	0.0
chintzy	1.8
chip	4.3
chipmuck	0.0
chipmunk	2.7
chipped	3.2
chipper	2.8
chippers	1.8
chippie	1.7
chippier	0.0
chippies	1.7
chipping	3.2
chippy	2.6
chips	4.2
chiral	2.7
chirk	1.8
chirked	0.0
chirker	0.0
chirkest	0.0
chirking	0.0
chirks	0.0
chirm	0.0
chirmed	0.0
chirming	0.0
chirms	0.0
chiro	2.0
chiros	0.0
chirp	2.8
chirped	2.1
chirper	0.0
chirpers	0.0
chirpier	0.0
chirpily	1.0
chirping	2.9
chirps	2.3
chirpy	2.2
chirr	0.0
chirre	0.0
chirred	0.0
chirres	0.0
chirring	0.0
chirrs	0.0
chirrup	1.5
chirrups	1.1
chirrupy	0.0
chis	2.0
chisel	3.0
chiseled	2.7
chiseler	0.0
chisels	2.4
chit	3.0
chital	1.2
chitchat	2.3
chitin	2.2
chitins	0.0
chitlin	1.4
chitling	0.0
chitlins	1.6
chiton	1.8
chitons	1.3
chitosan	2.2
chits	1.9
chitter	1.5
chitters	0.0
chitties	0.0
chitty	2.7
chivalry	3.1
chivaree	0.0
chivari	0.0
chive	2.2
chives	2.6
chivied	0.0
chivies	0.0
chivvied	1.1
chivvies	0.0
chivvy	1.2
chivy	0.0
chivying	0.0
chlamys	1.5
chloasma	0.0
chloral	2.0
chlorals	0.0
chlorate	2.0
chlordan	0.0
chloric	1.1
chlorid	0.0
chloride	3.4
chlorids	0.0
chlorin	0.0
chlorine	3.4
chlorins	0.0
chlorite	1.9
chlorous	0.0
choana	0.0
choanae	0.0
chock	2.9
chocked	2.1
chockful	0.0
chocking	1.8
chocks	1.9
choice	5.1
choicely	0.0
choicer	1.4
choices	4.5
choicest	2.1
choir	3.9
choirboy	1.9
choired	0.0
choiring	0.0
choirs	3.0
choke	3.7
choked	3.5
choker	2.6
chokers	2.1
chokes	2.9
chokey	1.5
chokier	0.0
chokiest	0.0
choking	3.6
choky	1.2
cholate	0.0
cholates	0.0
cholent	1.2
cholents	0.0
choler	1.4
cholera	3.3
choleras	0.0
choleric	1.8
cholers	0.0
choline	2.5
cholines	0.0
cholla	2.1
chollas	0.0
cholo	2.4
cholos	1.7
chomp	2.5
chomped	1.9
chomper	1.5
chompers	1.9
chomping	2.6
chomps	1.8
chon	2.4
chook	2.2
chooks	2.0
choose	4.9
chooser	1.9
choosers	2.3
chooses	3.8
choosey	1.6
choosier	1.1
choosing	4.3
choosy	2.5
chop	3.8
chopin	2.9
chopine	0.0
chopines	0.0
chopins	0.0
chopped	3.8
chopper	3.3
choppers	2.7
choppier	1.3
choppily	0.0
chopping	3.4
choppy	2.9
chops	3.4
choragi	0.0
choragic	0.0
choragus	0.0
choral	3.2
chorale	2.5
chorales	1.7
chorally	0.0
chorals	1.1
chord	3.6
chordal	1.9
chordate	1.3
chorded	1.2
chording	1.3
chords	3.5
chore	3.1
chorea	1.8
choreal	0.0
choreas	0.0
chored	0.0
choregi	0.0
choregus	0.0
choreic	0.0
choreman	0.0
choremen	0.0
choreoid	0.0
chores	3.5
chorial	0.0
choriamb	0.0
choric	0.0
chorine	1.1
chorines	0.0
choring	0.0
chorioid	0.0
chorion	1.6
chorions	0.0
chorizo	2.8
chorizos	1.1
choroid	2.0
choroids	0.0
chortle	2.1
chortled	1.8
chortler	0.0
chortles	1.6
chorus	3.9
chorused	1.4
choruses	2.8
chose	4.5
chosen	4.6
choses	2.3
chott	0.0
chotts	0.0
chough	1.6
choughs	1.5
chouse	0.0
choused	0.0
chouser	0.0
chousers	0.0
chouses	0.0
choush	0.0
choushes	0.0
chousing	0.0
chow	3.4
chowchow	0.0
chowder	2.8
chowders	1.3
chowed	1.6
chowing	2.1
chows	1.9
chowse	0.0
chowsed	0.0
chowses	0.0
chowsing	0.0
chowtime	0.0
chresard	0.0
chrism	1.8
chrisma	0.0
chrismal	0.0
chrismon	0.0
chrisms	0.0
chrisom	0.0
chrisoms	0.0
christen	2.6
christie	3.7
christy	3.3
chroma	2.8
chromas	1.2
chromate	1.9
chrome	3.9
chromed	2.1
chromes	1.4
chromic	1.8
chromide	0.0
chroming	1.2
chromite	2.2
chromium	3.1
chromize	0.0
chromo	1.7
chromos	1.1
chromous	0.0
chromyl	0.0
chromyls	0.0
chronaxy	0.0
chronic	4.2
chronics	1.0
chronon	0.0
chronons	0.0
chthonic	1.7
chub	2.7
chubasco	0.0
chubbier	1.7
chubbily	0.0
chubby	3.4
chubs	2.0
chuck	4.2
chucked	2.8
chuckies	0.0
chucking	2.7
chuckle	3.5
chuckled	3.0
chuckler	0.0
chuckles	3.1
chucks	2.6
chucky	2.8
chuddah	0.0
chuddahs	0.0
chuddar	0.0
chuddars	0.0
chudder	0.0
chudders	0.0
chufa	0.0
chufas	0.0
chuff	1.7
chuffed	2.7
chuffer	0.0
chuffest	0.0
chuffier	0.0
chuffing	1.6
chuffs	0.0
chuffy	1.1
chug	2.9
chugalug	0.0
chugged	2.3
chugger	1.4
chuggers	1.5
chugging	2.8
chugs	2.2
chukar	1.5
chukars	1.1
chukka	2.1
chukkar	0.0
chukkars	0.0
chukkas	1.5
chukker	1.2
chukkers	0.0
chum	3.0
chummed	1.1
chummier	0.0
chummily	0.0
chumming	1.6
chummy	2.4
chump	2.9
chumped	1.1
chumping	0.0
chumps	2.5
chums	2.6
chumship	0.0
chunk	3.6
chunked	1.7
chunkier	1.8
chunkily	0.0
chunking	2.0
chunks	3.5
chunky	3.3
chunter	0.0
chunters	0.0
church	5.2
churched	1.4
churches	4.3
churchly	1.1
churchy	1.9
churl	1.5
churlish	2.2
churls	0.0
churn	3.1
churned	2.7
churner	1.3
churners	0.0
churning	3.1
churns	2.4
churr	0.0
churred	0.0
churring	0.0
churrs	0.0
chute	3.2
chuted	0.0
chutes	2.7
chuting	0.0
chutist	0.0
chutists	0.0
chutnee	0.0
chutnees	0.0
chutney	2.7
chutneys	1.9
chutzpa	0.0
chutzpah	2.3
chutzpas	0.0
chyle	1.4
chyles	0.0
chylous	0.0
chyme	1.3
chymes	0.0
chymic	0.0
chymics	0.0
chymist	0.0
chymists	0.0
chymosin	1.1
chymous	0.0
ciao	2.8
cibol	0.0
cibols	0.0
ciboria	0.0
ciborium	1.3
ciboule	0.0
ciboules	0.0
cicada	2.5
cicadae	0.0
cicadas	2.5
cicala	1.1
cicalas	0.0
cicale	0.0
cicatrix	1.0
cicelies	0.0
cicely	2.5
cicero	3.2
cicerone	1.8
ciceroni	0.0
ciceros	0.0
cichlid	2.0
cichlids	2.0
cicisbei	0.0
cicisbeo	0.0
cicoree	0.0
cicorees	0.0
cider	3.5
ciders	2.3
cigar	3.6
cigaret	1.4
cigarets	1.2
cigars	3.4
cilantro	2.9
cilia	2.6
ciliary	2.2
ciliate	1.8
ciliated	1.9
ciliates	1.8
cilice	0.0
cilices	0.0
cilium	1.7
cimbalom	1.2
cimex	1.5
cimices	0.0
cinch	2.6
cinched	2.1
cinches	1.4
cinching	1.5
cinchona	1.9
cincture	1.3
cinder	3.0
cindered	0.0
cinders	2.3
cindery	0.0
cine	2.7
cineast	0.0
cineaste	1.3
cineasts	0.0
cinema	4.2
cinemas	3.6
cineol	0.0
cineole	1.2
cineoles	0.0
cineols	0.0
cinerary	1.2
cinerin	0.0
cinerins	0.0
cines	1.3
cingula	0.0
cingulum	1.6
cinnabar	2.2
cinnamic	1.6
cinnamon	3.7
cinnamyl	1.2
cinquain	0.0
cinque	2.6
cinques	0.0
cion	1.2
cions	0.0
cioppino	1.3
cipher	3.1
ciphered	1.3
ciphers	2.5
ciphony	0.0
cipolin	0.0
cipolins	0.0
circa	3.6
circle	4.5
circled	3.2
circler	0.0
circlers	0.0
circles	4.1
circlet	2.0
circlets	1.1
circling	3.3
circuit	4.5
circuits	3.8
circuity	0.0
circular	4.0
circus	4.0
circuses	2.7
circusy	0.0
cire	1.6
cires	1.1
cirque	3.0
cirques	1.4
cirrate	0.0
cirri	1.6
cirriped	0.0
cirrose	0.0
cirrous	0.0
cirrus	2.6
cirsoid	0.0
cis	3.6
cisco	3.5
ciscoes	0.0
ciscos	0.0
cislunar	1.3
cissies	0.0
cissoid	0.0
cissoids	0.0
cissy	2.3
cist	2.0
cistern	2.7
cisterna	1.6
cisterns	2.4
cistron	0.0
cistrons	0.0
cists	1.4
cistus	1.6
cistuses	0.0
citable	1.3
citadel	3.3
citadels	2.2
citation	3.8
citator	0.0
citators	0.0
citatory	0.0
cite	3.7
citeable	0.0
cited	4.3
citer	0.0
citers	0.0
cites	3.6
cithara	1.2
citharas	0.0
cither	0.0
cithern	0.0
citherns	0.0
cithers	0.0
cithren	0.0
cithrens	0.0
citied	1.1
cities	4.8
citified	1.3
citifies	0.0
citify	0.0
citing	3.9
citizen	4.4
citizens	4.7
citola	0.0
citolas	0.0
citole	0.0
citoles	0.0
citral	1.4
citrals	0.0
citrate	2.9
citrated	0.0
citrates	1.1
citreous	0.0
citric	2.7
citrin	1.4
citrine	2.3
citrines	0.0
citrinin	1.0
citrins	0.0
citron	2.5
citrons	1.2
citrous	0.0
citrus	3.6
citruses	0.0
citrusy	2.0
cittern	1.1
citterns	0.0
city	5.6
cityfied	0.0
cityward	0.0
citywide	2.8
civet	2.1
civets	1.6
civic	4.0
civicism	0.0
civics	2.9
civie	0.0
civies	1.1
civil	4.9
civilian	4.2
civilise	1.6
civility	3.0
civilize	2.1
civilly	2.4
civism	0.0
civisms	0.0
civvies	1.9
civvy	1.6
clabber	1.3
clabbers	0.0
clach	1.0
clachan	1.3
clachans	0.0
clachs	0.0
clack	2.6
clacked	1.2
clacker	1.3
clackers	1.2
clacking	2.0
clacks	1.6
clad	3.6
cladding	2.9
clade	2.4
clades	2.0
cladist	0.0
cladists	0.0
cladode	0.0
cladodes	1.1
clads	1.3
clag	1.3
clagged	0.0
clagging	0.0
clags	0.0
claim	5.0
claimant	3.1
claimed	4.6
claimer	1.5
claimers	1.3
claiming	4.3
claims	4.9
clam	3.2
clamant	0.0
clambake	1.8
clamber	2.2
clambers	1.5
clammed	1.7
clammer	1.1
clammers	0.0
clammier	0.0
clammily	0.0
clamming	1.6
clammy	2.5
clamor	2.6
clamored	2.0
clamorer	0.0
clamors	1.4
clamour	2.6
clamours	1.2
clamp	3.5
clamped	2.9
clamper	1.1
clampers	0.0
clamping	2.9
clamps	3.0
clams	3.1
clamworm	0.0
clan	4.0
clang	2.6
clanged	1.6
clanger	1.7
clangers	1.7
clanging	2.4
clangor	1.2
clangors	0.0
clangour	1.2
clangs	1.6
clank	2.7
clanked	1.6
clanking	2.2
clanks	1.5
clannish	1.6
clans	3.5
clansman	1.9
clansmen	2.1
clap	3.5
clapped	3.1
clapper	2.9
clappers	2.0
clapping	3.4
claps	2.9
clapt	0.0
claptrap	2.2
claque	1.5
claquer	0.0
claquers	0.0
claques	0.0
claqueur	0.0
clarence	3.7
claret	2.8
clarets	2.0
claries	0.0
clarify	3.9
clarinet	3.1
clarion	2.9
clarions	0.0
clarity	3.9
clarkia	1.2
clarkias	0.0
claro	2.4
claroes	0.0
claros	1.6
clary	2.8
clash	4.0
clashed	3.1
clasher	0.0
clashers	0.0
clashes	3.5
clashing	2.9
clasp	3.1
clasped	2.6
clasper	1.4
claspers	1.7
clasping	2.2
clasps	2.5
claspt	0.0
class	5.4
classed	3.3
classer	1.0
classers	0.0
classes	4.8
classic	4.7
classico	2.2
classics	3.9
classier	2.4
classify	3.4
classily	0.0
classing	2.0
classis	2.0
classism	2.2
classist	2.1
classy	3.7
clast	1.6
clastic	1.9
clastics	0.0
clasts	1.8
clatter	2.6
clatters	1.6
clattery	0.0
claucht	0.0
claught	0.0
claughts	0.0
clausal	1.6
clause	4.0
clauses	3.4
claustra	0.0
clavate	1.4
clave	2.2
claver	1.7
clavered	0.0
clavers	0.0
claves	1.5
clavi	0.0
clavicle	2.5
clavier	2.0
claviers	0.0
clavus	1.5
claw	3.6
clawed	2.9
clawer	0.0
clawers	0.0
clawing	2.7
clawless	1.0
clawlike	0.0
claws	3.6
claxon	1.2
claxons	0.0
clay	4.3
claybank	0.0
clayed	0.0
clayey	1.9
clayier	0.0
clayiest	0.0
claying	0.0
clayish	0.0
claylike	0.0
claymore	2.4
claypan	0.0
claypans	0.0
clays	2.8
clayware	0.0
clean	5.0
cleaned	4.0
cleaner	3.9
cleaners	3.5
cleanest	2.9
cleaning	4.4
cleanly	3.0
cleans	3.2
cleanse	3.5
cleansed	3.0
cleanser	3.1
cleanses	2.5
cleanup	3.5
cleanups	2.1
clear	5.2
cleared	4.2
clearer	3.7
clearers	1.4
clearest	3.0
clearing	4.0
clearly	4.9
clears	3.6
cleat	2.4
cleated	1.6
cleating	0.0
cleats	2.9
cleavage	3.4
cleave	2.9
cleaved	2.6
cleaver	3.0
cleavers	2.1
cleaves	2.5
cleaving	2.3
cleek	1.3
cleeked	0.0
cleeking	0.0
cleeks	0.0
clef	2.5
clefs	1.6
cleft	2.9
clefted	0.0
clefting	1.0
clefts	1.9
cleidoic	0.0
clematis	2.4
clemency	3.0
clement	3.4
clench	2.6
clenched	2.9
clencher	0.0
clenches	2.0
cleome	1.3
cleomes	0.0
clepe	0.0
cleped	0.0
clepes	0.0
cleping	0.0
clept	0.0
clergies	0.0
clergy	3.7
cleric	3.4
clerical	3.4
clerics	3.1
clerid	0.0
clerids	0.0
clerihew	0.0
clerisy	1.0
clerk	4.0
clerkdom	0.0
clerked	2.0
clerking	1.9
clerkish	0.0
clerkly	1.0
clerks	3.3
cleveite	0.0
clever	4.2
cleverer	2.4
cleverly	3.2
clevis	1.6
clevises	0.0
clew	1.9
clewed	0.0
clewing	0.0
clews	1.8
cliche	3.2
cliched	2.4
cliches	2.8
click	4.8
clicked	3.6
clicker	2.6
clickers	2.1
clicking	3.9
clicks	3.7
client	4.5
cliental	0.0
clients	4.5
cliff	4.1
cliffier	0.0
cliffs	3.7
cliffy	1.9
clift	2.4
clifts	0.0
climatal	0.0
climate	4.7
climates	3.3
climatic	3.2
climax	3.6
climaxed	2.2
climaxes	2.4
climb	4.2
climbed	3.9
climber	3.2
climbers	3.3
climbing	4.1
climbs	3.4
clime	1.9
climes	2.5
clinal	1.2
clinally	0.0
clinch	3.3
clinched	3.2
clincher	2.4
clinches	2.3
cline	2.8
clines	1.7
cling	3.5
clinged	1.0
clinger	2.0
clingers	1.3
clingier	0.0
clinging	3.4
clings	2.9
clingy	2.9
clinic	4.2
clinical	4.5
clinics	3.8
clink	2.6
clinked	1.6
clinker	2.4
clinkers	1.5
clinking	2.3
clinks	1.5
clip	4.3
clipped	3.3
clipper	3.1
clippers	3.6
clipping	3.2
clips	4.0
clipt	0.0
clique	3.1
cliqued	0.0
cliques	2.7
cliquey	1.6
cliquier	0.0
cliquing	0.0
cliquish	1.4
cliquy	0.0
clitella	0.0
clitic	1.9
clitics	1.8
clitoral	2.4
clitoric	0.0
clitoris	3.0
clivers	0.0
clivia	1.3
clivias	0.0
cloaca	2.2
cloacae	1.3
cloacal	1.6
cloacas	0.0
cloak	3.6
cloaked	2.9
cloaking	2.6
cloaks	2.7
clobber	2.3
clobbers	1.5
clochard	0.0
cloche	2.1
cloches	1.7
clock	4.4
clocked	3.2
clocker	1.0
clockers	1.2
clocking	2.9
clocks	3.6
clod	2.3
cloddier	0.0
cloddish	0.0
cloddy	0.0
clodpate	0.0
clodpole	0.0
clodpoll	0.0
clods	2.0
clog	3.0
clogged	3.3
clogger	1.1
cloggers	1.2
cloggier	0.0
clogging	2.9
cloggy	0.0
clogs	2.8
cloister	2.8
clomb	0.0
clomp	1.5
clomped	0.0
clomping	1.4
clomps	0.0
clon	1.4
clonal	2.4
clonally	1.3
clone	3.7
cloned	3.1
cloner	1.4
cloners	1.1
clones	3.4
clonic	1.9
cloning	3.2
clonings	0.0
clonism	0.0
clonisms	0.0
clonk	1.4
clonked	0.0
clonking	0.0
clonks	0.0
clons	0.0
clonus	1.3
clonuses	0.0
cloot	0.0
cloots	0.0
clop	2.2
clopped	0.0
clopping	1.5
clops	1.3
cloque	0.0
cloques	0.0
closable	1.2
close	5.4
closed	4.9
closely	4.5
closeout	2.1
closer	4.7
closers	2.3
closes	4.0
closest	4.2
closet	4.1
closeted	2.6
closets	3.1
closing	4.5
closings	2.7
closure	4.1
closured	0.0
closures	3.4
clot	3.2
cloth	4.0
clothe	2.8
clothed	3.3
clothes	4.7
clothier	2.3
clothing	4.5
cloths	3.1
clots	3.0
clotted	2.4
clotting	2.9
clotty	0.0
cloture	2.4
clotured	0.0
clotures	0.0
cloud	4.5
clouded	3.1
cloudier	1.8
cloudily	0.0
clouding	2.5
cloudlet	0.0
clouds	4.2
cloudy	3.5
clough	2.9
cloughs	0.0
clour	0.0
cloured	0.0
clouring	0.0
clours	0.0
clout	3.2
clouted	1.5
clouter	0.0
clouters	0.0
clouting	0.0
clouts	1.4
clove	2.9
cloven	2.2
clover	3.4
clovers	2.4
cloves	3.1
clowder	1.1
clowders	0.0
clown	3.9
clowned	1.9
clownery	1.1
clowning	2.6
clownish	2.0
clowns	3.5
cloy	1.5
cloyed	0.0
cloying	2.3
cloys	0.0
cloze	1.6
clozes	0.0
club	5.2
clubable	0.0
clubbed	2.5
clubber	1.9
clubbers	2.0
clubbier	0.0
clubbing	3.0
clubbish	0.0
clubby	1.7
clubfeet	0.0
clubfoot	1.8
clubhand	0.0
clubhaul	0.0
clubman	2.1
clubmen	1.1
clubroom	1.7
clubroot	0.0
clubs	4.5
cluck	2.3
clucked	1.5
clucking	2.1
clucks	1.6
clue	4.2
clued	2.4
clueing	1.3
clueless	3.5
clues	3.8
cluing	1.4
clumber	1.5
clumbers	0.0
clump	2.9
clumped	2.2
clumpier	0.0
clumping	2.3
clumpish	0.0
clumps	2.9
clumpy	2.0
clumsier	1.6
clumsily	2.6
clumsy	3.4
clung	3.0
clunk	2.2
clunked	1.3
clunker	2.0
clunkers	2.0
clunkier	1.4
clunking	1.9
clunks	1.4
clunky	2.8
clupeid	0.0
clupeids	0.0
clupeoid	0.0
cluster	4.0
clusters	3.7
clustery	0.0
clutch	3.9
clutched	2.8
clutches	3.2
clutchy	0.0
clutter	3.2
clutters	1.7
cluttery	0.0
clypeal	0.0
clypeate	0.0
clypei	0.0
clypeus	1.6
clyster	0.0
clysters	0.0
coach	5.0
coached	3.6
coacher	0.0
coachers	0.0
coaches	4.3
coaching	4.3
coachman	2.5
coachmen	1.9
coact	0.0
coacted	0.0
coacting	0.0
coaction	0.0
coactive	0.0
coactor	0.0
coactors	0.0
coacts	0.0
coadmire	0.0
coadmit	0.0
coadmits	0.0
coaeval	0.0
coaevals	0.0
coagency	0.0
coagent	0.0
coagents	0.0
coagula	1.3
coagulum	0.0
coal	4.5
coala	0.0
coalas	0.0
coalbin	0.0
coalbins	0.0
coalbox	0.0
coaled	1.0
coaler	0.0
coalers	0.0
coalesce	2.6
coalfish	0.0
coalhole	0.0
coalier	0.0
coaliest	0.0
coalify	0.0
coaling	2.0
coalless	0.0
coalpit	0.0
coalpits	0.0
coals	3.0
coalsack	0.0
coalshed	0.0
coaly	0.0
coalyard	0.0
coaming	1.2
coamings	0.0
coanchor	0.0
coannex	0.0
coappear	0.0
coapt	0.0
coapted	0.0
coapting	0.0
coapts	0.0
coarse	3.4
coarsely	2.5
coarsen	0.0
coarsens	0.0
coarser	2.4
coarsest	1.5
coassist	0.0
coassume	0.0
coast	4.9
coastal	4.2
coasted	2.3
coaster	3.7
coasters	3.2
coasting	2.7
coasts	3.4
coat	4.4
coated	3.7
coatee	0.0
coatees	0.0
coater	1.6
coaters	1.0
coati	1.6
coating	3.7
coatings	3.4
coatis	1.4
coatless	0.0
coatrack	1.1
coatroom	0.0
coats	3.7
coattail	1.4
coattend	0.0
coattest	0.0
coauthor	2.6
coax	3.0
coaxal	0.0
coaxed	2.6
coaxer	0.0
coaxers	0.0
coaxes	1.8
coaxial	2.8
coaxing	2.5
cob	3.0
cobalt	3.4
cobaltic	0.0
cobalts	1.2
cobb	3.5
cobber	1.5
cobbers	1.1
cobbier	0.0
cobbiest	0.0
cobble	2.7
cobbled	2.8
cobbler	2.8
cobblers	2.4
cobbles	2.5
cobbling	1.9
cobbs	2.2
cobby	2.0
cobia	1.6
cobias	0.0
coble	2.0
cobles	0.0
cobnut	0.0
cobnuts	0.0
cobra	3.5
cobras	2.5
cobs	2.2
cobweb	2.3
cobwebby	1.3
cobwebs	2.7
coca	3.6
cocain	1.8
cocaine	4.0
cocaines	0.0
cocains	0.0
cocas	0.0
coccal	0.0
cocci	1.8
coccic	0.0
coccid	0.0
coccidia	1.4
coccids	0.0
coccoid	1.2
coccoids	0.0
coccous	0.0
coccus	1.5
coccyges	0.0
coccyx	2.1
coccyxes	0.0
cochair	1.2
cochairs	0.0
cochin	2.7
cochins	0.0
cochlea	2.3
cochleae	0.0
cochlear	2.8
cochleas	0.0
cocinera	0.0
cock	4.2
cockade	1.8
cockaded	1.3
cockades	1.2
cockapoo	1.6
cockatoo	2.5
cockbill	0.0
cockboat	0.0
cockcrow	1.2
cocked	2.9
cocker	2.8
cockered	0.0
cockerel	2.4
cockers	1.6
cockeye	0.0
cockeyed	1.9
cockeyes	0.0
cockier	1.2
cockiest	1.2
cockily	1.2
cocking	2.5
cockish	0.0
cockle	2.3
cockled	0.0
cockles	2.3
cocklike	0.0
cockling	1.1
cockloft	0.0
cockney	2.8
cockneys	1.6
cockpit	3.6
cockpits	2.3
cocks	3.5
cockshut	0.0
cockshy	0.0
cockspur	1.4
cocksure	2.0
cocktail	3.9
cockup	1.3
cockups	0.0
cocky	3.4
coco	3.5
cocoa	3.6
cocoanut	1.9
cocoas	1.2
cocobola	0.0
cocobolo	1.5
cocomat	0.0
cocomats	0.0
coconut	3.9
coconuts	2.9
cocoon	3.1
cocooned	2.0
cocoons	2.4
cocos	2.6
cocotte	1.5
cocottes	0.0
cocoyam	1.0
cocoyams	0.0
cocreate	0.0
cod	3.9
coda	2.7
codable	0.0
codas	1.5
codded	0.0
codder	0.0
codders	0.0
codding	1.3
coddle	2.3
coddled	2.3
coddler	0.0
coddlers	0.0
coddles	1.3
coddling	2.3
code	5.1
codebook	1.9
codebtor	0.0
codec	2.7
codecs	2.4
coded	3.6
codeia	0.0
codeias	0.0
codein	0.0
codeina	0.0
codeinas	0.0
codeine	2.9
codeines	0.0
codeins	0.0
codeless	0.0
coden	1.4
codens	0.0
coder	2.7
coderive	0.0
coders	2.7
codes	4.2
codesign	1.1
codex	3.2
codfish	2.2
codger	1.8
codgers	1.5
codices	2.2
codicil	1.9
codicils	1.2
codified	3.0
codifier	0.0
codifies	1.9
codify	2.4
coding	3.8
codirect	0.0
codlin	0.0
codling	1.7
codlings	0.0
codlins	0.0
codon	2.5
codons	2.2
codpiece	1.8
codrive	0.0
codriven	0.0
codriver	0.0
codrives	0.0
codrove	0.0
cods	2.0
coed	2.9
coedit	0.0
coedited	1.4
coeditor	1.7
coedits	0.0
coeds	2.0
coeffect	0.0
coeliac	2.3
coelom	1.4
coelome	0.0
coelomes	0.0
coelomic	1.2
coeloms	0.0
coembody	0.0
coemploy	0.0
coempt	0.0
coempted	0.0
coempts	0.0
coenact	0.0
coenacts	0.0
coenamor	0.0
coendure	0.0
coenure	0.0
coenures	0.0
coenuri	0.0
coenurus	0.0
coenzyme	2.4
coequal	1.6
coequals	0.0
coequate	0.0
coerce	2.9
coerced	3.1
coercer	0.0
coercers	0.0
coerces	1.8
coercing	2.4
coercion	3.3
coercive	3.0
coerect	0.0
coerects	0.0
coesite	0.0
coesites	0.0
coeval	1.8
coevally	0.0
coevals	0.0
coevolve	0.0
coexert	0.0
coexerts	0.0
coexist	3.0
coexists	1.9
coextend	0.0
cofactor	2.2
coff	1.8
coffee	4.9
coffees	3.0
coffer	2.2
coffered	2.0
coffers	2.9
coffin	3.8
coffined	0.0
coffing	0.0
coffins	3.0
coffle	0.0
coffled	0.0
coffles	0.0
coffling	0.0
coffret	1.0
coffrets	0.0
coffs	2.3
cofound	0.0
cofounds	0.0
coft	0.0
cog	3.0
cogency	1.5
cogent	2.7
cogently	1.7
cogged	1.0
cogging	1.1
cogitate	1.4
cogito	2.0
cogitos	0.0
cognac	2.9
cognacs	1.4
cognate	2.6
cognates	2.1
cognise	0.0
cognised	0.0
cognises	0.0
cognize	1.5
cognized	1.2
cognizer	0.0
cognizes	0.0
cognomen	1.8
cognovit	0.0
cogon	1.1
cogons	0.0
cogs	2.8
cogway	0.0
cogways	0.0
cogwheel	1.6
cohabit	2.0
cohabits	1.2
cohead	0.0
coheaded	0.0
coheads	0.0
coheir	1.3
coheirs	0.0
cohere	2.0
cohered	1.1
coherent	3.6
coherer	1.4
coherers	0.0
coheres	1.4
cohering	1.3
cohesion	3.3
cohesive	3.3
coho	2.4
cohobate	0.0
cohog	0.0
cohogs	0.0
coholder	0.0
cohort	3.4
cohorts	3.0
cohos	0.0
cohosh	1.6
cohoshes	0.0
cohost	2.0
cohosted	1.2
cohosts	1.4
cohune	0.0
cohunes	0.0
coif	2.1
coifed	1.3
coiffe	0.0
coiffed	1.9
coiffes	0.0
coiffeur	1.3
coiffing	0.0
coiffure	2.0
coifing	0.0
coifs	1.3
coign	0.0
coigne	0.0
coigned	0.0
coignes	0.0
coigning	0.0
coigns	0.0
coil	3.7
coiled	2.9
coiler	0.0
coilers	0.0
coiling	2.3
coils	3.4
coin	4.2
coinable	0.0
coinage	3.0
coinages	1.7
coincide	3.5
coined	3.4
coiner	1.6
coiners	1.3
coinfer	0.0
coinfers	0.0
coinhere	0.0
coining	2.6
coinmate	0.0
coins	4.3
coinsure	0.0
cointer	0.0
cointers	0.0
coinvent	0.0
coir	2.2
coirs	0.0
coistrel	0.0
coistril	0.0
coital	2.1
coitally	0.0
coition	1.4
coitions	0.0
coitus	2.5
coituses	0.0
cojoin	0.0
cojoined	0.0
cojoins	0.0
coke	4.1
coked	2.3
cokehead	1.8
cokes	2.5
coking	2.6
col	4.0
cola	3.7
colander	2.4
colas	2.5
cold	5.0
coldcock	0.0
colder	3.5
coldest	3.2
coldish	0.0
coldly	2.7
coldness	2.6
colds	3.0
cole	4.2
colead	0.0
coleader	0.0
coleads	0.0
coled	0.0
coles	3.1
coleseed	0.0
coleslaw	2.6
colessee	0.0
colessor	0.0
coleus	1.9
coleuses	0.0
colewort	0.0
colic	2.6
colicin	0.0
colicine	0.0
colicins	0.0
colicky	1.9
colics	1.0
colies	0.0
coliform	2.0
colin	4.1
colinear	0.0
colins	1.4
coliseum	3.2
colistin	1.6
colitic	0.0
colitis	2.9
collage	3.4
collaged	1.7
collagen	3.2
collages	2.7
collapse	4.2
collar	4.0
collard	2.6
collards	1.9
collared	2.8
collaret	0.0
collars	3.2
collate	2.4
collated	2.8
collates	1.8
collator	1.4
collect	4.4
collects	3.6
colleen	3.3
colleens	1.3
college	5.3
colleger	0.0
colleges	4.2
collegia	1.6
collet	2.3
colleted	0.0
collets	1.5
collide	3.3
collided	3.3
collider	2.8
collides	2.5
collie	3.0
collied	0.0
collier	3.4
colliers	2.5
colliery	3.0
collies	2.2
collins	4.2
collogue	0.0
colloid	2.2
colloids	2.1
collop	0.0
collops	1.0
colloquy	1.9
collude	2.5
colluded	2.7
colluder	0.0
colludes	1.6
colluvia	0.0
colly	1.8
collying	0.0
collyria	0.0
colobi	0.0
coloboma	1.4
colobus	1.8
colocate	0.0
colog	0.0
cologne	3.6
cologned	0.0
colognes	1.9
cologs	0.0
colon	3.6
colone	1.2
colonel	4.4
colonels	2.7
colones	1.5
coloni	1.4
colonial	4.2
colonic	2.4
colonics	1.6
colonies	3.9
colonise	2.3
colonist	2.5
colonize	2.8
colons	2.2
colonus	1.6
colony	4.1
colophon	2.1
color	4.9
colorado	4.5
colorant	1.7
colored	4.2
coloreds	1.9
colorer	0.0
colorers	0.0
colorful	3.8
coloring	3.6
colorism	2.0
colorist	2.3
colorize	1.6
colorman	0.0
colormen	0.0
colors	4.5
colossal	3.4
colossi	1.9
colossus	3.1
colotomy	0.0
colour	4.5
coloured	3.9
colourer	0.0
colours	4.2
colpitis	0.0
cols	2.0
colt	3.6
colter	2.4
colters	0.0
coltish	1.2
colts	3.6
colubrid	1.1
colugo	0.0
colugos	0.0
columbic	0.0
columel	0.0
columels	0.0
column	4.3
columnal	0.0
columnar	2.4
columned	1.9
columns	4.0
colure	0.0
colures	0.0
coly	1.3
colza	1.1
colzas	0.0
coma	3.7
comade	0.0
comae	0.0
comake	0.0
comaker	0.0
comakers	0.0
comakes	0.0
comaking	0.0
comal	1.9
comanage	0.0
comas	2.4
comate	0.0
comates	0.0
comatic	0.0
comatik	0.0
comatiks	0.0
comatose	2.8
comatula	0.0
comb	3.5
combat	4.6
combated	2.0
combater	0.0
combats	2.6
combe	2.5
combed	2.9
comber	2.1
combers	1.2
combes	2.0
combine	4.1
combined	4.7
combiner	2.0
combines	3.7
combing	3.0
combings	0.0
comblike	0.0
combo	3.8
combos	2.9
combs	3.2
combust	2.4
combusts	1.6
come	5.8
comeback	4.0
comedian	4.0
comedic	3.4
comedies	3.3
comedo	1.1
comedos	0.0
comedown	2.1
comedy	4.5
comelier	0.0
comelily	0.0
comely	2.4
comember	0.0
comer	2.9
comers	2.8
comes	5.4
comet	3.6
cometary	2.1
cometh	2.9
comether	0.0
cometic	0.0
comets	3.2
comfier	1.7
comfiest	1.9
comfit	1.3
comfits	1.1
comfort	4.4
comforts	3.3
comfrey	1.9
comfreys	0.0
comfy	3.6
comic	4.4
comical	3.2
comics	4.2
coming	5.4
comingle	0.0
comings	2.6
comitia	1.6
comitial	0.0
comities	0.0
comity	2.1
comix	2.1
comma	3.3
command	4.7
commando	3.3
commands	4.0
commas	2.9
commata	0.0
commence	3.6
commend	3.2
commends	2.5
comment	4.9
comments	4.9
commerce	4.4
commie	2.9
commies	2.7
commit	4.3
commits	3.5
commix	0.0
commixed	0.0
commixes	0.0
commixt	0.0
commode	2.3
commodes	1.6
common	5.2
commoner	2.8
commonly	4.4
commons	4.1
commove	0.0
commoved	0.0
commoves	0.0
communal	3.7
commune	3.3
communed	1.7
communes	2.8
commute	3.6
commuted	2.9
commuter	3.4
commutes	2.8
commy	1.3
comose	0.0
comous	0.0
comp	3.9
compact	4.1
compacts	2.4
compadre	1.9
company	5.6
compare	4.5
compared	4.9
comparer	0.0
compares	3.8
compart	0.0
comparts	0.0
compass	3.7
comped	2.0
compeer	1.1
compeers	1.1
compel	3.3
compels	2.9
compend	0.0
compends	0.0
compere	2.1
compered	1.5
comperes	0.0
compete	4.4
competed	3.5
competes	3.2
compile	3.4
compiled	4.0
compiler	3.4
compiles	2.8
comping	1.8
complain	4.2
compleat	2.1
complect	0.0
complete	5.1
complex	4.9
complice	0.0
complied	3.2
complier	0.0
complies	3.0
complin	0.0
compline	1.8
complins	0.0
complot	1.2
complots	0.0
comply	4.0
compo	2.3
compone	0.0
compony	1.2
comport	2.1
comports	1.6
compos	1.8
compose	3.5
composed	4.3
composer	3.9
composes	2.5
compost	3.2
composts	1.7
compote	2.3
compotes	1.2
compound	4.2
compress	3.1
comprise	3.6
comprize	0.0
comps	2.8
compt	1.1
compted	0.0
compting	0.0
compts	0.0
compute	3.4
computed	3.3
computer	5.0
computes	2.5
comrade	3.5
comrades	3.6
comsymp	0.0
comsymps	0.0
comte	2.9
comtes	1.1
con	4.3
conation	0.0
conative	1.1
conatus	1.4
concave	3.0
concaved	1.2
concaves	0.0
conceal	3.5
conceals	2.6
concede	3.5
conceded	3.6
conceder	0.0
concedes	2.9
conceit	2.8
conceits	2.0
conceive	3.4
concent	1.6
concents	0.0
concept	4.8
concepts	4.3
concern	4.7
concerns	4.6
concert	4.5
concerti	1.7
concerto	3.3
concerts	4.0
conch	2.8
concha	2.4
conchae	0.0
conchal	1.1
conches	1.5
conchie	0.0
conchies	0.0
conchoid	0.0
conchs	1.3
conchy	0.0
concise	3.5
conciser	0.0
conclave	2.8
conclude	3.9
concoct	2.4
concocts	1.7
concord	3.5
concords	1.9
concrete	4.4
concur	3.2
concurs	2.4
concuss	1.0
condemn	3.7
condemns	3.2
condense	2.7
condign	1.4
condo	3.6
condoes	0.0
condole	1.6
condoled	1.4
condoler	0.0
condoles	0.0
condom	3.6
condoms	3.6
condone	3.2
condoned	2.6
condoner	0.0
condones	2.3
condor	3.0
condores	0.0
condors	2.4
condos	3.1
conduce	1.5
conduced	1.2
conducer	0.0
conduces	0.0
conduct	4.5
conducts	3.5
conduit	3.3
conduits	2.7
condylar	1.4
condyle	1.9
condyles	1.5
cone	3.8
coned	1.8
conelrad	1.1
conenose	0.0
conepate	0.0
conepatl	0.0
cones	3.4
coney	3.1
coneys	1.5
confab	2.0
confabs	0.0
confect	1.1
confects	0.0
confer	3.2
conferee	0.0
confers	2.8
conferva	0.0
confess	3.8
confetti	3.0
confetto	0.0
confide	2.9
confided	3.0
confider	0.0
confides	2.4
confine	2.9
confined	3.8
confiner	0.0
confines	3.2
confirm	4.4
confirms	3.8
confit	2.3
confits	0.0
conflate	2.4
conflict	4.6
conflux	1.5
confocal	2.2
conform	3.5
conforms	2.8
confound	2.6
confrere	0.0
confront	3.8
confuse	3.7
confused	4.5
confuses	3.0
confute	1.1
confuted	1.2
confuter	0.0
confutes	0.0
conga	2.7
congaed	0.0
congaing	0.0
congas	1.9
conge	0.0
congeal	1.8
congeals	1.4
congee	2.0
congeed	0.0
congees	0.0
congener	1.7
conger	2.5
congers	1.2
conges	0.0
congest	1.5
congests	0.0
congii	0.0
congius	0.0
conglobe	0.0
congo	3.8
congoes	0.0
congos	1.4
congou	0.0
congous	0.0
congrats	4.0
congress	4.9
coni	1.9
conic	2.4
conical	3.1
conicity	0.0
conics	1.7
conidia	2.1
conidial	1.4
conidian	0.0
conidium	0.0
conies	0.0
conifer	2.6
conifers	2.6
coniine	1.1
coniines	0.0
conin	0.0
conine	1.5
conines	0.0
coning	1.7
conins	0.0
conioses	0.0
coniosis	0.0
conium	1.3
coniums	0.0
conjoin	1.6
conjoins	1.2
conjoint	1.9
conjugal	2.6
conjunct	2.4
conjure	3.1
conjured	2.9
conjurer	2.2
conjures	2.7
conjuror	1.7
conk	1.9
conked	1.8
conker	2.0
conkers	1.9
conking	1.2
conks	1.5
conky	1.5
conn	3.4
connate	1.5
connect	4.4
connects	3.8
conned	2.8
conner	3.2
conners	2.4
conning	2.6
connive	1.6
connived	1.8
conniver	1.1
connives	1.2
connote	2.0
connoted	1.6
connotes	2.3
conns	1.1
conodont	1.7
conoid	1.3
conoidal	1.0
conoids	0.0
conquer	3.8
conquers	2.7
conquest	3.8
conquian	0.0
cons	3.8
consent	4.4
consents	2.8
conserve	3.4
consider	5.0
consign	2.5
consigns	1.5
consist	3.9
consists	4.4
consol	2.2
console	4.1
consoled	2.6
consoler	1.5
consoles	3.5
consols	1.5
consomme	1.5
consort	3.2
consorts	2.2
conspire	2.8
constant	4.5
construe	2.3
consul	3.6
consular	3.3
consuls	2.8
consult	3.9
consults	2.8
consume	3.9
consumed	4.0
consumer	4.6
consumes	3.2
contact	5.0
contacts	4.1
contagia	0.0
contain	4.5
contains	4.7
conte	3.2
contemn	0.0
contemns	0.0
contempt	3.7
contend	3.6
contends	3.2
content	5.0
contents	4.2
contes	2.0
contest	4.5
contests	3.7
context	4.6
contexts	3.6
continua	2.2
continue	5.1
continuo	2.3
conto	1.6
contort	2.0
contorts	1.6
contos	1.6
contour	3.4
contours	3.1
contra	3.3
contract	4.9
contrail	1.9
contrary	4.2
contras	2.4
contrast	4.5
contrite	2.5
contrive	2.2
control	5.4
controls	4.4
contuse	0.0
contused	1.3
contuses	0.0
conus	2.3
convect	0.0
convects	0.0
convene	3.0
convened	3.4
convener	2.6
convenes	2.5
convenor	2.4
convent	3.5
convents	2.5
converge	3.2
converse	3.5
convert	4.1
converts	3.6
convex	3.3
convexes	0.0
convexly	1.3
convey	3.8
conveyed	3.4
conveyer	2.0
conveyor	3.3
conveys	3.2
convict	3.6
convicts	3.3
convince	4.3
convoke	1.6
convoked	1.9
convoker	0.0
convokes	0.0
convolve	0.0
convoy	3.7
convoyed	1.5
convoys	3.0
convulse	1.9
cony	1.8
coo	3.3
cooch	2.4
cooches	0.0
coocoo	1.1
cooed	2.0
cooee	1.8
cooeed	0.0
cooeeing	0.0
cooees	0.0
cooer	0.0
cooers	0.0
cooey	1.1
cooeyed	0.0
cooeying	0.0
cooeys	0.0
coof	0.0
coofs	0.0
cooing	2.4
cooingly	0.0
cook	4.7
cookable	0.0
cookbook	3.4
cooked	4.1
cooker	3.3
cookers	2.6
cookery	3.1
cookey	1.1
cookeys	0.0
cookie	4.1
cookies	4.1
cooking	4.5
cookings	0.0
cookless	0.0
cookout	2.5
cookouts	2.0
cooks	3.6
cookshop	1.1
cooktop	1.9
cooktops	1.4
cookware	2.6
cooky	1.9
cool	5.2
coolant	3.2
coolants	1.9
cooldown	2.4
cooled	3.6
cooler	4.0
coolers	2.9
coolest	3.6
coolie	2.4
coolies	2.1
cooling	4.1
coolish	1.1
coolly	2.7
coolness	2.8
cools	3.0
coolth	0.0
coolths	0.0
cooly	2.0
coomb	1.1
coombe	2.2
coombes	2.3
coombs	2.7
coon	3.1
cooncan	0.0
cooncans	0.0
coons	2.5
coonskin	1.6
coontie	0.0
coonties	0.0
coop	3.4
cooped	2.5
cooper	4.3
coopered	0.0
coopers	2.7
coopery	0.0
cooping	1.1
coops	2.5
coopt	1.5
coopted	1.8
coopting	1.3
cooption	0.0
coopts	0.0
coos	2.7
coot	2.5
cooter	2.3
cooters	1.0
cootie	2.0
cooties	2.3
coots	2.4
cop	4.4
copaiba	1.1
copaibas	0.0
copal	1.8
copalm	0.0
copalms	0.0
copals	0.0
coparent	1.0
copastor	0.0
copatron	0.0
cope	4.0
copeck	0.0
copecks	1.1
coped	2.6
copemate	0.0
copen	1.4
copens	0.0
copepod	1.9
copepods	2.2
coper	1.4
copers	0.0
copes	2.5
copied	3.8
copier	2.7
copiers	2.1
copies	4.4
copihue	0.0
copihues	0.0
copilot	2.5
copilots	1.1
coping	3.7
copings	1.4
copious	3.1
coplanar	1.9
coplot	0.0
coplots	0.0
copped	2.9
copper	4.3
copperah	0.0
copperas	1.9
coppered	1.3
coppers	2.6
coppery	2.1
coppice	2.2
coppiced	1.5
coppices	1.1
copping	2.7
coppra	0.0
coppras	0.0
copra	2.1
coprah	0.0
coprahs	0.0
copras	0.0
copremia	0.0
copremic	0.0
coprince	0.0
cops	4.4
copse	2.3
copses	1.4
copter	2.5
copters	1.8
copula	2.3
copulae	0.0
copular	1.2
copulas	1.5
copulate	2.2
copurify	0.0
copy	4.8
copybook	1.8
copyboy	0.0
copyboys	0.0
copycat	2.9
copycats	2.4
copydesk	0.0
copyedit	0.0
copyhold	1.4
copying	3.7
copyist	2.2
copyists	1.8
copyread	0.0
coquet	1.6
coquetry	1.5
coquets	0.0
coquette	2.2
coquille	1.8
coquina	1.7
coquinas	0.0
coquito	1.2
coquitos	0.0
cor	3.3
coracle	1.7
coracles	1.1
coracoid	1.8
coral	3.9
corals	3.1
coranto	0.0
corantos	0.0
corban	1.7
corbans	0.0
corbeil	1.6
corbeils	0.0
corbel	1.8
corbeled	0.0
corbels	1.9
corbie	1.5
corbies	0.0
corbina	0.0
corbinas	0.0
corby	2.8
cord	4.0
cordage	1.9
cordages	0.0
cordate	1.9
corded	2.4
cordelle	0.0
corder	2.0
corders	0.0
cordial	3.1
cordials	1.8
cording	1.9
cordings	0.0
cordite	2.0
cordites	0.0
cordless	2.7
cordlike	0.0
cordoba	2.8
cordobas	0.0
cordon	3.1
cordoned	2.4
cordons	2.1
cordovan	1.8
cords	3.4
corduroy	2.6
cordwain	0.0
cordwood	1.8
core	4.7
cored	2.3
coredeem	0.0
coreign	0.0
coreigns	0.0
corelate	0.0
coreless	1.3
coremia	0.0
coremium	0.0
corer	1.6
corers	0.0
cores	3.5
corf	1.3
corgi	2.8
corgis	2.3
coria	1.4
coring	2.1
corium	1.6
cork	3.7
corkage	1.5
corkages	0.0
corked	2.2
corker	2.6
corkers	1.4
corkier	0.0
corkiest	0.0
corking	1.9
corklike	0.0
corks	2.6
corkwood	0.0
corky	2.6
corm	1.8
cormel	0.0
cormels	0.0
cormlike	0.0
cormoid	0.0
cormous	0.0
corms	1.8
corn	4.2
cornball	2.0
corncake	0.0
corncob	1.9
corncobs	1.4
corncrib	1.0
cornea	2.9
corneal	2.8
corneas	2.2
corned	2.6
cornel	2.4
cornels	0.0
corneous	1.1
corner	4.8
cornered	3.2
corners	4.1
cornet	2.8
cornetcy	0.0
cornets	1.8
cornfed	1.2
cornhusk	0.0
cornice	2.6
corniced	1.1
cornices	2.2
corniche	2.1
cornicle	0.0
cornier	1.5
corniest	1.6
cornily	0.0
corning	2.9
cornmeal	2.5
cornpone	1.0
cornrow	1.6
cornrows	2.1
corns	2.5
cornu	1.9
cornua	0.0
cornual	0.0
cornus	1.9
cornuses	0.0
cornute	0.0
cornuted	0.0
cornuto	0.0
cornutos	0.0
corny	3.2
corodies	0.0
corody	0.0
corolla	3.1
corollas	2.0
corona	3.4
coronach	0.0
coronae	1.5
coronal	2.7
coronals	0.0
coronary	3.4
coronas	2.1
coronate	1.2
coronel	2.2
coronels	0.0
coroner	3.4
coroners	2.6
coronet	2.5
coronets	1.8
coronoid	1.7
corotate	0.0
corpora	2.4
corporal	3.6
corps	4.3
corpse	3.8
corpses	3.5
corpsman	2.3
corpsmen	1.9
corpus	3.6
corrade	0.0
corraded	0.0
corrades	0.0
corral	3.1
corrals	2.1
correct	4.8
corrects	3.0
corrida	1.7
corridas	0.0
corridor	3.9
corrie	2.8
corries	1.5
corrival	0.0
corrode	2.4
corroded	2.6
corrodes	2.0
corrody	0.0
corrupt	4.1
corrupts	2.7
corsac	0.0
corsacs	0.0
corsage	2.2
corsages	1.7
corsair	2.8
corsairs	2.2
corse	2.4
corselet	1.2
corses	1.1
corset	3.0
corseted	1.5
corsetry	1.6
corsets	2.6
corslet	0.0
corslets	0.0
cortege	2.2
corteges	0.0
cortex	3.6
cortexes	1.3
cortical	3.1
cortices	2.0
cortin	0.0
cortins	0.0
cortisol	3.0
coruler	0.0
corulers	0.0
corundum	1.9
corvee	1.2
corvees	0.0
corves	0.0
corvet	0.0
corvets	0.0
corvette	3.3
corvina	1.5
corvinas	0.0
corvine	0.0
cory	3.5
corybant	0.0
corymb	1.1
corymbed	0.0
corymbs	1.2
coryphee	0.0
coryza	1.2
coryzal	0.0
coryzas	0.0
cos	4.0
coscript	0.0
cosec	0.0
cosecant	1.1
cosecs	0.0
coses	0.0
coset	1.5
cosets	1.4
cosey	1.6
coseys	0.0
cosh	2.2
coshed	0.0
cosher	0.0
coshered	0.0
coshers	0.0
coshes	0.0
coshing	0.0
cosie	0.0
cosied	1.1
cosier	1.7
cosies	1.5
cosiest	1.2
cosign	2.0
cosigned	1.8
cosigner	1.8
cosigns	0.0
cosily	1.5
cosine	2.5
cosines	1.7
cosiness	1.7
cosmetic	3.7
cosmic	3.8
cosmical	0.0
cosmism	0.0
cosmisms	0.0
cosmist	0.0
cosmists	0.0
cosmos	3.5
cosmoses	0.0
coss	2.0
cossack	2.8
cossacks	2.9
cosset	1.4
cosseted	1.5
cossets	0.0
cost	5.2
costa	4.2
costae	1.3
costal	2.6
costar	2.4
costard	1.2
costards	0.0
costars	2.0
costate	1.1
costed	2.5
coster	2.4
costers	1.1
costing	3.7
costive	0.0
costless	1.7
costlier	2.3
costly	3.9
costmary	0.0
costrel	0.0
costrels	0.0
costs	5.0
costume	4.2
costumed	2.7
costumer	2.3
costumes	3.9
costumey	0.0
cosy	3.3
cosying	1.6
cot	3.2
cotan	0.0
cotans	0.0
cote	3.0
coteau	1.6
coteaux	0.0
coted	0.0
cotenant	0.0
coterie	2.5
coteries	1.2
cotes	2.1
cothurn	0.0
cothurni	0.0
cothurns	0.0
cotidal	0.0
cotillon	0.0
coting	0.0
cotquean	0.0
cots	2.7
cotta	2.9
cottae	0.0
cottage	4.0
cottager	1.2
cottages	3.4
cottagey	0.0
cottar	0.0
cottars	1.2
cottas	1.1
cotter	2.8
cottered	0.0
cotters	1.2
cottier	1.5
cottiers	0.0
cotton	4.3
cottoned	1.7
cottons	2.2
cottony	1.7
cotyloid	0.0
cotype	0.0
cotypes	0.0
couch	4.2
couchant	1.3
couched	2.5
coucher	1.8
couchers	0.0
couches	3.0
couching	1.9
coude	0.0
cougar	3.4
cougars	3.2
cough	4.0
coughed	2.9
cougher	0.0
coughers	0.0
coughing	3.5
coughs	3.0
could	6.1
couldest	0.0
couldst	1.6
coulee	2.4
coulees	1.2
coulis	1.8
coulises	0.0
coulisse	0.0
couloir	1.9
couloirs	1.0
coulomb	2.4
coulombs	1.3
coulter	3.1
coulters	1.2
coumaric	1.2
coumarin	1.9
coumarou	0.0
council	5.1
councils	3.9
counsel	4.2
counsels	2.7
count	4.8
counted	4.0
counter	4.6
counters	3.5
countess	3.5
countian	0.0
counties	4.2
counting	4.3
country	5.5
counts	4.3
county	5.2
coup	4.0
coupe	3.3
couped	1.6
coupes	2.3
couping	0.0
couple	5.2
coupled	4.0
coupler	2.7
couplers	2.5
couples	4.3
couplet	2.5
couplets	2.4
coupling	3.5
coupon	3.9
coupons	3.6
coups	2.9
courage	4.3
courages	0.0
courant	2.5
courante	1.3
couranto	0.0
courants	0.0
courier	3.7
couriers	2.8
courlan	0.0
courlans	0.0
course	5.4
coursed	2.2
courser	2.0
coursers	1.7
courses	4.5
coursing	2.7
court	5.4
courted	2.9
courter	1.6
courters	0.0
courtesy	4.1
courtier	2.6
courting	3.1
courtly	2.6
courts	4.5
couscous	2.6
cousin	4.4
cousinly	1.1
cousinry	0.0
cousins	4.0
couteau	1.2
couteaux	0.0
couter	0.0
couters	0.0
couth	1.5
couther	0.0
couthest	0.0
couthie	0.0
couthier	0.0
couths	0.0
couture	3.3
coutures	0.0
couvade	1.3
couvades	0.0
covalent	2.6
cove	3.6
coved	1.7
coven	3.0
covenant	3.7
covens	1.9
cover	5.1
coverage	4.6
coverall	1.8
covered	4.8
coverer	0.0
coverers	0.0
covering	4.5
coverlet	1.8
coverlid	0.0
covers	4.5
covert	3.5
covertly	2.8
coverts	2.3
coverup	2.6
coverups	1.8
coves	2.5
covet	2.8
coveted	3.3
coveter	0.0
coveters	0.0
coveting	2.2
covetous	2.1
covets	2.1
covey	2.6
coveys	1.2
covin	1.1
coving	1.4
covings	0.0
covins	0.0
cow	4.1
cowage	0.0
cowages	0.0
coward	3.7
cowardly	3.4
cowards	3.3
cowbane	0.0
cowbanes	0.0
cowbell	2.5
cowbells	2.0
cowberry	0.0
cowbind	0.0
cowbinds	0.0
cowbird	1.7
cowbirds	1.5
cowboy	3.9
cowboys	4.0
cowed	2.4
cowedly	0.0
cower	2.5
cowered	2.2
cowering	2.6
cowers	1.8
cowfish	1.2
cowflap	0.0
cowflaps	0.0
cowflop	0.0
cowflops	0.0
cowgirl	2.9
cowgirls	2.4
cowhage	0.0
cowhages	0.0
cowhand	1.6
cowhands	1.4
cowherb	0.0
cowherbs	0.0
cowherd	2.3
cowherds	1.3
cowhide	2.1
cowhided	0.0
cowhides	1.1
cowier	0.0
cowiest	0.0
cowing	1.6
cowinner	0.0
cowl	2.9
cowled	1.5
cowlick	1.6
cowlicks	1.1
cowling	2.3
cowlings	1.6
cowls	1.8
cowman	1.8
cowmen	0.0
coworker	3.3
cowpat	0.0
cowpats	0.0
cowpea	1.7
cowpeas	1.4
cowpie	0.0
cowpies	0.0
cowplop	0.0
cowplops	0.0
cowpoke	1.5
cowpokes	1.1
cowpox	1.7
cowpoxes	0.0
cowrie	1.8
cowries	1.7
cowrite	0.0
cowrites	0.0
cowrote	1.5
cowry	1.4
cows	3.9
cowshed	2.0
cowsheds	1.2
cowskin	1.1
cowskins	0.0
cowslip	1.7
cowslips	1.3
cowy	0.0
cox	3.9
coxa	1.5
coxae	1.4
coxal	1.1
coxalgia	0.0
coxalgic	0.0
coxalgy	0.0
coxcomb	1.6
coxcombs	0.0
coxed	1.6
coxes	1.5
coxing	1.1
coxitis	0.0
coxswain	2.2
coy	3.1
coydog	0.0
coydogs	0.0
coyed	0.0
coyer	1.1
coyest	0.0
coying	0.0
coyish	0.0
coyly	2.1
coyness	1.6
coyote	3.4
coyotes	3.3
coypou	0.0
coypous	0.0
coypu	1.1
coypus	0.0
coys	1.9
coz	3.1
cozen	1.5
cozenage	0.0
cozened	0.0
cozener	0.0
cozeners	0.0
cozening	0.0
cozens	2.0
cozes	0.0
cozey	0.0
cozeys	0.0
cozie	0.0
cozied	1.7
cozier	2.0
cozies	1.8
coziest	1.6
cozily	1.4
coziness	1.9
cozy	3.6
cozying	2.1
cozzes	0.0
craal	0.0
craaled	0.0
craaling	0.0
craals	0.0
crab	3.8
crabbed	1.5
crabber	1.0
crabbers	1.3
crabbier	0.0
crabbily	0.0
crabbing	2.1
crabby	2.5
crabmeat	1.9
crabs	3.4
crabwise	0.0
crack	4.4
cracked	4.0
cracker	3.5
crackers	3.5
cracking	3.9
crackle	2.8
crackled	2.2
crackles	2.3
crackly	1.8
cracknel	0.0
crackpot	2.5
cracks	3.9
crackup	1.2
crackups	0.0
cracky	1.4
cradle	3.5
cradled	2.5
cradler	0.0
cradlers	0.0
cradles	2.5
cradling	2.5
craft	4.3
crafted	3.6
craftier	1.4
craftily	1.8
crafting	3.5
crafts	3.7
crafty	3.2
crag	2.6
cragged	0.0
craggier	0.0
craggily	0.0
craggy	2.5
crags	2.5
cragsman	0.0
cragsmen	0.0
crake	2.0
crakes	0.0
cram	3.1
crambe	1.2
crambes	0.0
crambo	0.0
cramboes	0.0
crambos	0.0
crammed	3.2
crammer	1.4
crammers	0.0
cramming	2.8
cramoisy	0.0
cramp	3.0
cramped	3.3
cramping	2.9
crampit	0.0
crampits	0.0
crampon	1.4
crampons	2.0
crampoon	0.0
cramps	3.3
crams	1.8
cranch	1.6
cranched	0.0
cranches	0.0
crane	3.9
craned	1.9
cranes	3.3
crania	1.6
cranial	3.0
craniate	0.0
craning	1.9
cranium	2.6
craniums	1.3
crank	3.6
cranked	2.9
cranker	0.0
crankest	0.0
crankier	1.2
crankily	0.0
cranking	2.8
crankish	0.0
crankle	0.0
crankled	0.0
crankles	0.0
crankly	0.0
crankous	0.0
crankpin	1.1
cranks	2.8
cranky	3.1
crannied	0.0
crannies	2.4
crannog	1.4
crannoge	0.0
crannogs	1.0
cranny	2.5
crap	4.4
crape	1.8
craped	0.0
crapes	0.0
craping	0.0
crapped	2.4
crapper	2.1
crappers	0.0
crappie	2.3
crappier	1.6
crappies	1.5
crapping	2.3
crappy	3.5
craps	2.8
crases	0.0
crash	4.5
crashed	4.0
crasher	2.1
crashers	2.4
crashes	3.9
crashing	3.8
crasis	0.0
crass	3.0
crasser	0.0
crassest	1.0
crassly	1.5
cratch	0.0
cratches	0.0
crate	3.5
crated	2.2
crater	3.5
cratered	2.1
craters	3.0
crates	3.3
crating	2.0
craton	1.9
cratonic	1.1
cratons	1.3
craunch	0.0
cravat	2.3
cravats	1.7
crave	3.5
craved	2.9
craven	3.2
cravened	0.0
cravenly	1.3
cravens	2.2
craver	1.8
cravers	1.1
craves	2.9
craving	3.6
cravings	3.3
craw	2.4
crawdad	1.6
crawdads	1.6
crawfish	2.6
crawl	3.8
crawled	3.3
crawler	2.8
crawlers	2.5
crawlier	0.0
crawling	3.6
crawls	2.9
crawlway	0.0
crawly	2.0
craws	1.2
crayfish	2.9
crayon	3.0
crayoned	0.0
crayons	3.0
craze	3.4
crazed	3.1
crazes	2.0
crazier	3.1
crazies	2.8
craziest	3.2
crazily	2.5
crazing	1.7
crazy	5.1
creak	2.5
creaked	2.0
creakier	0.0
creakily	0.0
creaking	2.8
creaks	2.1
creaky	2.4
cream	4.6
creamed	2.7
creamer	2.7
creamers	1.7
creamery	2.7
creamier	1.9
creamily	0.0
creaming	2.3
creams	3.2
creamy	3.4
crease	3.3
creased	2.5
creaser	1.3
creasers	0.0
creases	2.7
creasier	0.0
creasing	2.4
creasy	2.4
create	5.0
created	5.0
creates	4.3
creatin	1.4
creatine	2.8
creating	4.7
creatins	0.0
creation	4.6
creative	4.6
creator	4.2
creators	3.8
creature	4.2
creche	2.2
creches	1.4
credal	1.2
credence	3.1
credenda	0.0
credent	0.0
credenza	1.9
credible	3.8
credibly	2.6
credit	5.0
credited	3.9
creditor	3.1
credits	4.3
credo	2.8
credos	1.2
creed	3.7
creedal	1.4
creeds	2.6
creek	4.4
creeks	3.1
creel	2.4
creeled	0.0
creeling	0.0
creels	1.2
creep	3.8
creepage	0.0
creeper	2.9
creepers	2.7
creepie	0.0
creepier	2.3
creepies	0.0
creepily	2.2
creeping	3.5
creeps	3.4
creepy	4.0
creese	1.4
creeses	0.0
creesh	0.0
creeshed	0.0
creeshes	0.0
cremains	1.6
cremate	2.1
cremated	3.0
cremates	0.0
cremator	1.3
creme	3.1
cremes	1.4
crenate	1.4
crenated	0.0
crenel	0.0
creneled	0.0
crenelle	0.0
crenels	0.0
creodont	0.0
creole	3.1
creoles	2.3
creolise	0.0
creolize	0.0
creosol	0.0
creosols	0.0
creosote	2.4
crepe	2.9
creped	1.2
crepes	2.6
crepey	1.1
crepier	0.0
crepiest	0.0
creping	0.0
crepon	0.0
crepons	0.0
crept	3.1
crepy	0.0
crescent	3.6
crescive	0.0
cresol	1.5
cresols	0.0
cress	2.5
cresses	0.0
cresset	1.4
cressets	0.0
crest	3.6
crestal	0.0
crested	2.9
cresting	2.1
crests	2.8
cresyl	0.0
cresylic	0.0
cresyls	0.0
cretic	0.0
cretics	0.0
cretin	2.5
cretins	2.3
cretonne	0.0
crevalle	1.0
crevasse	2.4
crevice	2.6
creviced	0.0
crevices	2.8
crew	4.7
crewed	2.5
crewel	1.5
crewels	0.0
crewing	1.9
crewless	0.0
crewman	2.6
crewmate	1.6
crewmen	2.6
crewneck	2.0
crews	3.9
crib	3.5
cribbage	2.1
cribbed	1.9
cribber	0.0
cribbers	0.0
cribbing	2.0
cribbled	0.0
cribrous	0.0
cribs	2.7
cribwork	0.0
cricetid	0.0
crick	2.8
cricked	0.0
cricket	4.4
crickets	3.2
crickey	0.0
cricking	0.0
cricks	1.1
cricoid	1.6
cricoids	0.0
cried	4.2
crier	2.4
criers	1.8
cries	3.9
crikey	2.5
crime	4.9
crimes	4.4
criminal	4.8
crimmer	0.0
crimmers	0.0
crimp	2.6
crimped	2.3
crimper	1.7
crimpers	1.2
crimpier	0.0
crimping	2.2
crimple	0.0
crimpled	0.0
crimples	0.0
crimps	1.8
crimpy	0.0
crimson	3.6
crimsons	1.3
cringe	3.5
cringed	2.6
cringer	1.0
cringers	0.0
cringes	2.1
cringing	2.7
cringle	1.3
cringles	0.0
crinite	0.0
crinites	0.0
crinkle	2.3
crinkled	2.1
crinkles	2.0
crinkly	2.0
crinoid	1.7
crinoids	1.9
crinum	1.3
crinums	0.0
criollo	1.9
criollos	1.3
cripe	1.2
cripes	1.9
cripple	3.2
crippled	3.5
crippler	1.4
cripples	2.5
cris	2.8
crises	3.6
crisic	0.0
crisis	4.6
crisp	3.7
crispate	0.0
crisped	1.9
crispen	1.0
crispens	0.0
crisper	2.3
crispers	0.0
crispest	1.1
crispier	1.6
crispily	0.0
crisping	1.4
crisply	2.2
crisps	3.1
crispy	3.4
crissa	0.0
crissal	0.0
crissum	0.0
crista	1.9
cristae	1.3
cristate	0.0
criteria	4.2
critic	4.0
critical	4.8
critics	4.4
critique	3.8
critter	2.8
critters	3.0
crittur	0.0
critturs	0.0
croak	2.4
croaked	2.2
croaker	2.1
croakers	1.2
croakier	0.0
croakily	0.0
croaking	2.2
croaks	1.8
croaky	1.6
croc	3.0
crocein	0.0
croceine	0.0
croceins	0.0
crochet	3.2
crochets	1.6
croci	1.2
crocine	0.0
crock	3.0
crocked	1.8
crockery	2.6
crocket	1.7
crockets	1.2
crocking	0.0
crocks	1.9
crocoite	0.0
crocs	2.9
crocus	2.5
crocuses	2.0
croft	3.2
crofter	1.7
crofters	2.2
crofts	2.4
crojik	0.0
crojiks	0.0
cromlech	1.5
crone	2.6
crones	1.7
cronies	3.0
crony	2.7
cronyism	2.5
crook	3.4
crooked	3.6
crookery	0.0
crooking	0.0
crooks	3.2
croon	2.2
crooned	1.9
crooner	2.4
crooners	1.8
crooning	2.3
croons	1.8
crop	4.2
cropland	2.3
cropless	0.0
cropped	3.4
cropper	2.5
croppers	1.5
croppie	0.0
croppies	0.0
cropping	3.0
crops	4.0
croquet	2.7
croquets	0.0
croquis	1.1
crore	3.4
crores	3.1
crosier	1.7
crosiers	0.0
cross	5.0
crossarm	0.0
crossbar	2.8
crossbow	3.0
crosscut	1.9
crosse	2.9
crossed	4.3
crosser	2.1
crossers	2.1
crosses	3.9
crossest	0.0
crossing	4.3
crosslet	0.0
crossly	1.4
crosstie	0.0
crossway	1.8
crotch	3.3
crotched	1.2
crotches	2.1
crotchet	1.7
croton	2.5
crotons	0.0
crouch	3.3
crouched	2.8
crouches	2.1
croup	2.2
croupe	0.0
croupes	0.0
croupier	1.9
croupily	0.0
croupous	0.0
croups	0.0
croupy	0.0
crouse	2.3
crousely	0.0
crouton	1.9
croutons	2.5
crow	3.8
crowbar	2.7
crowbars	1.9
crowd	4.7
crowded	4.0
crowder	2.9
crowders	1.4
crowdie	1.0
crowdies	0.0
crowding	3.0
crowds	3.9
crowdy	1.4
crowed	2.4
crower	1.1
crowers	0.0
crowfeet	0.0
crowfoot	1.8
crowing	2.5
crown	4.6
crowned	3.6
crowner	1.0
crowners	0.0
crownet	0.0
crownets	0.0
crowning	3.1
crowns	3.5
crows	3.5
crowstep	0.0
croze	1.2
crozer	1.5
crozers	0.0
crozes	0.0
crozier	2.6
croziers	0.0
cruces	2.6
crucial	4.3
crucian	1.3
crucians	0.0
cruciate	2.6
crucible	3.2
crucifer	1.3
crucifix	3.0
crucify	2.7
cruck	1.2
crucks	0.0
crud	2.6
crudded	0.0
cruddier	0.0
crudding	0.0
cruddy	2.0
crude	4.0
crudely	2.7
cruder	1.9
crudes	1.8
crudest	1.9
crudites	1.2
crudity	1.7
cruds	0.0
cruel	4.1
crueler	1.8
cruelest	2.4
crueller	1.4
cruelly	3.0
cruelty	3.8
cruet	1.7
cruets	1.3
cruise	4.2
cruised	2.8
cruiser	3.5
cruisers	3.2
cruises	3.4
cruising	3.5
cruller	1.3
crullers	1.3
crumb	3.0
crumbed	1.5
crumber	0.0
crumbers	0.0
crumbier	0.0
crumbing	1.1
crumble	3.3
crumbled	3.0
crumbles	2.8
crumbly	2.4
crumbs	3.3
crumbum	0.0
crumbums	0.0
crumby	1.6
crumhorn	0.0
crummie	0.0
crummier	0.0
crummies	0.0
crummy	2.6
crump	2.8
crumped	0.0
crumpet	2.1
crumpets	2.3
crumping	0.0
crumple	2.3
crumpled	2.9
crumples	1.8
crumply	0.0
crumps	1.2
crunch	3.7
crunched	2.6
cruncher	1.9
crunches	2.8
crunchy	3.2
crunodal	0.0
crunode	0.0
crunodes	0.0
cruor	0.0
cruors	0.0
crupper	1.0
cruppers	0.0
crura	1.2
crural	1.1
crus	2.2
crusade	3.6
crusaded	1.5
crusader	3.2
crusades	3.1
crusado	0.0
crusados	0.0
cruse	2.2
cruses	0.0
cruset	0.0
crusets	0.0
crush	4.2
crushed	4.0
crusher	3.1
crushers	2.5
crushes	3.1
crushing	3.8
crusily	0.0
crust	3.7
crustal	2.5
crusted	2.5
crustier	0.0
crustily	0.0
crusting	1.7
crustose	1.2
crusts	2.6
crusty	3.0
crutch	2.9
crutched	1.0
crutches	3.1
crux	3.0
cruxes	0.0
cruzado	1.3
cruzados	1.1
cruzeiro	1.8
crwth	0.0
crwths	0.0
cry	4.6
crybaby	2.8
crying	4.6
cryingly	0.0
cryogen	1.4
cryogens	0.0
cryogeny	0.0
cryolite	1.4
cryonic	1.4
cryonics	1.8
cryostat	1.6
cryotron	0.0
crypt	3.1
cryptal	0.0
cryptic	3.2
crypto	3.6
cryptos	2.0
crypts	2.5
crystal	4.4
crystals	3.8
ctenidia	0.0
ctenoid	1.2
cub	3.5
cubage	0.0
cubages	0.0
cubature	0.0
cubbies	2.2
cubbish	0.0
cubby	2.5
cube	3.8
cubeb	1.1
cubebs	0.0
cubed	2.5
cuber	1.4
cubers	1.1
cubes	3.4
cubic	3.7
cubical	2.0
cubicity	0.0
cubicle	3.1
cubicles	2.5
cubicly	0.0
cubics	1.3
cubicula	0.0
cubiform	0.0
cubing	1.5
cubism	2.4
cubisms	0.0
cubist	2.4
cubistic	0.0
cubists	1.6
cubit	2.1
cubital	1.6
cubits	2.4
cuboid	2.0
cuboidal	1.4
cuboids	1.2
cubs	3.9
cuckold	2.9
cuckolds	1.9
cuckoo	3.1
cuckooed	0.0
cuckoos	2.2
cucumber	3.4
cucurbit	1.3
cud	2.4
cudbear	0.0
cudbears	0.0
cuddie	1.4
cuddies	0.0
cuddle	3.4
cuddled	2.7
cuddler	1.8
cuddlers	1.2
cuddles	3.0
cuddlier	1.0
cuddling	3.1
cuddly	3.1
cuddy	2.5
cudgel	2.3
cudgeled	0.0
cudgeler	0.0
cudgels	1.8
cuds	0.0
cudweed	0.0
cudweeds	0.0
cue	3.8
cued	2.3
cueing	2.1
cues	3.5
cuesta	2.2
cuestas	0.0
cuff	3.5
cuffed	2.8
cuffing	2.1
cuffless	0.0
cuffs	3.2
cuif	0.0
cuifs	0.0
cuing	1.7
cuirass	1.9
cuish	0.0
cuishes	0.0
cuisine	3.8
cuisines	2.7
cuisse	0.0
cuisses	0.0
cuittle	0.0
cuittled	0.0
cuittles	0.0
cuke	1.3
cukes	1.4
culch	0.0
culches	0.0
culet	1.1
culets	0.0
culex	2.1
culices	0.0
culicid	0.0
culicids	0.0
culicine	0.0
culinary	3.6
cull	3.0
cullay	0.0
cullays	0.0
culled	2.9
culler	1.7
cullers	1.2
cullet	1.4
cullets	0.0
cullied	0.0
cullies	0.0
culling	2.9
cullion	0.0
cullions	0.0
cullis	1.5
cullises	0.0
culls	2.2
cully	2.1
cullying	0.0
culm	1.8
culmed	0.0
culming	0.0
culms	1.7
culotte	1.7
culottes	2.2
culpa	2.5
culpable	2.9
culpably	1.3
culpae	0.0
culprit	3.4
culprits	3.0
cult	4.1
cultch	1.2
cultches	0.0
culti	1.3
cultic	2.2
cultigen	0.0
cultish	2.0
cultism	1.5
cultisms	0.0
cultist	2.1
cultists	2.4
cultivar	2.6
cultlike	1.2
cultrate	0.0
cults	3.1
cultural	4.8
culture	5.0
cultured	3.3
cultures	4.2
cultus	2.0
cultuses	0.0
culver	3.0
culverin	1.3
culvers	1.5
culvert	2.5
culverts	2.3
cum	4.0
cumarin	0.0
cumarins	0.0
cumber	1.9
cumbered	0.0
cumberer	0.0
cumbers	1.2
cumbrous	1.1
cumin	3.0
cumins	0.0
cummer	1.6
cummers	0.0
cummin	1.8
cummins	3.1
cumquat	0.0
cumquats	0.0
cumshaw	0.0
cumshaws	0.0
cumulate	1.6
cumuli	0.0
cumulous	0.0
cumulus	2.6
cundum	0.0
cundums	0.0
cuneal	0.0
cuneate	1.6
cuneated	0.0
cuneatic	0.0
cuniform	0.0
cunner	0.0
cunners	0.0
cunning	3.5
cunnings	0.0
cunt	3.9
cunts	3.3
cup	5.1
cupboard	3.4
cupcake	3.4
cupcakes	3.4
cupel	0.0
cupeled	0.0
cupeler	0.0
cupelers	0.0
cupeling	0.0
cupelled	0.0
cupeller	0.0
cupels	0.0
cupful	1.6
cupfuls	0.0
cupid	3.2
cupidity	1.6
cupids	2.1
cuplike	0.0
cupola	2.7
cupolaed	0.0
cupolas	1.9
cuppa	2.7
cuppas	0.0
cupped	2.5
cupper	1.4
cuppers	1.1
cuppier	0.0
cuppiest	0.0
cupping	2.6
cuppings	0.0
cuppy	1.7
cupreous	1.3
cupric	1.4
cuprite	0.0
cuprites	0.0
cuprous	1.4
cuprum	1.1
cuprums	0.0
cups	4.1
cupsful	0.0
cupula	1.1
cupulae	0.0
cupular	0.0
cupulate	0.0
cupule	1.0
cupules	1.2
cur	2.9
curable	2.7
curably	0.0
curacao	2.4
curacaos	0.0
curacies	1.1
curacoa	1.2
curacoas	0.0
curacy	1.9
curagh	0.0
curaghs	0.0
curara	0.0
curaras	0.0
curare	1.9
curares	0.0
curari	0.0
curarine	0.0
curaris	0.0
curarize	0.0
curassow	0.0
curate	3.0
curated	3.4
curates	2.4
curating	2.6
curative	2.7
curator	3.5
curators	3.0
curb	3.8
curbable	0.0
curbed	2.6
curber	0.0
curbers	0.0
curbing	2.8
curbings	0.0
curbs	2.8
curbside	2.4
curch	0.0
curches	0.0
curculio	1.4
curcuma	1.7
curcumas	0.0
curd	2.9
curded	0.0
curdier	0.0
curdiest	0.0
curding	0.0
curdle	2.0
curdled	2.2
curdler	0.0
curdlers	0.0
curdles	1.6
curdling	2.3
curds	2.5
curdy	1.1
cure	4.3
cured	3.7
cureless	0.0
curer	1.1
curers	1.0
cures	3.3
curet	1.1
curets	0.0
curette	1.4
curetted	0.0
curettes	1.1
curf	0.0
curfew	3.4
curfews	2.3
curfs	0.0
curia	2.6
curiae	2.2
curial	1.6
curie	2.9
curies	1.7
curing	3.3
curio	2.4
curios	2.3
curiosa	1.4
curious	4.5
curite	0.0
curites	0.0
curium	1.6
curiums	0.0
curl	3.5
curled	3.3
curler	2.5
curlers	2.5
curlew	2.3
curlews	1.7
curlicue	1.4
curlier	1.4
curliest	0.0
curlily	0.0
curling	3.5
curlings	0.0
curls	3.4
curly	3.6
curlycue	0.0
curn	0.0
curns	0.0
curr	2.2
currach	0.0
currachs	0.0
curragh	2.1
curraghs	0.0
curran	3.0
currans	0.0
currant	2.5
currants	2.3
curred	0.0
currency	4.4
current	5.3
currents	3.6
curricle	0.0
currie	3.1
curried	2.4
currier	2.3
curriers	1.1
curriery	0.0
curries	2.6
curring	0.0
currish	0.0
currs	0.0
curry	4.0
currying	1.9
curs	1.8
curse	4.1
cursed	3.8
curseder	0.0
cursedly	0.0
curser	1.2
cursers	0.0
curses	3.2
cursing	3.3
cursive	2.9
cursives	0.0
cursor	3.1
cursors	1.9
cursory	2.9
curst	1.4
curt	3.2
curtail	3.0
curtails	1.8
curtain	3.9
curtains	3.7
curtal	1.1
curtalax	0.0
curtals	0.0
curtate	0.0
curter	0.0
curtest	0.0
curtesy	1.8
curtly	2.2
curtness	0.0
curtsey	2.0
curtseys	1.1
curtsied	1.4
curtsies	1.3
curtsy	2.0
curule	1.4
curve	4.1
curved	3.8
curvedly	0.0
curves	3.9
curvet	0.0
curveted	0.0
curvets	0.0
curvey	1.1
curvier	1.8
curviest	0.0
curving	3.1
curvy	3.1
cuscus	1.2
cuscuses	0.0
cusec	0.0
cusecs	1.5
cushat	0.0
cushats	0.0
cushaw	0.0
cushaws	0.0
cushier	1.2
cushiest	0.0
cushily	0.0
cushion	3.6
cushions	3.2
cushiony	1.5
cushy	2.7
cusk	1.6
cusks	0.0
cusp	3.0
cuspate	0.0
cuspated	0.0
cusped	1.6
cuspid	1.4
cuspidal	1.1
cuspides	0.0
cuspidor	1.1
cuspids	0.0
cuspis	0.0
cusps	2.2
cuss	2.8
cussed	2.4
cussedly	0.0
cusser	0.0
cussers	0.0
cusses	1.7
cussing	2.6
cusso	0.0
cussos	0.0
cussword	0.0
custard	3.2
custards	1.8
custardy	1.4
custodes	1.7
custody	4.2
custom	4.4
customer	4.6
customs	4.2
custos	1.8
custumal	0.0
cut	5.2
cutaway	2.5
cutaways	1.9
cutback	2.4
cutbacks	2.8
cutbank	0.0
cutbanks	0.0
cutch	2.1
cutchery	0.0
cutches	0.0
cutdown	1.7
cutdowns	0.0
cute	4.7
cutely	1.9
cuteness	2.9
cuter	2.9
cutes	1.4
cutesie	0.0
cutesier	0.0
cutest	3.3
cutesy	2.5
cutey	1.7
cuteys	0.0
cutgrass	0.0
cuticle	2.7
cuticles	2.2
cuticula	0.0
cutie	3.3
cuties	2.5
cutin	0.0
cutinise	0.0
cutinize	0.0
cutins	0.0
cutis	1.6
cutises	0.0
cutlas	0.0
cutlases	0.0
cutlass	2.6
cutler	3.4
cutlers	1.7
cutlery	3.0
cutlet	2.1
cutlets	2.3
cutline	1.3
cutlines	0.0
cutoff	3.2
cutoffs	2.2
cutout	2.9
cutouts	2.6
cutover	1.4
cutovers	0.0
cutpurse	1.4
cuts	4.4
cuttable	0.0
cuttage	0.0
cuttages	0.0
cutter	3.7
cutters	3.3
cutties	0.0
cutting	4.6
cuttings	3.0
cuttle	1.6
cuttled	0.0
cuttles	0.0
cuttling	0.0
cutty	2.4
cutup	1.2
cutups	0.0
cutwater	1.3
cutwork	1.3
cutworks	0.0
cutworm	1.6
cutworms	1.0
cuvette	1.8
cuvettes	1.2
cwm	2.3
cwms	0.0
cyan	2.7
cyanamid	1.3
cyanate	1.7
cyanates	0.0
cyanic	1.0
cyanid	0.0
cyanide	3.2
cyanided	0.0
cyanides	1.5
cyanids	0.0
cyanin	0.0
cyanine	1.3
cyanines	0.0
cyanins	0.0
cyanite	0.0
cyanites	0.0
cyanitic	0.0
cyano	1.8
cyanogen	2.2
cyanosed	0.0
cyanoses	0.0
cyanosis	1.9
cyanotic	1.9
cyans	0.0
cyborg	3.2
cyborgs	2.6
cycad	1.5
cycads	1.8
cycas	1.4
cycases	0.0
cycasin	0.0
cycasins	0.0
cyclamen	2.1
cyclase	2.1
cyclases	0.0
cycle	4.6
cyclecar	0.0
cycled	2.9
cycler	1.8
cyclers	1.3
cyclery	1.1
cycles	3.9
cyclic	3.2
cyclical	3.2
cyclicly	0.0
cycling	4.1
cyclings	0.0
cyclist	3.6
cyclists	3.7
cyclitol	0.0
cyclize	0.0
cyclized	1.4
cyclizes	0.0
cyclo	2.2
cycloid	1.7
cycloids	0.0
cyclonal	0.0
cyclone	3.5
cyclones	3.0
cyclonic	2.4
cyclops	3.1
cyclos	0.0
cycloses	0.0
cyclosis	0.0
cyder	1.4
cyders	0.0
cyeses	0.0
cyesis	0.0
cygnet	2.0
cygnets	1.7
cylices	0.0
cylinder	4.0
cylix	0.0
cyma	1.6
cymae	0.0
cymar	0.0
cymars	0.0
cymas	0.0
cymatia	0.0
cymatium	0.0
cymbal	2.6
cymbaler	0.0
cymbalom	0.0
cymbals	2.8
cymbidia	0.0
cymbling	0.0
cyme	1.5
cymene	1.2
cymenes	0.0
cymes	1.5
cymlin	0.0
cymling	0.0
cymlings	0.0
cymlins	0.0
cymogene	0.0
cymoid	0.0
cymol	0.0
cymols	0.0
cymose	1.2
cymosely	0.0
cymous	0.0
cynic	2.8
cynical	3.6
cynicism	3.1
cynics	2.4
cynosure	1.7
cypher	2.8
cyphered	0.0
cyphers	2.0
cypres	1.3
cypreses	0.0
cypress	3.2
cyprian	2.4
cyprians	0.0
cyprinid	1.3
cyprus	3.7
cypruses	0.0
cypsela	0.0
cypselae	0.0
cyst	3.1
cystein	0.0
cysteine	2.7
cysteins	0.0
cystic	3.1
cystine	1.8
cystines	0.0
cystitis	2.2
cystoid	1.1
cystoids	0.0
cysts	2.9
cytaster	0.0
cytidine	1.5
cytogeny	0.0
cytokine	2.7
cytology	2.2
cyton	0.0
cytons	0.0
cytosine	2.2
cytosol	2.3
cytosols	0.0
czar	3.0
czardas	1.1
czardom	0.0
czardoms	0.0
czarevna	0.0
czarina	1.8
czarinas	0.0
czarism	0.0
czarisms	0.0
czarist	2.1
czarists	0.0
czaritza	0.0
czars	2.1
dab	3.3
dabbed	2.4
dabber	1.6
dabbers	1.2
dabbing	2.6
dabble	2.7
dabbled	2.7
dabbler	1.7
dabblers	1.4
dabbles	2.0
dabbling	2.6
dabchick	0.0
dabs	2.6
dabster	0.0
dabsters	0.0
dace	2.1
daces	0.0
dacha	2.1
dachas	1.4
dacker	0.0
dackered	0.0
dackers	0.0
dacoit	1.7
dacoits	1.8
dacoity	1.4
dactyl	1.8
dactyli	0.0
dactylic	1.5
dactyls	1.3
dactylus	0.0
dad	5.0
dada	3.1
dadaism	1.7
dadaisms	0.0
dadaist	1.9
dadaists	1.6
dadas	1.1
daddies	2.9
daddle	0.0
daddled	0.0
daddles	0.0
daddling	0.0
daddy	4.4
dado	2.3
dadoed	0.0
dadoes	0.0
dadoing	0.0
dados	1.5
dads	3.6
daedal	0.0
daemon	2.8
daemonic	1.5
daemons	2.3
daff	1.6
daffed	0.0
daffier	0.0
daffiest	0.0
daffily	0.0
daffing	0.0
daffodil	2.6
daffs	1.4
daffy	2.7
daft	3.4
dafter	1.3
daftest	1.2
daftly	0.0
daftness	1.1
dag	2.9
dagga	1.7
daggas	0.0
dagger	3.5
daggered	1.0
daggers	3.0
daggle	0.0
daggled	0.0
daggles	0.0
daggling	0.0
daglock	0.0
daglocks	0.0
dago	2.0
dagoba	1.2
dagobas	0.0
dagoes	0.0
dagos	1.1
dags	1.9
dagwood	1.8
dagwoods	0.0
dah	3.1
dahabeah	0.0
dahabiah	0.0
dahabieh	0.0
dahabiya	0.0
dahl	3.1
dahlia	2.9
dahlias	2.3
dahls	1.0
dahoon	0.0
dahoons	0.0
dahs	1.3
daiker	0.0
daikered	0.0
daikers	0.0
daikon	2.0
daikons	0.0
dailies	2.8
daily	5.1
daimen	0.0
daimio	1.2
daimios	0.0
daimon	2.2
daimones	0.0
daimonic	0.0
daimons	0.0
daimyo	2.2
daimyos	1.2
daintier	1.2
dainties	1.4
daintily	1.9
dainty	3.1
daiquiri	2.3
dairies	2.5
dairy	4.1
dairying	2.1
dairyman	1.7
dairymen	1.3
dais	2.6
daises	1.2
daishiki	0.0
daisied	0.0
daisies	2.9
daisy	3.8
dak	3.1
dakerhen	0.0
dakoit	0.0
dakoits	0.0
dakoity	0.0
daks	1.6
dal	3.2
dalapon	0.0
dalapons	0.0
dalasi	0.0
dalasis	0.0
dale	4.0
daledh	0.0
daledhs	0.0
dales	2.8
dalesman	0.0
dalesmen	0.0
daleth	0.0
daleths	0.0
dalles	2.2
dallied	1.7
dallier	0.0
dalliers	0.0
dallies	1.3
dally	2.8
dallying	1.9
dalmatic	1.2
dals	1.4
dalton	3.5
daltonic	0.0
daltons	2.1
dam	4.2
damage	4.9
damaged	4.4
damager	0.0
damagers	0.0
damages	4.1
damaging	3.9
daman	2.1
damans	0.0
damar	2.0
damars	0.0
damask	2.5
damasked	0.0
damasks	1.2
dame	4.0
dames	3.0
damewort	0.0
dammar	0.0
dammars	0.0
dammed	2.5
dammer	0.0
dammers	1.6
damming	2.3
damn	5.1
damnable	2.2
damnably	1.6
damndest	1.8
damned	3.9
damneder	0.0
damner	0.0
damners	0.0
damnify	0.0
damning	3.2
damns	2.0
damosel	0.0
damosels	0.0
damozel	1.2
damozels	0.0
damp	3.6
damped	2.3
dampen	2.8
dampened	2.6
dampener	2.0
dampens	2.1
damper	2.9
dampers	2.6
dampest	0.0
damping	2.9
dampings	0.0
dampish	0.0
damply	0.0
dampness	2.5
damps	1.7
dams	3.5
damsel	2.9
damsels	2.3
damson	2.0
damsons	1.5
dance	4.9
danced	3.7
dancer	4.0
dancers	3.9
dances	3.8
dancing	4.5
dander	2.2
dandered	0.0
danders	0.0
dandier	0.0
dandies	2.0
dandiest	0.0
dandify	0.0
dandily	0.0
dandle	0.0
dandled	0.0
dandler	0.0
dandlers	0.0
dandles	0.0
dandling	0.0
dandriff	0.0
dandruff	2.6
dandy	3.2
dandyish	1.1
dandyism	1.3
danegeld	1.3
daneweed	0.0
danewort	0.0
dang	3.6
danged	1.7
danger	4.6
dangered	0.0
dangers	3.9
danging	0.0
dangle	2.9
dangled	2.6
dangler	1.5
danglers	1.4
dangles	2.4
dangling	3.3
dangs	1.2
danio	1.4
danios	1.2
danish	3.9
dank	3.3
danker	1.7
dankest	1.8
dankly	0.0
dankness	1.2
danseur	1.1
danseurs	0.0
danseuse	1.4
dap	2.8
daphne	3.3
daphnes	1.1
daphnia	2.0
daphnias	0.0
dapped	1.0
dapper	2.9
dapperer	0.0
dapperly	0.0
dapping	1.2
dapple	1.9
dappled	2.4
dapples	1.3
dappling	1.1
daps	1.9
dapsone	1.7
dapsones	0.0
darb	1.5
darbies	0.0
darbs	0.0
dare	4.3
dared	3.5
dareful	0.0
darer	0.0
darers	0.0
dares	3.2
daresay	2.5
daric	1.4
darics	0.0
daring	3.7
daringly	2.1
darings	0.0
dariole	0.0
darioles	0.0
dark	5.0
darked	0.0
darken	2.9
darkened	3.1
darkener	0.0
darkens	2.4
darker	3.9
darkest	3.6
darkey	0.0
darkeys	0.0
darkie	1.8
darkies	2.0
darking	0.0
darkish	1.8
darkle	0.0
darkled	0.0
darkles	0.0
darklier	0.0
darkling	2.0
darkly	3.0
darkness	4.3
darkroom	2.7
darks	2.1
darksome	1.5
darky	1.7
darling	4.1
darlings	2.9
darn	3.6
darndest	2.0
darned	2.6
darneder	0.0
darnel	1.4
darnels	0.0
darner	1.4
darners	0.0
darning	1.9
darnings	0.0
darns	1.0
darshan	2.5
darshans	0.0
dart	3.5
darted	2.6
darter	2.0
darters	1.8
darting	2.7
dartle	0.0
dartled	0.0
dartles	0.0
dartling	0.0
darts	3.4
dash	4.0
dashed	3.3
dasheen	1.0
dasheens	0.0
dasher	2.3
dashers	1.5
dashes	2.9
dashi	2.0
dashier	0.0
dashiest	0.0
dashiki	1.8
dashikis	1.1
dashing	3.3
dashis	0.0
dashpot	1.3
dashpots	0.0
dashy	1.2
dassie	0.0
dassies	0.0
dastard	1.2
dastards	0.0
dasyure	0.0
dasyures	0.0
data	5.3
databank	2.1
database	4.3
datable	1.9
dataries	0.0
datary	0.0
datcha	0.0
datchas	0.0
date	5.2
dateable	1.6
dated	4.3
datedly	0.0
dateless	1.8
dateline	2.7
dater	2.0
daters	2.0
dates	4.5
dating	4.7
datival	0.0
dative	2.4
datively	0.0
datives	0.0
dato	2.4
datos	1.7
datto	1.7
dattos	0.0
datum	2.5
datums	1.4
datura	2.1
daturas	0.0
daturic	0.0
daub	2.2
daube	1.6
daubed	2.0
dauber	1.9
daubers	1.3
daubery	0.0
daubes	0.0
daubier	0.0
daubiest	0.0
daubing	1.6
daubries	0.0
daubry	0.0
daubs	1.6
dauby	0.0
daughter	5.1
daunder	0.0
daunders	0.0
daunt	2.0
daunted	2.4
daunter	0.0
daunters	0.0
daunting	3.4
daunts	1.1
dauphin	2.8
dauphine	2.3
dauphins	1.1
daut	1.4
dauted	0.0
dautie	0.0
dauties	0.0
dauting	0.0
dauts	0.0
daven	1.6
davened	0.0
davening	1.2
davens	0.0
davies	3.9
davit	1.9
davits	1.8
davy	3.2
daw	3.1
dawdle	2.0
dawdled	1.5
dawdler	0.0
dawdlers	0.0
dawdles	1.1
dawdling	2.0
dawed	0.0
dawen	0.0
dawing	0.0
dawk	1.3
dawks	0.0
dawn	4.3
dawned	3.0
dawning	2.8
dawnlike	0.0
dawns	2.6
daws	2.3
dawt	0.0
dawted	0.0
dawtie	0.0
dawties	0.0
dawting	0.0
dawts	0.0
day	6.0
daybed	1.8
daybeds	1.2
daybook	1.5
daybooks	0.0
daybreak	3.0
daydream	3.0
dayflies	0.0
dayfly	0.0
dayglow	1.2
dayglows	0.0
daylight	3.8
daylily	1.6
daylit	0.0
daylong	2.0
daymare	1.0
daymares	0.0
dayroom	1.4
dayrooms	0.0
days	5.6
dayside	1.4
daysides	0.0
daysman	0.0
daysmen	0.0
daystar	1.8
daystars	0.0
daytime	3.7
daytimes	1.3
daywork	0.0
dayworks	0.0
daze	2.9
dazed	3.1
dazedly	1.2
dazes	0.0
dazing	1.2
dazzle	3.0
dazzled	2.8
dazzler	2.0
dazzlers	1.3
dazzles	2.4
dazzling	3.4
deacon	3.4
deaconed	0.0
deaconry	0.0
deacons	2.8
dead	5.2
deadbeat	2.8
deadbolt	2.1
deaden	1.9
deadened	1.8
deadener	0.0
deadens	1.5
deader	2.0
deadest	1.5
deadeye	1.8
deadeyes	0.0
deadfall	1.7
deadhead	2.1
deadlier	2.4
deadlift	2.5
deadline	4.1
deadlock	3.0
deadly	4.2
deadness	1.6
deadpan	2.6
deadpans	1.2
deads	2.0
deadwood	2.7
deaerate	0.0
deaf	4.0
deafen	1.8
deafened	2.0
deafens	1.0
deafer	0.0
deafest	0.0
deafish	0.0
deafly	0.0
deafness	2.9
deair	0.0
deaired	0.0
deairing	0.0
deairs	0.0
deal	5.3
dealate	0.0
dealated	0.0
dealates	0.0
dealer	4.2
dealers	4.0
dealfish	0.0
dealing	4.6
dealings	3.5
deals	4.6
dealt	4.2
dean	4.4
deaned	0.0
deanery	2.2
deaning	0.0
deans	3.1
deanship	1.4
dear	4.8
dearer	2.4
dearest	3.4
dearie	2.4
dearies	1.3
dearly	3.5
dearness	1.6
dears	2.4
dearth	2.9
dearths	0.0
deary	2.1
deash	0.0
deashed	0.0
deashes	0.0
deashing	0.0
deasil	0.0
death	5.4
deathbed	3.0
deathcup	0.0
deathful	0.0
deathly	2.9
deaths	4.5
deathy	1.0
deave	0.0
deaved	0.0
deaves	0.0
deaving	0.0
deb	3.2
debacle	3.2
debacles	1.8
debar	2.0
debark	1.4
debarked	1.5
debarks	0.0
debarred	1.8
debars	0.0
debase	2.1
debased	2.4
debaser	1.3
debasers	0.0
debases	1.3
debasing	2.0
debate	4.6
debated	3.6
debater	2.4
debaters	2.3
debates	4.0
debating	3.7
debauch	1.7
debeak	0.0
debeaked	0.0
debeaks	0.0
debility	1.8
debit	3.6
debited	2.2
debiting	1.5
debits	2.4
debonair	2.3
debone	1.3
deboned	1.5
deboner	0.0
deboners	0.0
debones	0.0
deboning	1.3
debouch	0.0
debouche	0.0
debride	1.1
debrided	1.3
debrides	0.0
debrief	2.5
debriefs	1.4
debris	3.9
debruise	0.0
debs	2.8
debt	4.7
debtless	0.0
debtor	3.1
debtors	3.0
debts	4.0
debug	2.9
debugged	1.8
debugger	2.5
debugs	0.0
debunk	2.7
debunked	3.0
debunker	1.5
debunks	2.3
debut	4.5
debutant	2.6
debuted	3.5
debuting	3.0
debuts	3.4
debye	2.0
debyes	0.0
decadal	2.2
decade	4.5
decadent	3.0
decades	4.6
decaf	2.6
decafs	0.0
decagon	1.2
decagons	0.0
decagram	0.0
decal	3.0
decalog	0.0
decalogs	0.0
decals	2.9
decamp	2.2
decamped	2.1
decamps	1.6
decanal	1.1
decane	0.0
decanes	0.0
decant	2.2
decanted	2.0
decanter	2.5
decants	1.0
decapod	1.7
decapods	1.4
decare	0.0
decares	1.1
decay	3.8
decayed	2.8
decayer	0.0
decayers	0.0
decaying	3.1
decays	2.7
decease	2.1
deceased	4.0
deceases	1.2
decedent	2.3
deceit	3.2
deceits	1.9
deceive	3.4
deceived	3.4
deceiver	2.5
deceives	2.4
decemvir	0.0
decenary	0.0
decency	3.5
decennia	0.0
decent	4.4
decenter	0.0
decently	2.9
decentre	0.0
decern	0.0
decerned	0.0
decerns	0.0
deciare	0.0
deciares	0.0
decibel	2.5
decibels	2.6
decide	4.8
decided	5.1
decider	2.9
deciders	1.8
decides	4.2
deciding	4.1
decidua	1.7
deciduae	0.0
decidual	1.4
deciduas	0.0
decigram	0.0
decile	2.0
deciles	1.7
decimal	3.3
decimals	2.5
decimate	2.5
decipher	3.1
decision	5.1
decisive	3.8
deck	4.4
decked	3.1
deckel	0.0
deckels	0.0
decker	3.4
deckers	2.1
deckhand	2.0
decking	2.7
deckings	0.0
deckle	1.4
deckles	0.0
decks	3.6
declaim	1.6
declaims	1.3
declare	4.0
declared	4.5
declarer	2.1
declares	3.7
declass	0.0
declasse	1.0
declaw	1.4
declawed	1.6
declaws	0.0
decline	4.4
declined	4.2
decliner	0.0
declines	3.5
deco	3.4
decoct	0.0
decocted	0.0
decocts	0.0
decode	3.0
decoded	2.8
decoder	2.8
decoders	2.2
decodes	2.0
decoding	3.0
decolor	0.0
decolors	0.0
decolour	0.0
decor	3.6
decorate	3.4
decorous	2.0
decors	1.7
decorum	2.9
decorums	0.0
decos	1.1
decouple	2.1
decoy	3.0
decoyed	1.3
decoyer	0.0
decoyers	0.0
decoying	1.1
decoys	2.6
decrease	4.2
decree	3.8
decreed	3.1
decreer	0.0
decreers	0.0
decrees	3.1
decrepit	2.8
decretal	1.4
decrial	0.0
decrials	0.0
decried	2.6
decrier	0.0
decriers	0.0
decries	2.3
decrown	0.0
decrowns	0.0
decry	2.6
decrying	2.5
decrypt	2.7
decrypts	1.8
decuman	0.0
decuple	0.0
decupled	0.0
decuples	0.0
decuries	0.0
decurion	1.4
decurve	0.0
decurved	1.3
decurves	0.0
decury	0.0
dedal	0.0
dedans	1.3
dedicate	3.5
deduce	3.0
deduced	2.9
deduces	2.1
deducing	2.1
deduct	3.1
deducted	3.2
deducts	2.0
dee	3.8
deed	3.8
deeded	2.4
deedier	0.0
deediest	0.0
deeding	1.2
deedless	0.0
deeds	3.8
deedy	1.4
deejay	2.5
deejays	1.9
deem	3.3
deemed	4.2
deeming	2.6
deems	3.1
deemster	1.1
deep	5.0
deepen	3.2
deepened	3.1
deepener	0.0
deepens	2.8
deeper	4.3
deepest	3.8
deeply	4.4
deepness	1.9
deeps	2.1
deer	4.1
deerfly	0.0
deerlike	0.0
deers	2.2
deerskin	1.9
deerweed	0.0
deeryard	0.0
dees	2.5
deet	2.2
deets	2.4
deewan	1.1
deewans	0.0
deface	2.3
defaced	2.7
defacer	0.0
defacers	0.0
defaces	1.4
defacing	2.4
defame	2.5
defamed	2.4
defamer	1.1
defamers	0.0
defames	1.6
defaming	2.4
defang	1.4
defanged	1.5
defangs	0.0
defat	0.0
defats	0.0
defatted	1.4
default	4.3
defaults	3.2
defeat	4.5
defeated	4.2
defeater	1.6
defeats	3.7
defecate	2.4
defect	3.7
defected	3.0
defector	2.6
defects	3.8
defence	4.5
defences	3.4
defend	4.5
defended	4.0
defender	4.1
defends	3.5
defense	4.9
defensed	1.5
defenses	3.7
defer	3.2
deferent	1.6
deferral	2.6
deferred	3.5
deferrer	0.0
defers	2.2
defi	2.1
defiance	3.5
defiant	3.2
deficit	4.1
deficits	3.5
defied	3.1
defier	0.0
defiers	0.0
defies	3.0
defilade	1.3
defile	2.6
defiled	2.6
defiler	1.6
defilers	1.2
defiles	2.0
defiling	2.2
define	4.3
defined	4.6
definer	1.6
definers	1.2
defines	3.9
defining	4.0
definite	3.8
defis	0.0
deflate	2.6
deflated	2.9
deflater	0.0
deflates	2.0
deflator	1.7
deflea	0.0
defleaed	0.0
defleas	0.0
deflect	3.2
deflects	2.5
deflexed	0.0
deflower	1.5
defoam	0.0
defoamed	0.0
defoamer	0.0
defoams	0.0
defocus	1.7
defog	1.0
defogged	0.0
defogger	1.2
defogs	0.0
deforce	0.0
deforced	0.0
deforces	0.0
deforest	2.1
deform	2.5
deformed	3.2
deformer	0.0
deforms	2.0
defraud	2.9
defrauds	1.5
defray	2.4
defrayal	0.0
defrayed	1.4
defrayer	0.0
defrays	0.0
defrock	1.4
defrocks	0.0
defrost	2.5
defrosts	1.1
deft	2.9
defter	0.0
deftest	0.0
deftly	2.9
deftness	1.8
defunct	3.3
defund	2.5
defunded	2.0
defunds	0.0
defuse	2.9
defused	2.4
defuses	1.7
defusing	2.3
defuze	0.0
defuzed	0.0
defuzes	0.0
defuzing	0.0
defy	3.4
defying	3.2
degage	0.0
degame	0.0
degames	0.0
degami	0.0
degamis	0.0
degas	2.7
degases	0.0
degassed	1.2
degasser	0.0
degasses	0.0
degauss	0.0
degerm	0.0
degermed	0.0
degerms	0.0
deglaze	1.8
deglazed	0.0
deglazes	0.0
degrade	3.3
degraded	3.3
degrader	1.1
degrades	2.7
degrease	1.3
degree	4.9
degreed	1.7
degrees	4.5
degum	0.0
degummed	0.0
degums	0.0
degust	0.0
degusted	0.0
degusts	0.0
dehisce	1.1
dehisced	0.0
dehisces	0.0
dehorn	0.0
dehorned	1.0
dehorner	0.0
dehorns	0.0
dehort	0.0
dehorted	0.0
dehorts	0.0
deice	0.0
deiced	0.0
deicer	1.1
deicers	0.0
deices	0.0
deicidal	0.0
deicide	1.7
deicides	0.0
deicing	1.8
deictic	1.6
deific	1.0
deifical	0.0
deified	2.3
deifier	0.0
deifiers	0.0
deifies	1.1
deiform	0.0
deify	1.8
deifying	1.5
deign	2.3
deigned	2.1
deigning	1.3
deigns	1.8
deil	1.1
deils	0.0
deionize	0.0
deism	2.2
deisms	0.0
deist	2.1
deistic	1.6
deists	1.9
deities	3.2
deity	3.5
deixis	1.3
deixises	0.0
deject	1.1
dejecta	0.0
dejected	2.8
dejects	0.0
dejeuner	1.2
dekagram	0.0
dekare	0.0
dekares	0.0
deke	2.4
deked	1.0
dekes	1.1
deking	0.0
dekko	1.1
dekkos	0.0
del	4.3
delaine	1.8
delaines	0.0
delate	1.1
delated	0.0
delates	0.0
delating	0.0
delation	0.0
delator	0.0
delators	0.0
delay	4.4
delayed	4.2
delayer	1.1
delayers	0.0
delaying	3.4
delays	4.0
dele	2.5
delead	0.0
deleaded	0.0
deleads	0.0
deleave	0.0
deleaved	0.0
deleaves	0.0
deled	0.0
delegacy	1.1
delegate	3.7
deleing	0.0
deles	1.4
delete	4.2
deleted	4.2
deletes	3.0
deleting	3.5
deletion	3.2
delf	1.6
delfs	0.0
delft	2.7
delfts	0.0
deli	3.4
delicacy	3.2
delicate	4.0
delict	1.6
delicts	0.0
delight	4.0
delights	3.3
delime	0.0
delimed	0.0
delimes	0.0
deliming	0.0
delimit	2.0
delimits	1.6
deliria	0.0
delirium	3.0
delis	2.1
delist	1.9
delisted	2.6
delists	0.0
deliver	4.5
delivers	3.9
delivery	4.6
dell	3.7
dellies	0.0
dells	2.4
delly	2.1
delouse	1.1
deloused	1.4
delouser	0.0
delouses	0.0
delphic	2.1
dels	1.8
delta	4.1
deltaic	1.8
deltas	2.5
deltic	1.3
deltoid	2.1
deltoids	1.7
delude	2.5
deluded	3.1
deluder	0.0
deluders	0.0
deludes	1.5
deluding	2.4
deluge	3.0
deluged	2.2
deluges	1.5
deluging	1.1
delusion	3.4
delusive	1.4
delusory	0.0
deluster	0.0
deluxe	3.7
delve	3.1
delved	2.6
delver	1.5
delvers	1.2
delves	2.7
delving	2.8
demagog	0.0
demagogs	0.0
demagogy	1.5
demand	4.8
demanded	4.1
demander	1.1
demands	4.4
demarche	1.4
demark	1.5
demarked	0.0
demarks	0.0
demast	0.0
demasted	0.0
demasts	0.0
deme	1.8
demean	2.6
demeaned	2.2
demeanor	3.2
demeans	2.1
dement	2.0
demented	3.0
dementia	3.8
dements	0.0
demerara	2.3
demerge	0.0
demerged	1.6
demerger	1.7
demerges	0.0
demerit	2.3
demerits	2.3
demersal	1.9
demes	1.3
demesne	2.3
demesnes	1.3
demeton	0.0
demetons	0.0
demies	0.0
demigod	2.4
demigods	2.3
demijohn	1.2
demilune	0.0
demirep	0.0
demireps	0.0
demise	3.7
demised	1.5
demises	1.4
demising	0.0
demit	1.1
demits	0.0
demitted	0.0
demiurge	2.1
demivolt	0.0
demo	4.1
demob	1.5
demobbed	1.7
demobs	0.0
democrat	4.2
demode	0.0
demoded	0.0
demolish	3.2
demon	4.1
demoness	1.7
demoniac	1.6
demonian	0.0
demonic	3.3
demonise	2.1
demonism	0.0
demonist	0.0
demonize	2.6
demons	4.0
demos	3.4
demoses	0.0
demote	2.3
demoted	3.0
demotes	1.6
demotic	2.0
demotics	0.0
demoting	2.0
demotion	2.7
demotist	0.0
demount	0.0
demounts	0.0
dempster	2.6
demur	1.8
demure	2.6
demurely	1.8
demurer	0.0
demurest	0.0
demurral	0.0
demurred	2.3
demurrer	1.6
demurs	1.7
demy	1.9
den	4.0
denarii	2.0
denarius	2.0
denary	0.0
denature	1.8
denazify	0.0
dendrite	2.0
dendroid	1.1
dendron	1.4
dendrons	0.0
dene	2.5
denes	1.6
dengue	2.9
dengues	0.0
deniable	1.9
deniably	0.0
denial	4.0
denials	2.9
denied	4.4
denier	2.8
deniers	2.8
denies	3.7
denim	3.5
denims	1.9
denizen	2.1
denizens	2.7
denned	0.0
denning	2.7
denote	3.3
denoted	3.2
denotes	3.4
denoting	2.9
denotive	0.0
denounce	3.2
dens	2.9
dense	4.0
densely	3.4
denser	3.0
densest	2.4
densify	1.2
density	4.3
dent	3.7
dental	4.1
dentalia	0.0
dentally	1.3
dentals	1.6
dentate	2.3
dentated	0.0
dented	2.8
denticle	1.3
dentil	1.2
dentiled	0.0
dentils	1.1
dentin	2.2
dentinal	1.2
dentine	1.9
dentines	0.0
denting	2.0
dentins	0.0
dentist	3.9
dentists	3.3
dentoid	0.0
dents	2.8
dentural	0.0
denture	2.5
dentures	2.8
denudate	0.0
denude	1.4
denuded	2.2
denuder	0.0
denuders	0.0
denudes	0.0
denuding	1.4
deny	4.3
denying	4.0
deodand	0.0
deodands	0.0
deodar	1.6
deodara	0.0
deodaras	0.0
deodars	0.0
deontic	1.4
deorbit	1.6
deorbits	0.0
deoxy	2.0
depaint	0.0
depaints	0.0
depart	3.7
departed	3.8
departee	0.0
departs	3.2
depend	4.2
depended	3.4
depends	4.5
deperm	0.0
depermed	0.0
deperms	0.0
depict	3.4
depicted	3.8
depicter	0.0
depictor	0.0
depicts	3.5
depilate	0.0
deplane	1.6
deplaned	1.4
deplanes	0.0
deplete	2.6
depleted	3.5
depletes	2.2
deplore	2.4
deplored	2.5
deplorer	0.0
deplores	2.2
deploy	3.7
deployed	4.0
deploys	2.8
deplume	0.0
deplumed	0.0
deplumes	0.0
depolish	0.0
depone	0.0
deponed	0.0
deponent	1.7
depones	0.0
deponing	0.0
deport	3.2
deported	3.6
deportee	1.7
deports	1.8
deposal	0.0
deposals	0.0
depose	2.7
deposed	3.3
deposer	0.0
deposers	0.0
deposes	1.5
deposing	2.2
deposit	4.2
deposits	4.0
depot	4.0
depots	3.0
deprave	1.4
depraved	3.0
depraver	0.0
depraves	0.0
depress	2.9
deprival	0.0
deprive	3.2
deprived	3.7
depriver	0.0
deprives	2.5
depside	0.0
depsides	0.0
depth	4.5
depths	3.8
depurate	0.0
depute	2.2
deputed	2.0
deputes	1.1
deputies	3.7
deputing	0.0
deputize	1.6
deputy	4.5
deraign	0.0
deraigns	0.0
derail	3.1
derailed	3.1
derails	2.3
derange	1.5
deranged	3.2
deranges	0.0
derat	0.0
derate	1.2
derated	1.2
derates	0.0
derating	1.6
derats	0.0
deratted	0.0
deray	1.7
derays	0.0
derbies	2.5
derby	4.1
dere	2.5
derelict	3.1
deride	2.4
derided	2.8
derider	0.0
deriders	0.0
derides	1.9
deriding	2.1
deringer	1.5
derision	2.8
derisive	2.4
derisory	1.8
derivate	1.5
derive	3.5
derived	4.3
deriver	0.0
derivers	0.0
derives	3.4
deriving	3.0
derm	2.2
derma	2.1
dermal	2.8
dermas	0.0
dermic	0.0
dermis	2.4
dermises	0.0
dermoid	1.4
dermoids	0.0
derms	0.0
dernier	2.0
derogate	1.6
derrick	3.5
derricks	2.0
derriere	2.2
derries	0.0
derris	1.6
derrises	0.0
derry	3.2
dervish	2.4
desalt	0.0
desalted	1.1
desalter	0.0
desalts	0.0
desand	0.0
desanded	0.0
desands	0.0
descant	1.8
descants	1.0
descend	3.5
descends	3.2
descent	3.9
descents	2.4
describe	4.6
descried	1.2
descrier	0.0
descries	0.0
descry	1.3
deselect	2.1
desert	4.4
deserted	3.6
deserter	2.7
desertic	0.0
deserts	3.3
deserve	4.6
deserved	4.1
deserver	0.0
deserves	4.3
desex	0.0
desexed	1.4
desexes	0.0
desexing	1.1
design	5.2
designed	5.0
designee	2.3
designer	4.4
designs	4.4
desilver	0.0
desinent	0.0
desire	4.6
desired	4.2
desirer	0.0
desirers	0.0
desires	4.0
desiring	2.9
desirous	2.5
desist	3.0
desisted	1.5
desists	1.3
desk	4.4
deskman	0.0
deskmen	0.0
desks	3.4
desktop	3.9
desktops	2.8
desman	1.0
desmans	0.0
desmid	0.0
desmids	0.0
desmoid	0.0
desmoids	0.0
desolate	3.2
desorb	1.2
desorbed	1.5
desorbs	0.0
desoxy	0.0
despair	3.8
despairs	2.0
despatch	2.7
despise	3.5
despised	3.2
despiser	0.0
despises	2.8
despite	5.0
despited	0.0
despites	0.0
despoil	1.6
despoils	0.0
despond	1.5
desponds	0.0
despot	2.7
despotic	2.6
despots	2.4
dessert	3.8
desserts	3.3
destain	0.0
destains	0.0
destine	1.7
destined	3.8
destines	1.1
destiny	4.2
destrier	1.1
destroy	4.5
destroys	3.7
destruct	2.9
desugar	0.0
desugars	0.0
desulfur	0.0
detach	3.0
detached	3.8
detacher	0.0
detaches	2.1
detail	4.6
detailed	4.5
detailer	1.9
details	4.9
detain	3.2
detained	3.8
detainee	2.9
detainer	1.9
detains	2.2
detassel	0.0
detect	4.0
detected	4.1
detecter	0.0
detector	3.7
detects	3.1
detent	2.1
detente	2.2
detentes	0.0
detents	1.4
deter	3.5
deterge	0.0
deterged	0.0
deterger	0.0
deterges	0.0
deterred	2.9
deterrer	0.0
deters	2.4
detest	2.9
detested	2.6
detester	0.0
detests	2.2
dethrone	2.4
detick	0.0
deticked	0.0
deticker	0.0
deticks	0.0
detinue	1.1
detinues	0.0
detonate	3.0
detour	3.2
detoured	2.0
detours	2.6
detox	3.3
detoxed	1.4
detoxes	1.5
detoxify	2.1
detoxing	2.2
detract	3.0
detracts	2.5
detrain	1.1
detrains	0.0
detrital	1.9
detritus	2.7
detrude	0.0
detruded	0.0
detrudes	0.0
deuce	2.9
deuced	1.5
deucedly	1.1
deuces	2.4
deucing	0.0
deuteric	0.0
deuteron	1.6
deutzia	1.1
deutzias	0.0
dev	3.8
deva	2.7
devalue	2.6
devalued	2.8
devalues	2.2
devas	2.2
devein	0.0
deveined	1.3
deveins	0.0
devel	2.6
develed	0.0
develing	0.0
develop	4.8
develope	2.2
develops	3.9
devels	0.0
deverbal	1.1
devest	0.0
devested	0.0
devests	0.0
deviance	2.5
deviancy	1.9
deviant	3.0
deviants	2.4
deviate	3.1
deviated	2.8
deviates	2.6
deviator	0.0
device	4.7
devices	4.6
devil	4.3
deviled	2.4
deviling	0.0
devilish	2.8
devilkin	0.0
devilled	1.5
devilry	1.7
devils	3.8
deviltry	1.2
devious	3.0
devisal	0.0
devisals	0.0
devise	3.2
devised	3.6
devisee	0.0
devisees	0.0
deviser	1.2
devisers	0.0
devises	2.4
devising	2.9
devisor	0.0
devisors	0.0
devoice	0.0
devoiced	0.0
devoices	0.0
devoid	3.4
devoir	1.8
devoirs	1.0
devolve	2.8
devolved	3.1
devolves	2.4
devon	3.8
devons	1.6
devote	3.5
devoted	4.2
devotee	2.9
devotees	3.2
devotes	2.8
devoting	3.0
devotion	3.7
devour	3.2
devoured	3.0
devourer	2.0
devours	2.5
devout	3.3
devouter	0.0
devoutly	2.3
devs	2.9
dew	3.5
dewan	2.5
dewans	0.0
dewar	2.7
dewars	1.5
dewater	1.3
dewaters	0.0
dewax	0.0
dewaxed	0.0
dewaxes	0.0
dewaxing	1.1
dewberry	1.9
dewclaw	0.0
dewclaws	1.1
dewdrop	1.8
dewdrops	1.7
dewed	0.0
dewfall	0.0
dewfalls	0.0
dewier	0.0
dewiest	0.0
dewily	0.0
dewiness	0.0
dewing	1.7
dewlap	1.6
dewlaps	0.0
dewless	0.0
dewool	0.0
dewooled	0.0
dewools	0.0
deworm	1.1
dewormed	1.1
dewormer	1.1
deworms	0.0
dews	2.0
dewy	2.6
dex	3.3
dexes	0.0
dexie	0.0
dexies	0.0
dexter	3.6
dextral	1.7
dextran	2.0
dextrans	0.0
dextrin	1.4
dextrine	0.0
dextrins	0.0
dextro	1.6
dextrose	2.3
dextrous	1.8
dexy	1.1
dey	3.1
deys	1.1
dezinc	0.0
dezinced	0.0
dezincs	0.0
dhak	1.5
dhaks	0.0
dhal	1.8
dhals	0.0
dharma	3.3
dharmas	1.8
dharmic	1.8
dharna	1.6
dharnas	0.0
dhobi	1.7
dhobis	0.0
dhole	1.6
dholes	1.1
dhoolies	0.0
dhooly	0.0
dhoora	0.0
dhooras	0.0
dhooti	0.0
dhootie	0.0
dhooties	0.0
dhootis	0.0
dhoti	2.0
dhotis	1.3
dhourra	0.0
dhourras	0.0
dhow	2.1
dhows	1.7
dhurna	0.0
dhurnas	0.0
dhurrie	0.0
dhurries	0.0
dhuti	0.0
dhutis	0.0
diabase	1.7
diabases	0.0
diabasic	0.0
diabetes	4.2
diabetic	3.5
diablery	0.0
diabolic	2.2
diabolo	1.8
diabolos	1.5
diacetyl	2.0
diacid	0.0
diacidic	0.0
diacids	0.0
diaconal	1.4
diadem	2.4
diademed	0.0
diadems	1.5
diagnose	3.4
diagonal	3.4
diagram	3.9
diagrams	3.4
diagraph	0.0
dial	3.9
dialect	3.5
dialects	3.3
dialed	3.0
dialer	2.1
dialers	1.4
dialing	3.1
dialings	0.0
dialist	0.0
dialists	0.0
diallage	0.0
dialled	2.4
diallel	0.0
dialler	1.1
diallers	0.0
dialling	2.5
diallist	0.0
dialog	3.5
dialoged	0.0
dialoger	0.0
dialogic	2.0
dialogs	2.1
dialogue	4.3
dials	3.0
dialyse	0.0
dialysed	0.0
dialyser	0.0
dialyses	0.0
dialysis	3.3
dialytic	0.0
dialyze	0.0
dialyzed	1.6
dialyzer	1.1
dialyzes	0.0
diamante	2.4
diameter	4.1
diamide	0.0
diamides	0.0
diamin	0.0
diamine	2.1
diamines	1.3
diamins	0.0
diamond	4.4
diamonds	4.0
dianthus	1.8
diapason	1.8
diapause	1.9
diaper	3.5
diapered	1.7
diapers	3.4
diaphone	0.0
diaphony	0.0
diapir	1.0
diapiric	0.0
diapirs	1.2
diapsid	0.0
diarchic	0.0
diarchy	1.0
diaries	3.6
diarist	2.2
diarists	1.6
diarrhea	3.5
diary	4.1
diaspora	3.5
diaspore	1.1
diastase	1.0
diastem	0.0
diastema	1.5
diastems	0.0
diaster	1.1
diasters	0.0
diastole	1.7
diastral	0.0
diatom	2.1
diatomic	2.0
diatoms	2.4
diatonic	2.2
diatribe	2.6
diatron	0.0
diatrons	0.0
diazepam	2.6
diazin	0.0
diazine	0.0
diazines	0.0
diazinon	1.4
diazins	0.0
diazo	1.7
diazole	0.0
diazoles	0.0
dib	2.4
dibasic	1.3
dibbed	0.0
dibber	1.3
dibbers	0.0
dibbing	0.0
dibble	2.3
dibbled	0.0
dibbler	0.0
dibblers	0.0
dibbles	1.3
dibbling	0.0
dibbuk	0.0
dibbukim	0.0
dibbuks	0.0
dibs	2.8
dicast	0.0
dicastic	0.0
dicasts	0.0
dice	3.8
diced	3.0
dicentra	1.2
dicer	1.8
dicers	0.0
dices	2.0
dicey	2.7
dichasia	0.0
dichotic	1.2
dichroic	2.1
dicier	1.1
diciest	0.0
dicing	2.2
dick	4.7
dicked	2.5
dickens	3.5
dicker	2.1
dickered	0.0
dickers	1.1
dickey	2.9
dickeys	1.1
dickie	2.9
dickier	0.0
dickies	2.0
dickiest	0.0
dicking	2.4
dicks	3.6
dicky	2.7
dicliny	0.0
dicot	1.4
dicots	1.3
dicotyl	0.0
dicotyls	0.0
dicrotal	0.0
dicrotic	0.0
dicta	2.1
dictate	3.6
dictated	3.4
dictates	3.3
dictator	3.7
dictier	0.0
dictiest	0.0
diction	2.7
dictions	0.0
dictum	2.5
dictums	1.2
dicty	0.0
dicyclic	0.0
dicycly	0.0
did	6.0
didact	1.2
didactic	2.7
didacts	0.0
didactyl	0.0
didapper	0.0
diddle	2.4
diddled	1.6
diddler	1.4
diddlers	0.0
diddles	1.3
diddley	2.1
diddleys	0.0
diddlies	0.0
diddling	1.9
diddly	2.3
didie	0.0
didies	0.0
dido	2.6
didoes	0.0
didos	0.0
didst	2.4
didy	0.0
didymium	0.0
didymous	0.0
didynamy	0.0
die	5.1
dieback	2.1
diebacks	0.0
diecious	0.0
died	5.2
diehard	2.8
diehards	2.2
dieing	2.3
diel	1.7
dieldrin	1.3
diemaker	0.0
diene	2.1
dienes	1.8
diereses	0.0
dieresis	0.0
dieretic	0.0
dies	4.4
diesel	4.0
dieseled	0.0
diesels	2.6
dieses	1.7
diesis	0.0
diester	1.3
diesters	1.0
diestock	0.0
diestrum	0.0
diestrus	0.0
diet	4.6
dietary	3.7
dieted	1.8
dieter	3.0
dieters	2.3
dietetic	2.3
diether	1.1
diethers	0.0
dieting	3.1
diets	3.7
differ	4.0
differed	3.3
differs	3.7
diffract	1.4
diffuse	3.3
diffused	2.7
diffuser	2.8
diffuses	2.2
diffusor	1.1
dig	4.2
digamies	0.0
digamist	0.0
digamma	1.2
digammas	0.0
digamous	0.0
digamy	0.0
digest	3.7
digested	3.0
digester	2.0
digestor	0.0
digests	2.4
digged	1.9
digger	3.2
diggers	2.9
digging	4.0
diggings	2.1
dight	1.5
dighted	0.0
dighting	0.0
dights	0.0
digit	3.8
digital	4.8
digitals	1.8
digitate	1.1
digitize	2.3
digits	3.7
diglot	0.0
diglots	0.0
dignify	2.3
dignity	4.0
digoxin	2.3
digoxins	0.0
digraph	1.9
digraphs	1.8
digress	2.8
digs	3.4
dihedral	2.1
dihedron	0.0
dihybrid	0.0
dihydric	0.0
dikdik	0.0
dikdiks	0.0
dike	2.9
diked	1.1
diker	1.1
dikers	0.0
dikes	2.5
dikey	0.0
diking	0.0
diktat	1.9
diktats	1.4
dilatant	0.0
dilatate	0.0
dilate	2.4
dilated	3.0
dilater	0.0
dilaters	0.0
dilates	1.9
dilating	2.1
dilation	2.9
dilative	0.0
dilator	2.0
dilators	1.7
dilatory	1.8
dildo	3.4
dildoe	0.0
dildoes	1.3
dildos	2.8
dilemma	3.7
dilemmas	3.0
dilemmic	0.0
diligent	3.2
dill	3.1
dilled	0.0
dillies	0.0
dills	1.6
dilly	2.6
diluent	2.1
diluents	1.4
dilute	3.2
diluted	3.5
diluter	0.0
diluters	0.0
dilutes	2.2
diluting	2.7
dilution	3.1
dilutive	1.7
dilutor	0.0
dilutors	0.0
diluvia	0.0
diluvial	1.1
diluvian	0.0
diluvion	0.0
diluvium	0.0
dim	3.6
dime	3.7
dimer	2.5
dimeric	1.8
dimerism	0.0
dimerize	1.2
dimerous	0.0
dimers	2.2
dimes	2.9
dimeter	0.0
dimeters	0.0
dimethyl	2.5
dimetric	0.0
diminish	3.5
dimities	0.0
dimity	1.7
dimly	2.8
dimmable	2.0
dimmed	2.8
dimmer	2.7
dimmers	1.9
dimmest	1.8
dimming	2.6
dimness	1.6
dimorph	0.0
dimorphs	0.0
dimout	0.0
dimouts	0.0
dimple	2.7
dimpled	2.2
dimples	2.8
dimplier	0.0
dimpling	1.6
dimply	1.1
dims	2.3
dimwit	2.3
dimwits	1.9
din	3.6
dinar	2.6
dinars	2.5
dindle	0.0
dindled	0.0
dindles	0.0
dindling	0.0
dine	3.5
dined	3.0
diner	3.5
dineric	0.0
dinero	2.4
dineros	0.0
diners	3.1
dines	2.4
dinette	1.8
dinettes	1.1
ding	3.6
dingbat	2.0
dingbats	1.8
dingdong	1.9
dinge	1.6
dinged	2.3
dinger	2.3
dingers	2.0
dinges	1.6
dingey	0.0
dingeys	0.0
dinghies	2.2
dinghy	2.8
dingier	0.0
dingies	0.0
dingiest	0.0
dingily	0.0
dinging	1.9
dingle	2.6
dingles	1.5
dingo	2.8
dingoes	2.2
dings	2.6
dingus	2.3
dinguses	0.0
dingy	2.8
dining	4.1
dinitro	0.0
dink	2.7
dinked	1.4
dinkey	1.0
dinkeys	0.0
dinkier	0.0
dinkies	0.0
dinkiest	0.0
dinking	1.4
dinkly	0.0
dinks	2.1
dinkum	1.9
dinkums	0.0
dinky	2.6
dinned	0.0
dinner	4.8
dinners	3.5
dinning	2.2
dinosaur	3.8
dins	1.7
dint	2.7
dinted	0.0
dinting	0.0
dints	0.0
diobol	0.0
diobolon	0.0
diobols	0.0
diocesan	2.9
diocese	3.5
dioceses	2.7
diode	3.1
diodes	2.9
dioecies	0.0
dioecism	0.0
dioecy	0.0
dioicous	0.0
diol	2.0
diolefin	0.0
diols	1.6
diopside	1.5
dioptase	0.0
diopter	1.8
diopters	1.6
dioptral	0.0
dioptre	0.0
dioptres	0.0
dioptric	1.3
diorama	2.5
dioramas	2.2
dioramic	0.0
diorite	1.9
diorites	0.0
dioritic	0.0
dioxan	0.0
dioxane	1.7
dioxanes	0.0
dioxans	0.0
dioxid	0.0
dioxide	3.8
dioxides	1.0
dioxids	0.0
dioxin	2.3
dioxins	2.1
dip	4.0
diphase	0.0
diphasic	0.0
diphenyl	1.9
diplegia	1.4
diplex	0.0
diplexer	1.0
diploe	0.0
diploes	0.0
diploic	0.0
diploid	2.5
diploids	1.2
diploidy	0.0
diploma	3.8
diplomas	3.0
diplomat	3.7
diplont	0.0
diplonts	0.0
diplopia	1.7
diplopic	0.0
diplopod	0.0
diploses	0.0
diplosis	0.0
dipnet	0.0
dipnets	0.0
dipnoan	0.0
dipnoans	0.0
dipodic	0.0
dipodies	0.0
dipody	0.0
dipolar	1.9
dipole	2.8
dipoles	2.0
dippable	0.0
dipped	3.5
dipper	2.8
dippers	2.2
dippier	0.0
dippiest	0.0
dipping	3.5
dippy	2.2
dips	3.3
dipsades	0.0
dipsas	0.0
dipso	0.0
dipsos	0.0
dipstick	2.3
dipt	1.3
diptera	2.5
dipteral	0.0
dipteran	1.4
dipteron	0.0
diptyca	0.0
diptycas	0.0
diptych	1.9
diptychs	1.5
diquat	0.0
diquats	0.0
dirdum	0.0
dirdums	0.0
dire	3.7
direct	4.9
directed	4.6
directer	1.2
directly	4.9
director	5.2
directs	3.6
direful	1.1
direly	1.5
direness	0.0
direr	1.1
direst	1.8
dirge	2.4
dirgeful	0.0
dirges	1.6
dirham	2.0
dirhams	2.1
diriment	0.0
dirk	3.4
dirked	0.0
dirking	0.0
dirks	2.2
dirl	0.0
dirled	0.0
dirling	0.0
dirls	0.0
dirndl	1.7
dirndls	1.1
dirt	4.2
dirtbag	2.6
dirtbags	2.1
dirtied	1.9
dirtier	2.6
dirties	1.6
dirtiest	2.8
dirtily	0.0
dirts	1.3
dirty	4.5
dirtying	1.7
dis	3.7
disable	3.5
disabled	4.3
disables	2.5
disabuse	2.0
disagree	4.1
disallow	2.6
disannul	0.0
disarm	3.2
disarmed	3.0
disarmer	0.0
disarms	2.1
disarray	3.0
disaster	4.4
disavow	2.6
disavows	1.9
disband	2.9
disbands	1.8
disbar	1.7
disbars	0.0
disbosom	0.0
disbound	0.0
disbowel	0.0
disbud	0.0
disbuds	0.0
disburse	2.2
disc	4.1
discant	1.0
discants	0.0
discard	3.4
discards	2.6
discase	0.0
discased	0.0
discases	0.0
disced	0.0
discept	0.0
discepts	0.0
discern	3.2
discerns	1.9
disci	1.1
discing	0.0
disciple	3.4
disclaim	2.4
disclike	0.0
disclose	3.8
disco	3.8
discoed	0.0
discoid	1.7
discoids	0.0
discoing	0.0
discolor	2.2
discord	3.5
discords	2.1
discos	2.4
discount	4.3
discover	4.4
discreet	3.4
discrete	3.6
discrown	0.0
discs	3.6
discus	2.8
discuses	1.3
discuss	4.7
disdain	3.3
disdains	1.9
disease	4.9
diseased	3.1
diseases	4.4
disendow	0.0
diseuse	0.0
diseuses	0.0
disfavor	2.1
disfrock	0.0
disgorge	1.8
disgrace	3.7
disguise	3.7
disgust	3.6
disgusts	2.7
dish	4.2
dished	2.6
dishelm	0.0
dishelms	0.0
disherit	0.0
dishes	4.1
dishevel	0.0
dishful	0.0
dishfuls	0.0
dishier	0.0
dishiest	0.0
dishing	2.7
dishlike	0.0
dishonor	2.9
dishpan	1.5
dishpans	0.0
dishrag	1.3
dishrags	0.0
dishware	1.6
dishy	1.8
disinter	1.3
disject	0.0
disjects	0.0
disjoin	0.0
disjoins	0.0
disjoint	2.5
disjunct	1.9
disk	4.0
disked	0.0
diskette	2.0
disking	0.0
disklike	0.0
disks	3.4
dislike	3.9
disliked	3.4
disliker	0.0
dislikes	3.2
dislimn	0.0
dislimns	0.0
dislodge	2.8
disloyal	2.8
dismal	3.3
dismaler	0.0
dismally	2.1
dismals	0.0
dismast	0.0
dismasts	0.0
dismay	3.3
dismayed	3.0
dismays	1.2
disme	0.0
dismes	0.0
dismiss	3.9
dismount	2.6
disobey	2.8
disobeys	2.2
disomic	0.0
disorder	4.3
disown	2.7
disowned	2.8
disowns	1.9
dispart	0.0
disparts	0.0
dispatch	3.8
dispel	3.1
dispels	2.3
dispend	0.0
dispends	0.0
dispense	3.1
disperse	3.3
dispirit	1.1
displace	3.0
displant	0.0
display	4.6
displays	4.1
displode	0.0
displume	0.0
disport	1.3
disports	0.0
disposal	4.0
dispose	3.5
disposed	3.5
disposer	1.8
disposes	2.3
dispread	0.0
disprize	0.0
disproof	1.6
disprove	2.9
dispute	4.3
disputed	3.8
disputer	0.0
disputes	4.0
disquiet	2.5
disrate	0.0
disrated	0.0
disrates	0.0
disrobe	2.0
disrobed	1.8
disrober	0.0
disrobes	1.1
disroot	0.0
disroots	0.0
disrupt	3.6
disrupts	2.9
diss	3.1
dissave	0.0
dissaved	0.0
dissaves	0.0
disseat	0.0
disseats	0.0
dissect	2.9
dissects	2.2
dissed	2.4
disseise	0.0
disseize	0.0
dissent	3.6
dissents	2.1
dissert	0.0
disserts	0.0
disserve	0.0
disses	2.0
dissever	0.0
dissing	2.6
dissolve	3.5
dissuade	3.0
distaff	2.2
distaffs	0.0
distain	1.6
distains	0.0
distal	3.3
distally	2.2
distance	4.8
distant	4.2
distaste	2.9
distaves	0.0
distend	1.4
distends	0.0
distent	0.0
distich	1.1
distichs	0.0
distil	2.0
distill	2.5
distills	1.9
distils	1.5
distinct	4.3
distome	0.0
distomes	0.0
distort	3.1
distorts	2.7
distract	3.7
distrain	0.0
distrait	1.1
distress	4.0
district	5.0
distrust	3.4
disturb	3.6
disturbs	2.8
disulfid	0.0
disunion	1.9
disunite	1.1
disunity	2.5
disuse	2.6
disused	2.9
disuses	0.0
disusing	0.0
disvalue	0.0
disyoke	0.0
disyoked	0.0
disyokes	0.0
dit	2.9
dita	2.4
ditas	0.0
ditch	3.9
ditched	3.3
ditcher	1.1
ditchers	0.0
ditches	3.1
ditching	3.1
dite	1.7
dites	1.6
ditheism	0.0
ditheist	0.0
dither	2.1
dithered	1.8
ditherer	0.0
dithers	1.5
dithery	0.0
dithiol	0.0
dits	1.6
ditsier	0.0
ditsiest	0.0
ditsy	1.8
dittany	1.2
ditties	2.0
ditto	3.4
dittoed	0.0
dittoing	0.0
dittos	1.4
ditty	2.6
ditz	1.8
ditzes	0.0
ditzier	0.0
ditziest	0.0
ditzy	2.2
diureses	0.0
diuresis	1.6
diuretic	2.6
diurnal	2.7
diurnals	0.0
diuron	0.0
diurons	0.0
diva	3.4
divagate	0.0
divalent	2.3
divan	2.5
divans	1.3
divas	3.0
dive	4.1
divebomb	0.0
dived	3.0
diver	3.4
diverge	2.8
diverged	2.8
diverges	2.4
divers	3.6
diverse	4.2
divert	3.4
diverted	3.5
diverter	1.8
diverts	2.5
dives	3.3
divest	2.9
divested	2.6
divests	1.7
divide	4.1
divided	4.5
dividend	3.8
divider	2.8
dividers	2.5
divides	3.5
dividing	3.6
dividual	0.0
divine	4.2
divined	1.8
divinely	2.7
diviner	2.3
diviners	1.9
divines	2.3
divinest	0.0
diving	4.0
divining	2.2
divinise	0.0
divinity	3.5
divinize	0.0
division	4.9
divisive	3.3
divisor	2.4
divisors	2.1
divorce	4.4
divorced	4.0
divorcee	2.5
divorcer	0.0
divorces	3.0
divot	2.1
divots	1.9
divulge	2.9
divulged	2.5
divulger	0.0
divulges	1.9
divvied	1.7
divvies	0.0
divvy	2.2
divvying	1.6
diwan	2.3
diwans	0.0
dixit	2.5
dixits	0.0
dizen	0.0
dizened	0.0
dizening	0.0
dizens	0.0
dizygous	0.0
dizzied	1.1
dizzier	0.0
dizzies	0.0
dizziest	0.0
dizzily	1.3
dizzy	3.4
dizzying	2.7
djebel	1.6
djebels	0.0
djellaba	1.1
djin	1.3
djinn	2.5
djinni	1.5
djinns	1.6
djinny	0.0
djins	0.0
doable	3.0
doat	1.1
doated	0.0
doating	0.0
doats	1.2
dobber	1.3
dobbers	0.0
dobbies	1.4
dobbin	2.3
dobbins	2.4
dobby	2.6
dobie	2.3
dobies	1.1
dobla	0.0
doblas	0.0
doblon	0.0
doblones	0.0
doblons	0.0
dobra	1.4
dobras	0.0
dobson	3.1
dobsons	0.0
doby	1.9
doc	4.4
docent	2.3
docents	1.8
docetic	1.1
docile	2.9
docilely	1.2
docility	1.8
dock	4.0
dockage	1.5
dockages	0.0
docked	3.2
docker	3.0
dockers	2.6
docket	3.0
docketed	1.3
dockets	2.2
dockhand	0.0
docking	3.3
dockland	1.4
docks	3.6
dockside	2.3
dockyard	2.7
docs	3.5
doctor	4.9
doctoral	3.5
doctored	2.7
doctors	4.5
doctrine	4.0
document	4.5
dodder	1.7
doddered	0.0
dodderer	0.0
dodders	0.0
doddery	1.2
dodge	3.9
dodged	3.1
dodgem	1.4
dodgems	1.5
dodger	3.3
dodgers	3.9
dodgery	0.0
dodges	2.7
dodgier	1.1
dodgiest	1.2
dodging	3.3
dodgy	3.3
dodo	2.9
dodoes	0.0
dodoism	0.0
dodoisms	0.0
dodos	1.8
doe	3.8
doer	2.6
doers	2.6
does	5.7
doeskin	1.1
doeskins	0.0
doest	2.1
doeth	2.0
doff	2.1
doffed	1.4
doffer	0.0
doffers	0.0
doffing	1.8
doffs	1.3
dog	5.1
dogbane	1.1
dogbanes	0.0
dogberry	1.4
dogcart	0.0
dogcarts	0.0
dogdom	0.0
dogdoms	0.0
doge	3.0
dogear	0.0
dogeared	1.2
dogears	0.0
dogedom	0.0
dogedoms	0.0
doges	1.9
dogeship	0.0
dogey	0.0
dogeys	0.0
dogface	1.4
dogfaces	0.0
dogfight	2.6
dogfish	2.3
dogged	3.0
doggedly	2.4
dogger	1.9
doggerel	1.8
doggers	1.5
doggery	0.0
doggie	3.0
doggier	0.0
doggies	2.5
doggiest	0.0
dogging	2.7
doggish	1.0
doggo	2.9
doggone	2.1
doggoned	0.0
doggoner	0.0
doggones	0.0
doggrel	0.0
doggrels	0.0
doggy	3.3
doghouse	2.6
dogie	1.1
dogies	0.0
dogleg	1.8
doglegs	1.0
doglike	1.4
dogma	3.3
dogmas	2.5
dogmata	0.0
dogmatic	2.9
dognap	0.0
dognaped	0.0
dognaper	0.0
dognaps	0.0
dogs	4.8
dogsbody	1.4
dogsled	1.7
dogsleds	0.0
dogteeth	0.0
dogtooth	1.6
dogtrot	0.0
dogtrots	0.0
dogvane	0.0
dogvanes	0.0
dogwatch	0.0
dogwood	2.6
dogwoods	1.7
dogy	0.0
doiled	0.0
doilies	2.0
doily	2.1
doing	5.6
doings	2.8
doit	2.2
doited	0.0
doits	0.0
dojo	3.0
dojos	1.8
dol	2.9
dolce	3.1
dolci	1.6
doldrums	2.4
dole	3.3
doled	2.3
doleful	1.9
dolerite	1.8
doles	2.1
dolesome	0.0
doling	2.4
doll	4.1
dollar	4.6
dollars	4.8
dolled	2.4
dollied	0.0
dollies	2.2
dolling	1.7
dollish	0.0
dollop	2.6
dolloped	0.0
dollops	1.8
dolls	3.8
dolly	3.5
dollying	0.0
dolma	1.6
dolmades	0.0
dolman	2.0
dolmans	1.2
dolmas	0.0
dolmen	1.9
dolmens	1.7
dolomite	2.6
dolor	2.2
doloroso	0.0
dolorous	1.7
dolors	1.4
dolour	1.2
dolours	1.2
dolphin	3.7
dolphins	3.9
dols	1.7
dolt	2.4
doltish	1.3
dolts	1.9
dom	3.8
domain	4.3
domains	3.7
domal	0.0
dome	3.9
domed	2.9
domelike	0.0
domes	3.0
domesday	2.5
domestic	4.7
domic	0.0
domical	1.0
domicil	0.0
domicile	2.8
domicils	0.0
dominant	4.2
dominate	3.9
domine	2.3
domineer	1.1
domines	0.0
doming	1.7
dominick	2.7
dominie	1.4
dominies	0.0
dominion	3.7
dominium	1.5
domino	3.2
dominoes	2.8
dominos	2.7
doms	2.4
don	4.6
dona	2.9
donas	1.4
donate	4.0
donated	4.1
donates	2.9
donating	3.6
donation	4.0
donative	1.3
donator	1.6
donators	1.7
done	5.6
donee	1.9
donees	1.0
doneness	1.8
dong	3.8
donga	1.8
dongas	0.0
dongola	1.6
dongolas	0.0
dongs	2.3
donjon	1.8
donjons	0.0
donkey	3.6
donkeys	3.1
donna	3.8
donnas	2.0
donne	2.8
donned	2.8
donnee	0.0
donnees	0.0
donnerd	0.0
donnered	0.0
donnert	0.0
donniker	0.0
donning	2.7
donnish	1.1
donor	3.9
donors	3.8
dons	3.1
donsie	0.0
donsy	0.0
donut	3.3
donuts	3.5
donzel	0.0
donzels	0.0
doodad	1.4
doodads	1.8
doodle	3.3
doodled	2.0
doodler	1.4
doodlers	1.2
doodles	2.8
doodling	2.5
doofus	2.5
doofuses	1.3
doolee	0.0
doolees	0.0
doolie	0.0
doolies	0.0
dooly	1.6
doom	3.8
doomed	3.8
doomful	0.0
doomily	0.0
dooming	2.0
dooms	2.2
doomsday	3.2
doomster	0.0
doomy	1.7
door	5.1
doorbell	3.0
doorjamb	1.7
doorknob	2.6
doorless	1.4
doorman	2.8
doormat	2.6
doormats	1.9
doormen	2.0
doornail	1.5
doorpost	1.4
doors	4.5
doorsill	1.2
doorstep	3.5
doorstop	2.2
doorway	3.5
doorways	2.9
dooryard	1.3
doozer	1.2
doozers	1.0
doozie	1.5
doozies	1.5
doozy	2.5
dopa	2.2
dopamine	3.4
dopant	2.2
dopants	1.9
dopas	0.0
dope	3.9
doped	2.9
dopehead	0.0
doper	1.9
dopers	1.7
dopes	2.1
dopester	0.0
dopey	2.7
dopier	0.0
dopiest	0.0
dopiness	0.0
doping	3.5
dopy	0.0
dor	2.8
dorado	3.0
dorados	1.3
dorbug	0.0
dorbugs	0.0
dore	2.6
dorhawk	0.0
dorhawks	0.0
dories	1.4
dork	3.1
dorkier	0.0
dorkiest	1.2
dorks	2.6
dorky	2.7
dorm	3.6
dormancy	2.5
dormant	3.4
dormer	2.7
dormers	1.9
dormice	1.8
dormie	0.0
dormient	0.0
dormin	0.0
dormins	0.0
dormouse	2.0
dorms	3.0
dormy	1.2
dorneck	0.0
dornecks	0.0
dornick	0.0
dornicks	0.0
dornock	0.0
dornocks	0.0
dorp	1.8
dorper	0.0
dorpers	0.0
dorps	0.0
dorr	2.3
dorrs	0.0
dors	2.0
dorsa	1.6
dorsad	0.0
dorsal	3.5
dorsally	2.3
dorsals	1.3
dorsel	0.0
dorsels	0.0
dorser	0.0
dorsers	0.0
dorsum	2.5
dorty	0.0
dory	3.1
dos	3.7
dosage	3.5
dosages	2.8
dose	4.2
dosed	2.6
doser	1.2
dosers	0.0
doses	3.8
dosing	3.0
doss	2.5
dossal	0.0
dossals	0.0
dossed	0.0
dossel	0.0
dossels	0.0
dosser	1.2
dosseret	0.0
dossers	0.0
dosses	0.0
dossier	3.3
dossiers	2.4
dossil	0.0
dossils	0.0
dossing	1.2
dost	2.9
dot	4.0
dotage	1.9
dotages	0.0
dotal	0.0
dotard	1.9
dotardly	0.0
dotards	0.0
dotation	0.0
dote	2.2
doted	2.2
doter	0.0
doters	0.0
dotes	2.0
doth	3.1
dotier	0.0
dotiest	0.0
doting	2.5
dotingly	0.0
dots	3.8
dotted	3.4
dottel	0.0
dottels	0.0
dotter	1.3
dotterel	1.4
dotters	0.0
dottier	0.0
dottiest	0.0
dottily	0.0
dotting	2.4
dottle	0.0
dottles	0.0
dottrel	0.0
dottrels	0.0
dotty	2.5
doty	2.4
double	5.0
doubled	3.9
doubler	2.0
doublers	1.5
doubles	3.9
doublet	2.3
doublets	1.8
doubling	3.6
doubloon	1.7
doublure	0.0
doubly	3.2
doubt	4.9
doubted	3.4
doubter	2.1
doubters	2.7
doubtful	3.5
doubting	3.3
doubts	4.0
douce	2.2
doucely	0.0
douceur	1.3
douceurs	0.0
douche	3.4
douched	1.2
douches	2.3
douching	1.8
dough	3.9
doughboy	2.2
doughier	0.0
doughnut	3.2
doughs	1.9
dought	1.3
doughty	2.8
doughy	2.2
doum	1.1
douma	2.2
doumas	0.0
doums	0.0
doupioni	0.0
dour	2.5
doura	1.2
dourah	0.0
dourahs	0.0
douras	0.0
dourer	0.0
dourest	0.0
dourine	0.0
dourines	0.0
dourly	1.1
dourness	0.0
douse	2.6
doused	2.6
douser	0.0
dousers	0.0
douses	1.7
dousing	2.2
doux	1.9
douzeper	0.0
dove	3.7
dovecot	1.6
dovecote	1.8
dovecots	0.0
dovekey	0.0
dovekeys	0.0
dovekie	0.0
dovekies	0.0
dovelike	0.0
doven	0.0
dovened	0.0
dovening	0.0
dovens	0.0
doves	3.1
dovetail	2.4
dovish	1.9
dow	3.6
dowable	0.0
dowager	2.9
dowagers	1.3
dowdier	0.0
dowdies	0.0
dowdiest	0.0
dowdily	0.0
dowdy	2.4
dowdyish	0.0
dowed	0.0
dowel	2.4
doweled	0.0
doweling	0.0
dowelled	0.0
dowels	2.2
dower	2.4
dowered	0.0
doweries	0.0
dowering	0.0
dowers	1.1
dowery	0.0
dowie	2.1
dowing	0.0
down	5.9
downbeat	2.5
downcast	2.4
downcome	0.0
downed	3.3
downer	3.1
downers	2.6
downfall	3.5
downhaul	1.0
downhill	3.7
downier	0.0
downiest	0.0
downing	3.4
downland	1.7
downlink	2.3
download	4.7
downpipe	1.6
downplay	2.9
downpour	2.8
downs	3.9
downside	3.5
downsize	2.6
downtick	1.1
downtime	3.2
downtown	4.4
downtrod	0.0
downturn	3.2
downward	3.7
downwash	1.3
downwind	2.7
downy	2.6
dowries	2.0
dowry	3.1
dows	1.8
dowsabel	0.0
dowse	1.9
dowsed	1.1
dowser	1.5
dowsers	1.3
dowses	0.0
dowsing	2.1
doxie	1.7
doxies	1.2
doxology	1.8
doxy	1.9
doyen	2.2
doyenne	1.7
doyennes	0.0
doyens	1.2
doyley	1.2
doyleys	0.0
doylies	0.0
doyly	0.0
doze	2.6
dozed	2.5
dozen	4.3
dozened	0.0
dozening	0.0
dozens	4.1
dozenth	0.0
dozenths	0.0
dozer	2.4
dozers	1.9
dozes	1.7
dozier	2.5
doziest	0.0
dozily	0.0
doziness	0.0
dozing	2.6
dozy	2.0
drab	3.0
drabbed	0.0
drabber	0.0
drabbest	0.0
drabbet	0.0
drabbets	0.0
drabbing	0.0
drabble	2.1
drabbled	0.0
drabbles	1.2
drably	1.1
drabness	1.4
drabs	1.8
dracaena	1.6
drachm	1.2
drachma	2.0
drachmae	1.5
drachmai	0.0
drachmas	2.0
drachms	1.1
draconic	1.7
draff	0.0
draffier	0.0
draffish	0.0
draffs	0.0
draffy	0.0
draft	4.6
drafted	3.9
draftee	2.0
draftees	2.3
drafter	2.1
drafters	2.3
draftier	0.0
draftily	0.0
drafting	3.7
drafts	3.6
drafty	2.1
drag	4.3
dragee	0.0
dragees	0.0
dragged	4.0
dragger	1.7
draggers	1.7
draggier	0.0
dragging	3.8
draggle	0.0
draggled	0.0
draggles	0.0
draggy	1.5
dragline	1.7
dragnet	2.5
dragnets	0.0
dragoman	1.7
dragomen	0.0
dragon	4.4
dragonet	1.2
dragons	4.1
dragoon	2.6
dragoons	2.7
dragrope	0.0
drags	3.2
dragster	2.0
drail	0.0
drails	0.0
drain	4.1
drainage	3.8
drained	3.7
drainer	1.9
drainers	1.4
draining	3.5
drains	3.5
drake	4.0
drakes	2.6
dram	2.9
drama	4.7
dramas	3.5
dramatic	4.4
dramedy	2.2
drammed	0.0
dramming	0.0
drammock	0.0
drams	2.1
dramshop	0.0
drank	4.0
drapable	0.0
drape	2.7
draped	3.2
draper	3.3
drapers	2.1
drapery	2.6
drapes	2.9
drapey	1.6
draping	2.4
drastic	3.6
drat	2.0
drats	1.3
dratted	1.2
dratting	0.0
draught	3.1
draughts	2.5
draughty	1.9
drave	1.1
draw	4.8
drawable	1.2
drawback	3.2
drawbar	1.8
drawbars	1.2
drawbore	0.0
drawdown	2.6
drawee	1.1
drawees	0.0
drawer	3.8
drawers	3.4
drawing	4.6
drawings	4.0
drawl	2.5
drawled	1.7
drawler	0.0
drawlers	0.0
drawlier	0.0
drawling	1.8
drawls	1.6
drawly	0.0
drawn	4.5
draws	4.1
drawtube	0.0
dray	2.4
drayage	1.3
drayages	0.0
drayed	0.0
draying	0.0
drayman	1.3
draymen	0.0
drays	1.5
dread	3.6
dreaded	3.4
dreadful	3.7
dreading	3.0
dreads	2.8
dream	4.9
dreamed	3.8
dreamer	3.3
dreamers	3.1
dreamful	0.0
dreamier	1.2
dreamily	2.0
dreaming	3.9
dreams	4.6
dreamt	3.3
dreamy	3.2
drear	1.5
drearier	0.0
drearies	0.0
drearily	1.5
drears	0.0
dreary	3.1
dreck	1.9
drecks	0.0
drecky	0.0
dredge	3.0
dredged	2.7
dredger	2.0
dredgers	1.8
dredges	2.1
dredging	3.1
dree	1.8
dreed	0.0
dreeing	0.0
drees	1.7
dreg	1.4
dreggier	0.0
dreggish	0.0
dreggy	0.0
dregs	2.6
dreich	1.3
dreidel	1.9
dreidels	1.2
dreidl	0.0
dreidls	0.0
dreigh	0.0
drek	1.5
dreks	0.0
drench	2.4
drenched	3.2
drencher	0.0
drenches	1.6
dress	4.8
dressage	2.8
dressed	4.4
dresser	3.4
dressers	2.5
dresses	4.0
dressier	1.8
dressily	0.0
dressing	4.2
dressy	2.4
drest	1.3
drew	4.5
drib	0.0
dribbed	0.0
dribbing	0.0
dribble	3.1
dribbled	2.4
dribbler	1.9
dribbles	2.5
dribblet	0.0
dribbly	0.0
driblet	0.0
driblets	0.0
dribs	1.5
dried	4.0
driegh	0.0
drier	3.2
driers	1.7
dries	3.2
driest	2.8
drift	3.8
driftage	0.0
drifted	3.4
drifter	2.8
drifters	2.5
driftier	0.0
drifting	3.5
driftpin	0.0
drifts	3.0
drifty	1.3
drill	4.1
drilled	3.5
driller	2.4
drillers	2.5
drilling	3.9
drills	3.6
drily	2.0
drink	4.9
drinker	3.2
drinkers	3.1
drinking	4.7
drinks	4.4
drip	3.6
dripless	0.0
dripped	2.6
dripper	1.6
drippers	1.4
drippier	0.0
dripping	3.5
drippy	2.1
drips	2.9
dript	0.0
drivable	2.0
drive	5.1
drivel	2.7
driveled	0.0
driveler	0.0
drivels	0.0
driven	4.5
driver	4.8
drivers	4.6
drives	4.3
driveway	3.6
driving	4.9
drivings	0.0
drizzle	3.1
drizzled	2.3
drizzles	1.6
drizzly	2.2
drogue	2.0
drogues	1.2
droit	2.5
droits	2.0
droll	2.6
drolled	0.0
droller	0.0
drollery	1.4
drollest	0.0
drolling	0.0
drolls	0.0
drolly	1.5
dromon	0.0
dromond	0.0
dromonds	0.0
dromons	0.0
drone	4.0
droned	1.9
droner	0.0
droners	0.0
drones	3.8
drongo	1.8
drongos	1.2
droning	2.5
dronish	0.0
drool	3.0
drooled	2.1
drooling	3.0
drools	2.2
droop	2.5
drooped	1.9
droopier	0.0
droopily	0.0
drooping	2.6
droops	1.7
droopy	2.5
drop	5.0
drophead	1.4
dropkick	2.4
droplet	2.7
droplets	3.1
dropout	3.1
dropouts	2.7
dropped	4.7
dropper	2.6
droppers	2.0
dropping	4.3
drops	4.3
dropshot	1.3
dropsied	0.0
dropsies	1.2
dropsy	2.0
dropt	1.3
dropwort	0.0
drosera	1.7
droseras	0.0
droshky	0.0
droskies	0.0
drosky	0.0
dross	2.4
drosses	0.0
drossier	0.0
drossy	0.0
drought	3.9
droughts	3.0
droughty	0.0
drouk	0.0
drouked	0.0
drouking	0.0
drouks	0.0
drouth	0.0
drouths	0.0
drouthy	0.0
drove	4.4
droved	0.0
drover	2.2
drovers	2.1
droves	2.9
droving	1.6
drown	3.7
drownd	0.0
drownded	1.1
drownds	0.0
drowned	3.7
drowner	0.0
drowners	1.2
drowning	3.8
drowns	2.8
drowse	1.3
drowsed	0.0
drowses	0.0
drowsier	0.0
drowsily	1.4
drowsing	1.1
drowsy	2.8
drub	1.3
drubbed	1.3
drubber	0.0
drubbers	0.0
drubbing	2.2
drubs	0.0
drudge	2.6
drudged	0.0
drudger	0.0
drudgers	0.0
drudgery	2.6
drudges	1.3
drudging	1.4
drug	4.9
drugged	3.2
drugget	0.0
druggets	0.0
druggie	2.3
druggier	0.0
druggies	2.0
drugging	2.6
druggist	2.1
druggy	2.0
drugs	4.8
druid	3.0
druidess	0.0
druidic	1.9
druidism	1.6
druids	2.8
drum	4.1
drumbeat	2.4
drumble	0.0
drumbled	0.0
drumbles	0.0
drumfire	0.0
drumfish	0.0
drumhead	1.9
drumlier	0.0
drumlike	0.0
drumlin	1.8
drumlins	1.6
drumly	0.0
drummed	2.5
drummer	3.7
drummers	2.9
drumming	3.2
drumroll	2.2
drums	3.9
drunk	4.6
drunkard	2.7
drunken	3.7
drunker	2.1
drunkest	1.8
drunks	2.9
drupe	1.7
drupelet	0.0
drupes	1.4
druse	1.8
druses	0.0
druthers	1.7
dry	4.7
dryable	0.0
dryad	2.1
dryades	0.0
dryadic	0.0
dryads	1.8
dryer	3.5
dryers	2.8
dryest	1.1
drying	3.7
dryish	1.2
dryland	2.2
drylot	0.0
drylots	0.0
dryly	2.3
dryness	2.9
drypoint	1.6
drys	1.9
drystone	1.5
drywall	2.9
drywalls	0.0
duad	0.0
duads	0.0
dual	4.3
dualism	2.6
dualisms	1.1
dualist	1.9
dualists	1.2
duality	3.1
dualize	0.0
dualized	0.0
dualizes	0.0
dually	2.2
duals	2.2
dub	3.6
dubbed	3.8
dubber	1.3
dubbers	1.1
dubbin	1.2
dubbing	2.8
dubbings	0.0
dubbins	0.0
dubiety	0.0
dubious	3.5
dubonnet	1.6
dubs	3.0
ducal	2.4
ducally	0.0
ducat	2.0
ducats	2.6
duce	2.5
duces	1.8
duchess	3.8
duchies	2.2
duchy	3.0
duci	0.0
duck	4.2
duckbill	1.7
ducked	3.0
ducker	1.9
duckers	1.1
duckie	2.1
duckier	0.0
duckies	1.8
duckiest	0.0
ducking	3.0
duckling	2.7
duckpin	1.1
duckpins	0.0
ducks	3.9
ducktail	1.1
duckwalk	0.0
duckweed	1.8
ducky	2.7
duct	3.6
ductal	2.1
ducted	2.3
ductile	2.4
ducting	2.2
ductings	0.0
ductless	1.7
ducts	3.1
ductule	0.0
ductules	0.0
ductwork	2.1
dud	3.0
duddie	0.0
duddy	2.2
dude	4.8
duded	0.0
dudeen	0.0
dudeens	0.0
dudes	4.0
dudgeon	2.2
dudgeons	0.0
duding	0.0
dudish	0.0
dudishly	0.0
duds	2.7
due	5.3
duecento	0.0
duel	3.6
dueled	1.9
dueler	1.1
duelers	0.0
dueling	2.8
duelist	2.1
duelists	1.8
duelled	1.4
dueller	0.0
duellers	0.0
duelli	0.0
duelling	2.4
duellist	1.4
duello	1.2
duellos	0.0
duels	2.9
duende	1.8
duendes	0.0
dueness	0.0
duenna	1.4
duennas	0.0
dues	3.4
duet	3.4
duets	2.8
duetted	1.2
duetting	1.5
duettist	0.0
duff	3.4
duffel	2.7
duffels	1.3
duffer	2.1
duffers	1.7
duffle	2.5
duffles	0.0
duffs	1.6
dug	3.9
dugong	2.0
dugongs	1.7
dugout	3.0
dugouts	2.2
dugs	1.7
dui	3.4
duiker	1.6
duikers	0.0
duit	1.4
duits	0.0
duke	4.5
duked	1.4
dukedom	2.1
dukedoms	1.4
dukes	3.2
duking	1.9
dulcet	2.1
dulcetly	0.0
dulcets	0.0
dulciana	0.0
dulcify	0.0
dulcimer	2.1
dulcinea	2.0
dulia	1.0
dulias	0.0
dull	3.9
dullard	1.9
dullards	1.7
dulled	2.5
duller	2.5
dullest	2.2
dulling	2.1
dullish	0.0
dullness	2.4
dulls	2.1
dully	1.9
dulness	1.3
dulse	1.4
dulses	0.0
duly	3.4
duma	3.0
dumas	2.9
dumb	4.5
dumbbell	2.6
dumbcane	0.0
dumbed	2.4
dumber	3.1
dumbest	3.4
dumbhead	0.0
dumbing	2.4
dumbly	1.8
dumbness	1.9
dumbs	1.8
dumdum	1.9
dumdums	1.1
dumfound	0.0
dumka	1.6
dumky	0.0
dummied	1.4
dummies	3.2
dummkopf	0.0
dummy	3.6
dummying	1.1
dump	4.1
dumpcart	0.0
dumped	3.9
dumper	2.2
dumpers	1.8
dumpier	0.0
dumpiest	0.0
dumpily	0.0
dumping	3.7
dumpings	0.0
dumpish	0.0
dumpling	2.7
dumps	3.4
dumpy	2.3
dun	3.3
dunam	1.1
dunams	1.4
dunce	2.5
dunces	2.0
dunch	1.0
dunches	0.0
duncical	0.0
duncish	0.0
dune	3.3
duneland	0.0
dunelike	0.0
dunes	3.4
dung	3.2
dungaree	1.6
dunged	0.0
dungeon	3.6
dungeons	3.3
dunghill	1.7
dungier	0.0
dungiest	0.0
dunging	0.0
dungs	1.1
dungy	2.1
dunite	1.1
dunites	0.0
dunitic	0.0
dunk	3.5
dunked	2.7
dunker	2.1
dunkers	1.7
dunking	2.7
dunks	2.8
dunlin	1.8
dunlins	0.0
dunnage	1.6
dunnages	0.0
dunned	0.0
dunner	1.5
dunness	0.0
dunnest	0.0
dunning	2.9
dunnite	0.0
dunnites	0.0
duns	2.3
dunt	1.6
dunted	0.0
dunting	0.0
dunts	0.0
duo	4.1
duodena	0.0
duodenal	2.1
duodenum	2.3
duolog	0.0
duologs	0.0
duologue	1.2
duomi	0.0
duomo	2.4
duomos	0.0
duopoly	2.4
duopsony	0.0
duos	2.8
duotone	1.3
duotones	0.0
dup	3.0
dupable	0.0
dupe	2.8
duped	3.1
duper	2.9
duperies	0.0
dupers	0.0
dupery	0.0
dupes	2.5
duping	2.1
duple	1.7
duplex	3.1
duplexed	0.0
duplexer	1.2
duplexes	2.2
dupped	0.0
dupping	0.0
dups	1.4
dura	2.7
durable	3.7
durables	1.8
durably	1.6
dural	2.1
duramen	0.0
duramens	0.0
durance	1.9
durances	0.0
duras	2.2
duration	4.1
durative	1.2
durbar	2.2
durbars	0.0
dure	1.8
dured	0.0
dures	1.0
duress	3.0
duresses	0.0
durian	2.6
durians	1.7
during	5.7
durion	0.0
durions	0.0
durmast	0.0
durmasts	0.0
durn	1.7
durndest	0.0
durned	1.1
durneder	0.0
durning	2.0
durns	0.0
duro	2.3
duroc	1.8
durocs	0.0
duros	1.4
durr	2.2
durra	1.2
durras	0.0
durrie	1.0
durries	0.0
durrs	0.0
durst	2.7
durum	2.1
durums	0.0
dusk	3.4
dusked	0.0
duskier	0.0
duskiest	0.0
duskily	0.0
dusking	0.0
duskish	0.0
dusks	1.1
dusky	2.8
dust	4.4
dustbin	2.6
dustbins	1.9
dusted	3.1
duster	2.8
dusters	2.3
dustheap	0.0
dustier	1.3
dustiest	1.1
dustily	0.0
dusting	3.1
dustless	1.4
dustlike	0.0
dustman	1.7
dustmen	1.3
dustoff	1.2
dustoffs	0.0
dustpan	1.9
dustpans	0.0
dustrag	0.0
dustrags	0.0
dusts	2.3
dustup	1.6
dustups	0.0
dusty	3.7
dutch	4.4
dutchman	3.1
dutchmen	2.2
duteous	0.0
dutiable	1.3
duties	4.3
dutiful	2.6
duty	4.7
duumvir	0.0
duumviri	0.0
duumvirs	0.0
duvet	3.0
duvetine	0.0
duvets	2.1
duvetyn	0.0
duvetyne	0.0
duvetyns	0.0
duxelles	1.0
dwarf	3.8
dwarfed	2.7
dwarfer	0.0
dwarfest	0.0
dwarfing	2.1
dwarfish	1.6
dwarfism	2.4
dwarfs	3.2
dwarves	3.1
dweeb	2.4
dweebs	2.0
dwell	3.6
dwelled	2.3
dweller	2.8
dwellers	3.3
dwelling	3.7
dwells	2.9
dwelt	2.6
dwindle	2.6
dwindled	2.9
dwindles	2.1
dwine	0.0
dwined	0.0
dwines	0.0
dwining	0.0
dyable	0.0
dyad	2.3
dyadic	2.2
dyadics	0.0
dyads	1.8
dyarchic	0.0
dyarchy	1.1
dybbuk	1.7
dybbukim	0.0
dybbuks	0.0
dye	3.8
dyeable	1.1
dyed	3.4
dyeing	2.9
dyeings	0.0
dyer	3.4
dyers	2.0
dyes	3.3
dyestuff	1.3
dyeweed	0.0
dyeweeds	0.0
dyewood	0.0
dyewoods	0.0
dying	4.6
dyings	0.0
dyke	3.4
dyked	0.0
dykes	2.9
dykey	0.0
dyking	0.0
dynamic	4.3
dynamics	4.1
dynamism	2.8
dynamist	0.0
dynamite	3.6
dynamo	3.2
dynamos	2.4
dynast	1.4
dynastic	2.8
dynasts	1.6
dynasty	3.9
dynatron	1.1
dyne	2.1
dynein	1.7
dynel	0.0
dynels	0.0
dynes	1.7
dynode	0.0
dynodes	0.0
dysgenic	1.2
dyslexia	3.0
dyslexic	2.7
dyspepsy	0.0
dyspnea	2.2
dyspneal	0.0
dyspneas	0.0
dyspneic	0.0
dyspnoea	1.6
dyspnoic	0.0
dystaxia	0.0
dystocia	1.6
dystonia	2.3
dystonic	1.5
dystopia	2.7
dysuria	1.4
dysurias	0.0
dysuric	0.0
dyvour	0.0
dyvours	0.0
each	5.7
eager	4.0
eagerer	0.0
eagerest	0.0
eagerly	3.5
eagers	0.0
eagle	4.1
eagles	4.2
eaglet	1.7
eaglets	1.7
eagre	0.0
eagres	0.0
eanling	0.0
eanlings	0.0
ear	4.4
earache	2.1
earaches	1.2
eardrop	0.0
eardrops	1.0
eardrum	2.4
eardrums	2.4
eared	2.8
earflap	0.0
earflaps	1.3
earful	2.3
earfuls	0.0
earing	1.9
earings	1.6
earl	4.2
earlap	0.0
earlaps	0.0
earldom	2.3
earldoms	1.2
earless	1.5
earlier	5.0
earliest	4.1
earlobe	2.3
earlobes	2.2
earlock	0.0
earlocks	0.0
earls	2.9
earlship	0.0
early	5.4
earmark	2.2
earmarks	2.4
earmuff	1.3
earmuffs	2.2
earn	4.5
earned	4.5
earner	2.9
earners	3.2
earnest	3.7
earnests	0.0
earning	4.2
earnings	4.3
earns	3.6
earphone	2.5
earpiece	2.7
earplug	1.6
earplugs	2.6
earring	3.1
earrings	3.6
ears	4.4
earshot	2.6
earshots	0.0
earstone	0.0
earth	5.1
earthed	1.9
earthen	2.8
earthier	1.4
earthily	0.0
earthing	2.0
earthly	3.3
earthman	1.6
earthmen	1.3
earthnut	0.0
earthpea	0.0
earths	3.0
earthset	0.0
earthy	3.0
earwax	2.2
earwaxes	0.0
earwig	2.1
earwigs	2.0
earworm	2.2
earworms	1.5
ease	4.3
eased	3.2
easeful	1.4
easel	2.7
easels	1.9
easement	2.8
eases	2.9
easier	4.8
easies	1.0
easiest	3.9
easily	4.9
easiness	2.0
easing	3.2
east	5.2
easter	4.1
easterly	3.0
eastern	4.8
easters	1.6
easting	1.5
eastings	0.0
easts	2.1
eastward	3.2
easy	5.3
eat	5.1
eatable	1.8
eatables	1.5
eaten	4.1
eater	3.4
eateries	2.7
eaters	3.3
eatery	2.8
eath	1.6
eating	4.8
eatings	0.0
eats	4.0
eau	3.1
eaux	2.0
eave	2.1
eaved	0.0
eaves	2.9
ebb	3.0
ebbed	2.2
ebbet	0.0
ebbets	1.9
ebbing	2.4
ebbs	2.4
ebon	2.2
ebonies	0.0
ebonise	0.0
ebonised	1.1
ebonises	0.0
ebonite	1.7
ebonites	0.0
ebonize	0.0
ebonized	1.1
ebonizes	0.0
ebons	0.0
ebony	3.3
ecarte	0.0
ecartes	0.0
ecaudate	0.0
ecbolic	0.0
ecbolics	0.0
ecclesia	2.3
eccrine	1.6
ecdyses	0.0
ecdysial	0.0
ecdysis	1.3
ecdyson	0.0
ecdysone	1.3
ecdysons	0.0
ecesis	0.0
ecesises	0.0
echard	1.1
echards	0.0
eche	1.4
eched	0.0
echelle	1.5
echelles	0.0
echelon	2.9
echelons	2.7
eches	0.0
echidna	2.3
echidnae	0.0
echidnas	1.7
echinate	0.0
eching	0.0
echini	0.0
echinoid	1.1
echinus	1.4
echo	4.0
echoed	3.4
echoer	0.0
echoers	0.0
echoes	3.6
echoey	1.6
echogram	0.0
echoic	1.2
echoing	3.4
echoism	0.0
echoisms	0.0
echoless	0.0
echos	2.4
eclair	2.2
eclairs	1.9
eclat	1.7
eclats	0.0
eclectic	3.4
eclipse	3.8
eclipsed	3.0
eclipses	2.9
eclipsis	0.0
ecliptic	2.5
eclogite	1.4
eclogue	1.6
eclogues	1.7
eclosion	1.4
ecocidal	0.0
ecocide	1.6
ecocides	0.0
ecofreak	0.0
ecologic	1.8
ecology	3.7
econobox	0.0
economic	5.1
economy	4.9
ecotonal	0.0
ecotone	1.8
ecotones	1.1
ecotype	1.5
ecotypes	1.5
ecotypic	0.0
ecraseur	0.0
ecru	1.8
ecrus	0.0
ecstasy	3.5
ecstatic	3.4
ectases	0.0
ectasis	0.0
ectatic	0.0
ecthyma	0.0
ectoderm	2.0
ectomere	0.0
ectopia	1.2
ectopias	0.0
ectopic	2.7
ectosarc	0.0
ectozoa	0.0
ectozoan	0.0
ectozoon	0.0
ectypal	0.0
ectype	0.0
ectypes	0.0
ecu	3.0
ecumenic	0.0
ecus	1.8
eczema	3.1
eczemas	0.0
edacious	0.0
edacity	0.0
edaphic	1.3
eddied	0.0
eddies	2.4
eddo	1.2
eddoes	0.0
eddy	3.5
eddying	1.0
edema	3.0
edemas	0.0
edemata	0.0
edenic	1.5
edentate	0.0
edge	4.7
edged	3.5
edgeless	1.4
edger	1.9
edgers	1.5
edges	4.1
edgeways	1.6
edgewise	2.1
edgier	2.4
edgiest	1.5
edgily	0.0
edginess	2.1
edging	3.1
edgings	1.4
edgy	3.4
edh	1.9
edhs	0.0
edible	3.6
edibles	2.9
edict	3.1
edictal	0.0
edicts	2.7
edifice	2.9
edifices	2.3
edified	1.6
edifier	0.0
edifiers	0.0
edifies	1.0
edify	2.0
edifying	2.4
edile	0.0
ediles	0.0
edit	4.3
editable	2.3
edited	4.3
editing	4.3
edition	4.8
editions	3.9
editor	4.6
editors	4.0
editress	0.0
edits	3.4
educable	1.2
educate	3.9
educated	4.3
educates	2.7
educator	3.5
educe	1.0
educed	0.0
educes	0.0
educible	0.0
educing	0.0
educt	0.0
eduction	1.8
eductive	0.0
eductor	0.0
eductors	0.0
educts	0.0
eel	3.2
eelgrass	1.8
eelier	0.0
eeliest	0.0
eellike	0.0
eelpout	1.1
eelpouts	0.0
eels	3.2
eelworm	0.0
eelworms	0.0
eely	0.0
eerie	3.3
eerier	0.0
eeriest	1.1
eerily	2.9
eeriness	1.6
eery	1.8
eff	3.4
effable	0.0
efface	1.6
effaced	1.9
effacer	0.0
effacers	0.0
effaces	1.1
effacing	2.3
effect	5.0
effected	3.3
effecter	0.0
effector	2.6
effects	4.9
effendi	2.2
effendis	0.0
efferent	2.2
effete	2.1
effetely	0.0
efficacy	3.7
effigial	0.0
effigies	2.5
effigy	2.8
effluent	2.7
effluvia	1.5
efflux	2.3
effluxes	0.0
effort	4.9
efforts	4.8
effs	1.2
effulge	0.0
effulged	0.0
effulges	0.0
effuse	1.4
effused	1.4
effuses	0.0
effusing	0.0
effusion	2.4
effusive	2.5
efs	2.1
eft	2.5
efts	1.5
eftsoon	0.0
eftsoons	0.0
egad	1.7
egads	1.6
egal	1.7
egalite	1.2
egalites	0.0
eger	2.0
egers	0.0
egest	0.0
egesta	0.0
egested	0.0
egesting	0.0
egestion	0.0
egestive	0.0
egests	0.0
egg	4.5
eggar	1.6
eggars	0.0
eggcup	0.0
eggcups	0.0
egged	2.5
egger	2.0
eggers	2.4
egghead	2.2
eggheads	1.9
egging	2.5
eggless	1.5
eggnog	2.4
eggnogs	0.0
eggplant	3.0
eggs	4.5
eggshell	2.5
eggy	2.1
egis	1.3
egises	0.0
eglatere	0.0
eglomise	0.0
ego	4.0
egoism	2.4
egoisms	0.0
egoist	2.2
egoistic	2.2
egoists	1.6
egoless	1.3
egomania	1.6
egos	3.1
egotism	2.3
egotisms	0.0
egotist	1.9
egotists	1.4
egress	2.7
egressed	0.0
egresses	0.0
egret	2.3
egrets	2.2
egyptian	4.2
eide	1.9
eider	2.1
eiders	1.5
eidetic	2.0
eidola	0.0
eidolic	0.0
eidolon	2.2
eidolons	1.2
eidos	1.9
eight	5.0
eighteen	3.8
eighth	4.2
eighthly	0.0
eighths	2.5
eighties	3.2
eights	2.7
eightvo	0.0
eightvos	0.0
eighty	3.8
eikon	1.8
eikones	0.0
eikons	0.0
einkorn	1.4
einkorns	0.0
einstein	3.7
eirenic	0.0
eiswein	0.0
eisweins	0.0
either	5.3
eject	3.0
ejecta	2.1
ejected	3.4
ejecting	2.5
ejection	3.1
ejective	1.0
ejector	2.5
ejectors	1.5
ejects	2.1
eke	2.6
eked	2.0
ekes	1.5
eking	1.9
ekistic	0.0
ekistics	0.0
ekpwele	0.0
ekpweles	0.0
ektexine	0.0
ekuele	0.0
elain	1.3
elains	0.0
elan	2.8
eland	2.1
elands	1.4
elans	0.0
elaphine	0.0
elapid	0.0
elapids	0.0
elapine	0.0
elapse	2.0
elapsed	3.0
elapses	1.8
elapsing	1.4
elastase	1.8
elastic	3.6
elastics	1.9
elastin	2.1
elastins	0.0
elate	1.3
elated	3.0
elatedly	0.0
elater	0.0
elaterid	0.0
elaterin	0.0
elaters	0.0
elates	0.0
elating	1.3
elation	2.7
elations	0.0
elative	1.1
elatives	0.0
elbow	3.8
elbowed	2.5
elbowing	2.2
elbows	3.4
eld	2.4
elder	4.1
elderly	4.2
elders	3.8
eldest	3.7
eldress	0.0
eldrich	0.0
eldritch	2.3
elds	1.4
elect	4.0
elected	4.6
electee	0.0
electees	0.0
electing	3.3
election	5.1
elective	3.3
elector	3.0
electors	3.3
electret	1.5
electric	4.7
electro	3.6
electron	3.8
electros	0.0
electrum	2.0
elects	3.0
elegance	3.4
elegancy	1.0
elegant	4.0
elegiac	2.4
elegiacs	0.0
elegies	2.1
elegise	0.0
elegised	0.0
elegises	0.0
elegist	0.0
elegists	0.0
elegit	0.0
elegits	0.0
elegize	0.0
elegized	0.0
elegizes	0.0
elegy	2.7
element	4.5
elements	4.7
elemi	1.1
elemis	1.6
elenchi	0.0
elenchic	0.0
elenchus	1.1
elenctic	0.0
elephant	4.1
elevate	3.4
elevated	4.0
elevates	2.8
elevator	4.0
eleven	4.1
elevens	1.9
eleventh	3.5
elevon	0.0
elevons	0.0
elf	3.6
elfin	2.3
elfins	0.0
elfish	1.5
elfishly	0.0
elflike	0.0
elflock	0.0
elflocks	0.0
elhi	0.0
elicit	3.1
elicited	2.9
elicitor	0.0
elicits	2.6
elide	1.8
elided	1.9
elides	1.6
elidible	0.0
eliding	1.3
eligible	4.3
eligibly	0.0
elint	1.4
elints	0.0
elision	1.9
elisions	1.2
elite	4.4
elites	3.6
elitism	2.6
elitisms	0.0
elitist	3.1
elitists	2.3
elixir	3.2
elixirs	2.2
elk	3.5
elkhound	1.2
elks	2.6
ell	3.0
ellipse	2.7
ellipses	2.4
ellipsis	2.4
elliptic	2.9
ells	2.3
elm	3.4
elmier	0.0
elmiest	0.0
elms	2.8
elmy	1.1
elodea	1.4
elodeas	0.0
eloign	0.0
eloigned	0.0
eloigner	0.0
eloigns	0.0
eloin	0.0
eloined	0.0
eloiner	0.0
eloiners	0.0
eloining	0.0
eloins	0.0
elongate	2.8
elope	2.5
eloped	2.5
eloper	0.0
elopers	0.0
elopes	1.5
eloping	2.1
eloquent	3.2
els	2.8
else	5.4
eluant	0.0
eluants	0.0
eluate	0.0
eluates	0.0
elude	2.8
eluded	2.9
eluder	0.0
eluders	0.0
eludes	2.5
eluding	2.4
eluent	1.4
eluents	0.0
elusion	1.1
elusions	0.0
elusive	3.5
elusory	0.0
elute	1.4
eluted	1.9
elutes	1.0
eluting	2.0
elution	2.1
elutions	0.0
eluvia	0.0
eluvial	1.1
eluviate	0.0
eluvium	0.0
eluviums	0.0
elver	1.4
elvers	1.5
elves	3.4
elvish	2.4
elvishly	0.0
elysian	2.5
elytra	2.3
elytroid	0.0
elytron	1.3
elytrous	0.0
elytrum	0.0
emaciate	0.0
emanate	2.5
emanated	2.4
emanates	2.5
emanator	0.0
embalm	1.8
embalmed	2.5
embalmer	1.9
embalms	0.0
embank	0.0
embanked	1.3
embanks	0.0
embar	1.4
embargo	3.3
embark	3.4
embarked	3.5
embarks	2.7
embarred	0.0
embars	0.0
embassy	4.1
embattle	0.0
embay	0.0
embayed	0.0
embaying	0.0
embays	0.0
embed	2.9
embedded	3.9
embeds	2.2
ember	3.0
embers	2.9
embezzle	2.0
embitter	1.2
emblaze	0.0
emblazed	0.0
emblazer	0.0
emblazes	0.0
emblazon	1.3
emblem	3.6
emblemed	0.0
emblems	3.0
embodied	3.3
embodier	0.0
embodies	3.2
embody	3.2
embolden	2.3
emboli	1.8
embolic	1.8
embolies	0.0
embolism	2.8
embolus	1.8
emboly	0.0
emborder	0.0
embosk	0.0
embosked	0.0
embosks	0.0
embosom	0.0
embosoms	0.0
emboss	1.7
embossed	2.9
embosser	1.1
embosses	0.0
embow	0.0
embowed	0.0
embowel	0.0
embowels	0.0
embower	0.0
embowers	0.0
embowing	0.0
embows	0.0
embrace	4.2
embraced	3.8
embracer	0.0
embraces	3.4
embroil	1.7
embroils	0.0
embrown	0.0
embrowns	0.0
embrue	0.0
embrued	0.0
embrues	0.0
embruing	0.0
embrute	0.0
embruted	0.0
embrutes	0.0
embryo	3.3
embryoid	1.1
embryon	0.0
embryons	0.0
embryos	3.3
emcee	2.7
emceed	1.6
emceeing	1.6
emcees	2.0
eme	2.3
emeer	0.0
emeerate	0.0
emeers	0.0
emend	1.8
emendate	0.0
emended	1.6
emender	0.0
emenders	0.0
emending	0.0
emends	0.0
emerald	3.6
emeralds	2.8
emerge	3.9
emerged	4.2
emergent	3.1
emerges	3.6
emerging	4.2
emeries	0.0
emerita	1.9
emeritae	0.0
emeriti	1.2
emeritus	3.2
emerod	0.0
emerods	0.0
emeroid	0.0
emeroids	0.0
emersed	1.2
emersion	1.5
emery	3.3
emes	1.7
emeses	0.0
emesis	1.9
emetic	2.0
emetics	1.4
emetin	0.0
emetine	1.2
emetines	0.0
emetins	0.0
emeu	0.0
emeus	0.0
emeute	0.0
emeutes	0.0
emf	2.7
emfs	1.4
emic	1.5
emigrant	2.6
emigrate	2.9
emigre	2.0
emigres	1.9
eminence	3.2
eminency	0.0
eminent	3.6
emir	3.0
emirate	2.8
emirates	3.7
emirs	1.9
emissary	2.8
emission	3.7
emissive	1.7
emit	3.2
emits	3.0
emitted	3.3
emitter	2.9
emitters	2.7
emitting	3.2
emmer	2.0
emmers	1.1
emmet	2.9
emmets	1.0
emodin	1.2
emodins	0.0
emote	2.5
emoted	1.3
emoter	0.0
emoters	0.0
emotes	2.3
emoting	1.9
emotion	4.2
emotions	4.4
emotive	2.9
empale	0.0
empaled	0.0
empaler	0.0
empalers	0.0
empales	0.0
empaling	0.0
empanada	1.9
empanel	1.2
empanels	0.0
empathic	2.6
empathy	3.7
emperies	0.0
emperor	4.2
emperors	3.2
empery	1.2
emphases	2.2
emphasis	4.2
emphatic	3.1
empire	4.5
empires	3.4
empiric	1.9
empirics	1.3
emplace	1.2
emplaced	2.1
emplaces	0.0
emplane	0.0
emplaned	0.0
emplanes	0.0
employ	4.0
employe	1.8
employed	4.4
employee	4.5
employer	4.2
employes	1.8
employs	3.7
empoison	0.0
emporia	2.4
emporium	2.9
empower	3.5
empowers	3.0
empress	3.5
emprise	1.4
emprises	0.0
emprize	0.0
emprizes	0.0
emptied	3.3
emptier	2.2
emptiers	0.0
empties	2.9
emptiest	1.5
emptily	1.3
emptings	0.0
emptins	0.0
empty	4.6
emptying	3.1
empurple	0.0
empyema	1.4
empyemas	0.0
empyemic	0.0
empyreal	1.4
empyrean	2.0
ems	3.4
emu	3.0
emulate	3.4
emulated	2.8
emulates	2.4
emulator	2.9
emulous	1.1
emulsify	1.7
emulsion	2.9
emulsive	0.0
emulsoid	0.0
emus	2.3
emyd	0.0
emyde	0.0
emydes	0.0
emyds	0.0
enable	4.3
enabled	4.1
enabler	2.7
enablers	2.6
enables	3.9
enabling	3.9
enact	3.4
enacted	3.8
enacting	3.1
enactive	1.3
enactor	1.4
enactors	1.9
enactory	0.0
enacts	2.5
enamel	3.4
enameled	2.4
enameler	0.0
enamels	2.2
enamine	1.3
enamines	0.0
enamor	0.0
enamored	2.8
enamors	0.0
enamour	0.0
enamours	0.0
enate	0.0
enates	0.0
enatic	0.0
enation	0.0
enations	0.0
encaenia	0.0
encage	0.0
encaged	0.0
encages	0.0
encaging	0.0
encamp	1.8
encamped	2.5
encamps	0.0
encase	2.1
encased	3.0
encases	1.7
encash	1.1
encashed	0.0
encashes	0.0
encasing	2.1
enceinte	1.7
enchain	0.0
enchains	0.0
enchant	2.6
enchants	2.2
enchase	0.0
enchased	0.0
enchaser	0.0
enchases	0.0
enchoric	0.0
encina	1.4
encinal	1.3
encinas	1.4
encipher	0.0
encircle	2.6
enclasp	0.0
enclasps	0.0
enclave	3.2
enclaves	2.9
enclitic	1.6
enclose	2.8
enclosed	3.7
encloser	0.0
encloses	2.5
encode	3.0
encoded	3.3
encoder	2.7
encoders	2.1
encodes	2.7
encoding	3.4
encomia	0.0
encomium	1.8
encore	3.4
encored	1.3
encores	2.2
encoring	0.0
encroach	2.5
encrust	1.1
encrusts	0.0
encrypt	2.8
encrypts	2.1
encumber	1.7
encyclic	0.0
encyst	1.2
encysted	1.2
encysts	0.0
end	5.7
endamage	0.0
endameba	0.0
endanger	3.2
endarch	0.0
endarchy	0.0
endbrain	0.0
endear	2.4
endeared	2.5
endears	1.8
endeavor	3.6
ended	4.9
endemial	0.0
endemic	3.4
endemics	1.7
endemism	1.7
ender	2.8
endermic	0.0
enders	2.6
endexine	0.0
endgame	3.2
endgames	1.8
ending	4.7
endings	3.5
endite	0.0
endited	0.0
endites	0.0
enditing	0.0
endive	2.0
endives	1.4
endleaf	0.0
endless	4.2
endlong	0.0
endmost	0.0
endnote	1.9
endnotes	2.2
endocarp	1.3
endocast	0.0
endoderm	1.9
endogamy	1.7
endogen	0.0
endogens	0.0
endogeny	0.0
endopod	0.0
endopods	0.0
endorse	3.6
endorsed	3.9
endorsee	1.2
endorser	2.3
endorses	3.0
endorsor	0.0
endosarc	0.0
endosmos	0.0
endosome	1.6
endostea	0.0
endow	2.4
endowed	3.4
endower	0.0
endowers	0.0
endowing	2.0
endows	2.0
endozoic	0.0
endpaper	1.4
endplate	1.6
endpoint	2.9
endrin	1.1
endrins	0.0
ends	4.8
endue	1.1
endued	1.4
endues	0.0
enduing	0.0
endure	3.8
endured	3.6
endures	3.0
enduring	3.7
enduro	2.5
enduros	1.3
endways	0.0
endwise	1.1
enema	2.9
enemas	2.3
enemata	0.0
enemies	4.4
enemy	4.7
energid	0.0
energids	0.0
energies	3.5
energise	2.2
energize	2.8
energy	5.2
enervate	1.3
enface	0.0
enfaced	0.0
enfaces	0.0
enfacing	0.0
enfeeble	1.4
enfeoff	1.0
enfeoffs	0.0
enfetter	0.0
enfever	0.0
enfevers	0.0
enfilade	1.6
enflame	1.3
enflamed	1.5
enflames	0.0
enfold	1.9
enfolded	1.7
enfolder	0.0
enfolds	1.4
enforce	4.0
enforced	3.8
enforcer	3.0
enforces	2.9
enframe	0.0
enframed	0.0
enframes	0.0
eng	3.7
engage	4.4
engaged	4.5
engager	1.2
engagers	1.2
engages	3.4
engaging	4.1
engender	2.6
engild	0.0
engilded	0.0
engilds	0.0
engine	4.8
engined	2.6
engineer	4.5
enginery	0.0
engines	4.3
engining	0.0
enginous	0.0
engird	0.0
engirded	0.0
engirdle	0.0
engirds	0.0
engirt	0.0
english	5.2
englut	0.0
engluts	0.0
engorge	1.4
engorged	2.3
engorges	0.0
engraft	1.1
engrafts	0.0
engrail	0.0
engrails	0.0
engrain	0.0
engrains	0.0
engram	2.1
engramme	0.0
engrams	1.9
engrave	2.4
engraved	3.5
engraver	2.7
engraves	1.3
engross	1.8
engs	1.1
engulf	2.7
engulfed	3.1
engulfs	2.2
enhalo	0.0
enhaloed	0.0
enhaloes	0.0
enhalos	0.0
enhance	4.0
enhanced	4.1
enhancer	2.8
enhances	3.3
enigma	3.2
enigmas	2.1
enigmata	0.0
enisle	0.0
enisled	0.0
enisles	0.0
enisling	0.0
enjambed	0.0
enjoin	2.2
enjoined	2.4
enjoiner	0.0
enjoins	1.7
enjoy	5.1
enjoyed	4.6
enjoyer	1.4
enjoyers	0.0
enjoying	4.4
enjoys	3.9
enkindle	1.3
enlace	1.3
enlaced	0.0
enlaces	0.0
enlacing	0.0
enlarge	3.2
enlarged	3.6
enlarger	1.9
enlarges	2.3
enlist	3.4
enlisted	3.8
enlistee	1.2
enlister	0.0
enlists	2.6
enliven	2.4
enlivens	1.8
enmesh	1.3
enmeshed	2.4
enmeshes	0.0
enmities	1.9
enmity	3.0
ennead	1.5
enneadic	0.0
enneads	1.2
enneagon	0.0
ennoble	1.7
ennobled	2.2
ennobler	0.0
ennobles	1.6
ennui	2.4
ennuis	0.0
ennuye	0.0
ennuyee	0.0
enoki	1.7
enokis	0.0
enol	1.8
enolase	1.4
enolases	0.0
enolic	0.0
enology	1.6
enols	0.0
enorm	0.0
enormity	2.7
enormous	4.2
enosis	1.4
enosises	0.0
enough	5.5
enoughs	0.0
enounce	0.0
enounced	0.0
enounces	0.0
enow	1.6
enows	0.0
enplane	0.0
enplaned	0.0
enplanes	0.0
enquire	2.9
enquired	2.5
enquires	2.1
enquiry	3.4
enrage	2.4
enraged	3.3
enrages	2.1
enraging	2.2
enrapt	0.0
enravish	0.0
enrich	3.3
enriched	3.5
enricher	0.0
enriches	2.5
enrobe	0.0
enrobed	1.2
enrober	0.0
enrobers	0.0
enrobes	0.0
enrobing	0.0
enrol	2.7
enroll	3.5
enrolled	3.9
enrollee	1.9
enroller	0.0
enrolls	2.4
enrols	1.4
enroot	0.0
enrooted	0.0
enroots	0.0
ens	2.5
ensample	0.0
ensconce	1.1
enscroll	0.0
ensemble	3.7
enserf	0.0
enserfed	0.0
enserfs	0.0
ensheath	0.0
enshrine	2.2
enshroud	1.1
ensiform	0.0
ensign	3.3
ensigncy	0.0
ensigns	2.1
ensilage	0.0
ensile	0.0
ensiled	0.0
ensiles	0.0
ensiling	0.0
enskied	0.0
enskies	0.0
ensky	0.0
enskyed	0.0
enskying	0.0
enslave	2.8
enslaved	3.3
enslaver	1.3
enslaves	2.0
ensnare	2.3
ensnared	2.3
ensnarer	0.0
ensnares	1.6
ensnarl	0.0
ensnarls	0.0
ensorcel	0.0
ensoul	0.0
ensouled	1.2
ensouls	0.0
ensphere	0.0
ensue	2.9
ensued	3.3
ensues	3.0
ensuing	3.5
ensure	4.7
ensured	3.5
ensurer	0.0
ensurers	0.0
ensures	3.6
ensuring	4.0
enswathe	0.0
entail	3.2
entailed	2.9
entailer	0.0
entails	3.4
entameba	0.0
entangle	2.2
entases	0.0
entasia	0.0
entasias	0.0
entasis	1.1
entastic	0.0
entellus	0.0
entente	2.6
ententes	0.0
enter	4.8
entera	1.0
enteral	2.0
entered	4.7
enterer	0.0
enterers	0.0
enteric	2.3
entering	4.4
enteron	0.0
enterons	0.0
enters	4.0
enthalpy	2.4
enthetic	0.0
enthral	1.6
enthrall	1.7
enthrals	0.0
enthrone	1.5
enthuse	1.9
enthused	2.6
enthuses	1.6
entia	1.1
entice	3.1
enticed	2.8
enticer	0.0
enticers	0.0
entices	2.1
enticing	3.1
entire	5.1
entirely	4.7
entires	1.5
entirety	3.7
entities	4.0
entitle	2.7
entitled	4.5
entitles	2.7
entity	4.1
entoderm	0.0
entoil	0.0
entoiled	0.0
entoils	0.0
entomb	1.7
entombed	2.4
entombs	1.0
entopic	0.0
entozoa	0.0
entozoal	0.0
entozoan	0.0
entozoic	0.0
entozoon	0.0
entrails	2.5
entrain	1.7
entrains	1.1
entrance	4.4
entrant	2.9
entrants	3.3
entrap	2.3
entraps	1.3
entreat	2.3
entreats	1.6
entreaty	1.9
entree	2.8
entrees	2.6
entrench	2.3
entrepot	1.4
entresol	0.0
entries	4.1
entropic	2.0
entropy	3.3
entrust	2.9
entrusts	2.0
entry	4.7
entryway	2.5
entwine	1.9
entwined	2.8
entwines	1.3
entwist	0.0
entwists	0.0
enure	1.0
enured	0.0
enures	0.0
enuresis	1.7
enuretic	0.0
enuring	0.0
envelop	2.5
envelope	3.9
envelops	2.3
envenom	1.2
envenoms	0.0
enviable	2.9
enviably	1.5
envied	2.7
envier	0.0
enviers	0.0
envies	2.2
envious	3.2
environ	2.2
environs	2.9
envisage	2.7
envision	3.2
envoi	1.5
envois	0.0
envoy	3.5
envoys	2.9
envy	3.8
envying	2.1
enwheel	0.0
enwheels	0.0
enwind	0.0
enwinds	0.0
enwomb	0.0
enwombed	0.0
enwombs	0.0
enwound	0.0
enwrap	1.0
enwraps	0.0
enzootic	1.4
enzym	0.0
enzyme	3.8
enzymes	3.6
enzymic	0.0
enzyms	0.0
eobiont	0.0
eobionts	0.0
eohippus	1.2
eolian	1.6
eolipile	0.0
eolith	0.0
eolithic	0.0
eoliths	0.0
eolopile	0.0
eon	2.7
eonian	0.0
eonism	0.0
eonisms	0.0
eons	2.7
eosin	1.9
eosine	0.0
eosines	0.0
eosinic	0.0
eosins	0.0
epact	1.4
epacts	0.0
eparch	0.0
eparchs	0.0
eparchy	1.4
epaulet	1.4
epaulets	1.9
epazote	1.0
epazotes	0.0
epee	1.8
epeeist	0.0
epeeists	0.0
epees	0.0
epeiric	0.0
ependyma	0.0
epergne	0.0
epergnes	0.0
epha	0.0
ephah	1.4
ephahs	0.0
ephas	0.0
ephebe	0.0
ephebes	0.0
ephebi	0.0
ephebic	0.0
epheboi	0.0
ephebos	0.0
ephebus	0.0
ephedra	2.0
ephedras	0.0
ephedrin	0.0
ephemera	2.5
ephod	1.6
ephods	0.0
ephor	0.0
ephoral	0.0
ephorate	0.0
ephori	0.0
ephors	1.5
epiblast	1.5
epibolic	0.0
epiboly	0.0
epic	4.3
epical	1.0
epically	2.2
epicalyx	0.0
epicarp	0.0
epicarps	0.0
epicedia	0.0
epicene	1.3
epicenes	0.0
epiclike	0.0
epicotyl	0.0
epics	2.9
epicure	1.8
epicures	1.1
epicycle	1.3
epidemic	3.8
epiderm	0.0
epiderms	0.0
epidote	1.5
epidotes	0.0
epidotic	0.0
epidural	2.9
epifauna	0.0
epifocal	0.0
epigeal	0.0
epigean	0.0
epigeic	0.0
epigene	0.0
epigenic	0.0
epigeous	0.0
epigon	0.0
epigone	0.0
epigones	0.0
epigoni	0.0
epigonic	0.0
epigons	0.0
epigonus	0.0
epigram	2.2
epigrams	2.3
epigraph	2.2
epigyny	0.0
epilepsy	3.5
epilog	1.4
epilogs	0.0
epilogue	3.1
epimer	0.0
epimere	0.0
epimeres	0.0
epimeric	0.0
epimers	0.0
epimysia	0.0
epinaoi	0.0
epinaos	0.0
epinasty	0.0
epiphany	3.2
epiphyte	1.6
episcia	0.0
episcias	0.0
episcope	0.0
episode	5.0
episodes	4.4
episodic	3.0
episomal	0.0
episome	0.0
episomes	0.0
epistasy	0.0
epistle	2.9
epistler	0.0
epistles	2.7
epistome	0.0
epistyle	0.0
epitaph	2.8
epitaphs	2.1
epitases	0.0
epitasis	0.0
epitaxic	0.0
epitaxy	1.9
epithet	2.9
epithets	2.6
epitome	3.3
epitomes	1.4
epitomic	0.0
epitope	2.2
epitopes	2.2
epizoa	0.0
epizoic	0.0
epizoism	0.0
epizoite	0.0
epizoon	0.0
epizooty	0.0
epoch	3.2
epochal	2.1
epochs	2.4
epode	1.2
epodes	1.0
eponym	1.6
eponymic	0.0
eponyms	1.2
eponymy	0.0
epopee	0.0
epopees	0.0
epopoeia	0.0
epos	2.0
eposes	0.0
epoxide	2.0
epoxides	1.7
epoxied	1.2
epoxies	1.8
epoxy	3.1
epoxyed	0.0
epoxying	0.0
epsilon	2.9
epsilons	1.0
equable	1.6
equably	1.0
equal	4.7
equaled	2.7
equaling	2.5
equalise	2.3
equality	4.3
equalize	2.6
equalled	2.8
equally	4.4
equals	3.7
equate	3.2
equated	3.0
equates	3.1
equating	2.9
equation	4.0
equator	3.3
equators	0.0
equerry	1.9
equid	1.2
equids	1.2
equine	3.1
equinely	0.0
equines	1.9
equinity	0.0
equinox	3.0
equip	3.5
equipage	1.7
equipped	4.3
equipper	0.0
equips	2.4
equiseta	0.0
equitant	0.0
equites	1.6
equities	3.2
equity	4.3
equivoke	0.0
era	4.7
eradiate	0.0
eras	3.2
erasable	1.9
erase	3.7
erased	3.5
eraser	2.9
erasers	2.4
erases	2.6
erasing	3.0
erasion	0.0
erasions	0.0
erasure	2.9
erasures	1.7
erbium	1.9
erbiums	0.0
ere	3.1
erect	3.5
erected	3.9
erecter	0.0
erecters	0.0
erectile	2.8
erecting	2.9
erection	3.5
erective	0.0
erectly	0.0
erector	2.2
erectors	1.7
erects	1.9
erelong	0.0
eremite	1.0
eremites	0.0
eremitic	0.0
eremuri	0.0
eremurus	0.0
erenow	0.0
erepsin	0.0
erepsins	0.0
erethic	0.0
erethism	0.0
erewhile	1.2
erg	2.6
ergastic	0.0
ergate	0.0
ergates	0.0
ergative	1.8
ergo	3.0
ergodic	2.3
ergot	2.1
ergotic	0.0
ergotism	1.3
ergots	0.0
ergs	1.7
erica	3.6
ericas	1.1
ericoid	0.0
erigeron	1.5
eringo	0.0
eringoes	0.0
eringos	0.0
eristic	0.0
eristics	0.0
erlking	0.0
erlkings	0.0
ermine	2.5
ermined	0.0
ermines	1.1
ern	2.3
erne	2.1
ernes	0.0
erns	0.0
erode	3.0
eroded	3.3
erodent	0.0
erodes	2.5
erodible	1.3
eroding	2.9
erogenic	0.0
eros	3.0
erose	0.0
erosely	0.0
eroses	0.0
erosible	0.0
erosion	3.6
erosions	1.7
erosive	2.0
erotic	3.7
erotica	3.0
erotical	0.0
erotics	1.5
erotism	1.1
erotisms	0.0
erotize	0.0
erotized	0.0
erotizes	0.0
err	3.4
errancy	0.0
errand	3.0
errands	3.3
errant	2.9
errantly	1.1
errantry	1.2
errants	1.1
errata	2.5
erratas	0.0
erratic	3.3
erratics	1.6
erratum	1.7
erred	2.8
errhine	0.0
errhines	0.0
erring	2.3
erringly	0.0
error	4.5
errors	4.2
errs	2.1
ers	3.2
ersatz	2.3
ersatzes	0.0
erses	0.0
erst	1.8
eruct	0.0
eructate	0.0
eructed	0.0
eructing	0.0
eructs	0.0
erudite	2.8
erugo	0.0
erugos	0.0
erumpent	1.1
erupt	3.0
erupted	3.4
erupting	2.7
eruption	3.5
eruptive	2.3
erupts	3.0
ervil	0.0
ervils	0.0
eryngo	0.0
eryngoes	0.0
eryngos	0.0
erythema	2.2
erythron	0.0
escalade	2.5
escalate	3.4
escallop	0.0
escalop	0.0
escalops	0.0
escapade	2.5
escape	4.6
escaped	4.2
escapee	2.3
escapees	2.5
escaper	1.1
escapers	1.2
escapes	3.6
escaping	3.7
escapism	2.6
escapist	2.5
escar	0.0
escargot	2.1
escarole	1.6
escarp	0.0
escarped	0.0
escarps	0.0
escars	0.0
eschalot	0.0
eschar	1.2
eschars	0.0
escheat	1.5
escheats	0.0
eschew	2.6
eschewal	0.0
eschewed	2.5
eschews	2.3
escolar	1.6
escolars	0.0
escort	4.0
escorted	3.5
escorts	3.4
escot	0.0
escoted	0.0
escoting	0.0
escots	0.0
escrow	3.0
escrowed	1.4
escrows	1.3
escuage	0.0
escuages	0.0
escudo	1.7
escudos	1.8
esculent	0.0
eserine	0.0
eserines	0.0
eses	1.5
eskar	0.0
eskars	0.0
esker	1.7
eskers	1.4
esophagi	0.0
esoteric	3.2
espalier	1.5
espanol	2.2
esparto	1.4
espartos	0.0
especial	2.7
espial	0.0
espials	0.0
espied	1.4
espiegle	0.0
espies	0.0
espousal	1.6
espouse	2.7
espoused	2.9
espouser	0.0
espouses	2.4
espresso	3.4
esprit	2.8
esprits	1.4
espy	2.3
espying	0.0
esquire	3.1
esquired	0.0
esquires	1.8
ess	2.8
essay	4.2
essayed	1.8
essayer	0.0
essayers	0.0
essaying	1.5
essayist	2.7
essays	4.1
essence	4.0
essences	2.6
esses	1.9
essoin	0.0
essoins	0.0
essonite	0.0
estancia	2.0
estate	4.8
estated	0.0
estates	3.9
estating	0.0
esteem	3.9
esteemed	3.3
esteems	1.6
ester	3.1
esterase	1.8
esterify	0.0
esters	2.9
estheses	0.0
esthesia	0.0
esthesis	0.0
esthete	0.0
esthetes	0.0
esthetic	2.4
estimate	4.3
estival	1.3
estivate	0.0
estop	1.2
estopped	1.4
estoppel	2.3
estops	0.0
estovers	0.0
estragon	1.8
estral	0.0
estrange	2.2
estray	0.0
estrayed	0.0
estrays	0.0
estreat	0.0
estreats	0.0
estrin	1.9
estrins	0.0
estriol	1.6
estriols	0.0
estrogen	3.4
estrone	1.9
estrones	0.0
estrous	1.6
estrual	0.0
estrum	0.0
estrums	0.0
estrus	2.0
estruses	0.0
estuary	3.3
esurient	0.0
eta	3.4
etagere	0.0
etageres	0.0
etalon	1.4
etalons	0.0
etamin	0.0
etamine	0.0
etamines	0.0
etamins	0.0
etape	1.3
etapes	0.0
etas	1.5
etatism	0.0
etatisms	0.0
etatist	0.0
etcetera	2.7
etch	2.8
etchant	1.6
etchants	1.2
etched	3.3
etcher	1.9
etchers	1.5
etches	1.8
etching	3.1
etchings	2.7
eternal	4.1
eternals	2.1
eterne	1.2
eternise	0.0
eternity	3.8
eternize	0.0
etesian	0.0
etesians	0.0
eth	3.2
ethane	2.4
ethanes	0.0
ethanol	3.5
ethanols	0.0
ethene	1.4
ethenes	0.0
ethephon	0.0
ether	3.4
ethereal	3.2
etheric	2.1
etherify	0.0
etherish	0.0
etherize	0.0
ethers	2.5
ethic	3.5
ethical	4.1
ethicals	0.0
ethician	0.0
ethicist	2.0
ethicize	0.0
ethics	4.2
ethinyl	1.6
ethinyls	0.0
ethion	1.2
ethions	0.0
ethmoid	1.6
ethmoids	0.0
ethnarch	0.0
ethnic	4.3
ethnical	1.9
ethnics	2.0
ethnos	1.7
ethnoses	0.0
ethology	2.1
ethos	3.3
ethoses	0.0
ethoxies	0.0
ethoxy	1.3
ethoxyl	0.0
ethoxyls	0.0
eths	1.3
ethyl	2.9
ethylate	0.0
ethylene	2.9
ethylic	0.0
ethyls	0.0
ethyne	0.0
ethynes	0.0
ethynyl	1.1
ethynyls	0.0
etic	1.4
etiolate	0.0
etiology	2.6
etna	2.6
etnas	0.0
etoile	2.2
etoiles	1.2
etouffee	1.2
etude	2.6
etudes	2.6
etui	1.2
etuis	0.0
etwee	0.0
etwees	0.0
etyma	0.0
etymon	1.1
etymons	0.0
eucaine	0.0
eucaines	0.0
eucalypt	1.9
eucharis	0.0
euchre	1.9
euchred	0.0
euchres	0.0
euchring	0.0
euclase	0.0
euclases	0.0
eucrite	0.0
eucrites	0.0
eucritic	0.0
eudaemon	0.0
eudemon	0.0
eudemons	0.0
eugenia	2.7
eugenias	0.0
eugenic	2.1
eugenics	3.0
eugenist	0.0
eugenol	1.7
eugenols	0.0
euglena	1.3
euglenas	0.0
eulachan	0.0
eulachon	0.0
eulogia	0.0
eulogiae	0.0
eulogias	0.0
eulogies	2.3
eulogise	1.2
eulogist	1.0
eulogium	0.0
eulogize	1.7
eulogy	3.0
eunuch	2.8
eunuchs	2.6
euonymus	1.6
eupatrid	0.0
eupepsia	0.0
eupepsy	0.0
eupeptic	0.0
euphenic	0.0
euphonic	1.5
euphony	1.7
euphoria	3.2
euphoric	2.9
euphotic	1.2
euphrasy	0.0
euphroe	0.0
euphroes	0.0
euphuism	0.0
euphuist	0.0
euploid	0.0
euploids	0.0
euploidy	0.0
eupnea	0.0
eupneas	0.0
eupneic	0.0
eupnoea	0.0
eupnoeas	0.0
eupnoeic	0.0
eureka	3.3
euripi	0.0
euripus	0.0
euro	4.1
eurokies	0.0
eurokous	0.0
euroky	0.0
europium	2.0
euros	3.8
eurybath	0.0
euryoky	0.0
eurythmy	1.2
eustacy	0.0
eustatic	1.3
eustele	0.0
eusteles	0.0
eutaxies	0.0
eutaxy	0.0
eutectic	1.9
eutrophy	0.0
euxenite	0.0
evacuant	0.0
evacuate	3.5
evacuee	1.9
evacuees	2.7
evadable	0.0
evade	3.4
evaded	2.9
evader	1.8
evaders	2.1
evades	2.4
evadible	0.0
evading	3.0
evaluate	4.0
evanesce	1.3
evangel	2.0
evangels	0.0
evanish	0.0
evasion	3.4
evasions	2.0
evasive	3.0
eve	4.3
evection	0.0
even	6.0
evened	2.4
evener	0.0
eveners	0.0
evenest	0.0
evenfall	0.0
evening	4.9
evenings	3.6
evenly	3.6
evenness	1.9
evens	2.7
evensong	2.0
event	5.2
eventful	3.0
eventide	2.1
events	5.1
eventual	3.7
ever	5.7
evermore	2.7
eversion	1.5
evert	2.5
everted	1.4
everting	0.0
evertor	0.0
evertors	0.0
everts	1.8
every	5.8
everyday	4.5
everyman	2.8
everymen	0.0
everyone	5.5
everyway	1.8
eves	2.3
evict	3.0
evicted	3.4
evictee	1.4
evictees	1.3
evicting	2.4
eviction	3.4
evictor	0.0
evictors	0.0
evicts	1.7
evidence	5.1
evident	4.0
evil	4.7
evildoer	1.6
eviler	0.0
evilest	1.5
eviller	0.0
evillest	0.0
evilly	2.1
evilness	2.1
evils	3.4
evince	2.0
evinced	2.2
evinces	1.9
evincing	1.6
evincive	0.0
evitable	1.1
evite	1.6
evited	0.0
evites	0.0
eviting	0.0
evocable	0.0
evocator	0.0
evoke	3.3
evoked	3.1
evoker	0.0
evokers	0.0
evokes	3.1
evoking	2.9
evolute	1.4
evolutes	0.0
evolve	3.8
evolved	4.1
evolver	1.4
evolvers	0.0
evolves	3.2
evolving	3.8
evonymus	0.0
evulsion	0.0
evzone	0.0
evzones	0.0
ewe	2.8
ewer	1.9
ewers	2.0
ewes	2.5
exact	4.5
exacta	1.8
exactas	1.1
exacted	2.5
exacter	0.0
exacters	0.0
exactest	0.0
exacting	3.0
exaction	1.5
exactly	5.2
exactor	0.0
exactors	0.0
exacts	2.0
exalt	2.6
exalted	3.1
exalter	0.0
exalters	0.0
exalting	2.0
exalts	2.3
exam	4.3
examen	1.9
examens	0.0
examine	4.2
examined	4.1
examinee	1.7
examiner	3.5
examines	3.6
example	5.3
exampled	1.2
examples	4.6
exams	4.0
exanthem	0.0
exarch	1.9
exarchal	0.0
exarchs	1.1
exarchy	0.0
excavate	2.7
exceed	3.9
exceeded	3.8
exceeder	0.0
exceeds	3.6
excel	3.7
excelled	3.2
excels	2.9
except	5.0
excepted	2.6
excepts	1.7
excerpt	3.5
excerpts	3.4
excess	4.2
excessed	0.0
excesses	3.1
exchange	4.8
excide	0.0
excided	0.0
excides	0.0
exciding	0.0
excimer	2.0
excimers	0.0
exciple	0.0
exciples	0.0
excise	3.3
excised	2.6
excises	1.8
excising	1.8
excision	2.7
excitant	0.0
excite	3.3
excited	4.7
exciter	2.0
exciters	1.4
excites	3.0
exciting	4.5
exciton	2.0
excitons	1.8
excitor	0.0
excitors	0.0
exclaim	2.8
exclaims	2.8
exclave	1.8
exclaves	1.2
exclude	3.8
excluded	3.9
excluder	1.4
excludes	3.4
excreta	2.0
excretal	0.0
excrete	2.3
excreted	2.7
excreter	0.0
excretes	1.8
excursus	1.3
excuse	4.6
excused	3.3
excuser	0.0
excusers	0.0
excuses	4.0
excusing	2.6
exec	3.3
execrate	1.2
execs	3.0
execute	4.0
executed	4.3
executer	1.0
executes	3.1
executor	3.0
exedra	1.1
exedrae	0.0
exegeses	1.1
exegesis	2.7
exegete	1.7
exegetes	1.6
exegetic	0.0
exempla	1.2
exemplar	2.7
exemplum	1.1
exempt	3.8
exempted	3.1
exempts	2.5
exequial	0.0
exequies	0.0
exequy	0.0
exercise	4.7
exergual	0.0
exergue	0.0
exergues	0.0
exert	3.4
exerted	3.1
exerting	2.8
exertion	2.9
exertive	0.0
exerts	2.8
exes	3.1
exeunt	1.5
exhalant	0.0
exhale	3.1
exhaled	2.6
exhalent	0.0
exhales	2.3
exhaling	2.5
exhaust	3.8
exhausts	2.6
exhibit	4.2
exhibits	3.8
exhort	2.2
exhorted	2.4
exhorter	1.1
exhorts	2.1
exhume	2.2
exhumed	2.7
exhumer	0.0
exhumers	0.0
exhumes	1.1
exhuming	1.8
exigence	1.2
exigency	1.8
exigent	2.2
exigible	0.0
exiguity	0.0
exiguous	1.1
exile	3.8
exiled	3.4
exiles	3.1
exilian	0.0
exilic	1.8
exiling	2.0
eximious	0.0
exine	0.0
exines	0.0
exist	4.7
existed	4.3
existent	3.5
existing	4.8
exists	4.5
exit	4.3
exited	3.4
exiting	3.3
exitless	0.0
exits	3.5
exocarp	0.0
exocarps	0.0
exocrine	1.9
exoderm	0.0
exoderms	0.0
exodoi	0.0
exodos	0.0
exodus	3.7
exoduses	1.1
exoergic	0.0
exogamic	0.0
exogamy	1.6
exogen	0.0
exogens	0.0
exon	2.5
exonic	1.1
exons	2.2
exonumia	0.0
exorable	0.0
exorcise	2.4
exorcism	2.9
exorcist	2.9
exorcize	1.3
exordia	0.0
exordial	0.0
exordium	1.8
exosmic	0.0
exosmose	0.0
exospore	0.0
exoteric	1.8
exotic	3.9
exotica	2.1
exotics	2.5
exotism	0.0
exotisms	0.0
exotoxic	0.0
exotoxin	1.2
expand	4.3
expanded	4.3
expander	2.4
expandor	0.0
expands	3.6
expanse	3.2
expanses	2.6
expat	3.0
expats	2.9
expect	5.0
expected	5.0
expects	3.9
expedite	3.0
expel	3.3
expelled	3.7
expellee	0.0
expeller	1.4
expels	2.4
expend	2.9
expended	3.0
expender	0.0
expends	2.0
expense	4.2
expensed	1.9
expenses	4.3
expert	4.6
experted	0.0
expertly	2.9
experts	4.5
expiable	0.0
expiate	1.7
expiated	1.4
expiates	1.0
expiator	0.0
expire	3.5
expired	3.8
expirer	0.0
expirers	0.0
expires	3.5
expiries	1.3
expiring	3.0
expiry	3.0
explain	4.9
explains	4.4
explant	1.5
explants	1.7
explicit	4.0
explode	3.8
exploded	3.8
exploder	1.9
explodes	3.4
exploit	3.8
exploits	3.5
explore	4.3
explored	3.9
explorer	3.9
explores	3.6
expo	3.6
exponent	3.0
export	4.2
exported	3.6
exporter	3.3
exports	4.1
expos	2.6
exposal	0.0
exposals	0.0
expose	4.0
exposed	4.5
exposer	1.3
exposers	0.0
exposes	3.4
exposing	3.8
exposit	0.0
exposits	0.0
exposure	4.4
expound	2.5
expounds	2.1
express	4.7
expresso	2.2
expulse	0.0
expulsed	1.1
expulses	0.0
expunge	2.3
expunged	2.7
expunger	0.0
expunges	0.0
exscind	0.0
exscinds	0.0
exsecant	0.0
exsect	0.0
exsected	0.0
exsects	0.0
exsert	0.0
exserted	1.2
exserts	0.0
extant	3.2
extend	4.3
extended	4.6
extender	2.7
extends	4.0
extensor	2.2
extent	4.5
extents	2.4
exterior	3.9
extern	1.9
external	4.5
externe	1.0
externes	0.0
externs	1.1
extinct	3.7
extincts	0.0
extol	2.3
extoll	1.2
extolled	2.4
extoller	0.0
extolls	1.0
extols	2.0
extort	2.8
extorted	2.5
extorter	0.0
extorts	1.6
extra	5.0
extract	4.0
extracts	3.5
extrados	0.0
extras	3.6
extrema	1.9
extreme	4.6
extremer	0.0
extremes	3.5
extremum	1.4
extrorse	0.0
extrude	2.0
extruded	2.6
extruder	2.3
extrudes	1.4
extubate	0.0
exudate	1.9
exudates	1.9
exude	2.5
exuded	2.4
exudes	2.6
exuding	2.2
exult	1.8
exultant	2.2
exulted	1.7
exulting	1.6
exults	1.6
exurb	1.1
exurban	1.6
exurbia	0.0
exurbias	0.0
exurbs	1.6
exuvia	0.0
exuviae	1.0
exuvial	0.0
exuviate	0.0
exuvium	0.0
eyas	0.0
eyases	0.0
eye	5.0
eyeable	0.0
eyeball	3.1
eyeballs	3.2
eyebar	0.0
eyebars	0.0
eyebeam	1.2
eyebeams	0.0
eyebolt	0.0
eyebolts	0.0
eyebrow	3.4
eyebrows	3.8
eyecup	0.0
eyecups	0.0
eyed	4.0
eyedness	0.0
eyedrops	1.9
eyeful	2.0
eyefuls	0.0
eyeglass	2.3
eyehole	0.0
eyeholes	1.6
eyehook	0.0
eyehooks	0.0
eyeing	3.2
eyelash	2.8
eyeless	2.0
eyelet	2.2
eyelets	2.0
eyelid	3.0
eyelids	3.2
eyelike	0.0
eyeliner	3.2
eyen	1.4
eyepiece	2.4
eyepoint	0.0
eyer	1.4
eyers	1.3
eyes	5.2
eyeshade	1.3
eyeshot	1.4
eyeshots	0.0
eyesight	3.3
eyesome	0.0
eyesore	2.6
eyesores	1.7
eyespot	1.3
eyespots	1.3
eyestalk	1.2
eyestone	0.0
eyeteeth	1.1
eyetooth	0.0
eyewash	1.7
eyewater	0.0
eyewear	2.8
eyewink	0.0
eyewinks	0.0
eying	2.1
eyne	0.0
eyra	0.0
eyras	0.0
eyre	3.1
eyres	1.6
eyrie	2.2
eyries	1.1
eyrir	0.0
eyry	0.0
fable	3.2
fabled	2.9
fabler	0.0
fablers	0.0
fables	3.0
fabliau	1.1
fabliaux	1.0
fabling	0.0
fabric	4.1
fabrics	3.6
fabular	0.0
fabulist	1.8
fabulous	4.1
facade	3.4
facades	2.8
face	5.5
faceable	0.0
faced	4.5
facedown	2.3
faceless	3.0
facer	1.7
facers	0.0
faces	4.6
facet	3.2
facete	0.0
faceted	2.9
facetely	0.0
facetiae	0.0
faceting	1.5
facets	3.3
facetted	1.3
faceup	1.3
facia	1.7
facial	4.1
facially	2.0
facials	2.6
facias	1.4
faciend	0.0
faciends	0.0
facies	2.4
facile	2.6
facilely	1.0
facility	4.6
facing	4.5
facings	2.2
fact	5.4
factful	0.0
faction	3.8
factions	3.8
factious	1.5
factoid	2.1
factoids	2.0
factor	4.7
factored	3.0
factors	4.6
factory	4.5
factotum	1.9
facts	4.7
factual	3.6
facture	1.3
factures	0.0
facula	0.0
faculae	0.0
facular	0.0
faculty	4.3
fad	3.3
fadable	0.0
faddier	0.0
faddiest	0.0
faddish	1.6
faddism	0.0
faddisms	0.0
faddist	0.0
faddists	0.0
faddy	1.4
fade	3.9
fadeaway	2.0
faded	3.7
fadedly	0.0
fadeless	0.0
fader	2.6
faders	2.0
fades	3.4
fadge	0.0
fadged	0.0
fadges	0.0
fadging	0.0
fading	3.6
fadings	0.0
fado	2.0
fados	0.0
fads	2.7
faecal	2.4
faeces	2.7
faena	1.5
faenas	0.0
faerie	2.7
faeries	2.4
faery	2.0
fag	3.3
fagged	1.5
fagging	1.3
faggot	3.5
faggoted	0.0
faggotry	1.4
faggots	2.9
faggoty	1.3
faggy	1.9
fagin	2.3
fagins	0.0
fagot	2.0
fagoted	0.0
fagoter	0.0
fagoters	0.0
fagoting	0.0
fagots	1.4
fags	2.9
fahlband	0.0
faience	2.0
faiences	0.0
fail	4.6
failed	4.8
failing	4.3
failings	3.1
faille	1.6
failles	0.0
fails	4.3
failure	4.7
failures	4.0
fain	2.5
faineant	0.0
fainer	0.0
fainest	0.0
faint	3.8
fainted	3.1
fainter	2.4
fainters	0.0
faintest	2.8
fainting	3.0
faintish	0.0
faintly	3.0
faints	2.6
fair	5.0
faired	2.0
fairer	3.1
fairest	3.1
fairies	3.3
fairing	2.7
fairings	2.2
fairish	0.0
fairlead	1.2
fairly	4.5
fairness	3.8
fairs	3.4
fairway	2.9
fairways	2.5
fairy	4.1
fairyism	0.0
faith	4.8
faithed	0.0
faithful	4.1
faithing	0.0
faiths	3.2
faitour	0.0
faitours	0.0
fajita	2.1
fajitas	2.3
fake	4.7
faked	3.4
fakeer	0.0
fakeers	0.0
faker	2.8
fakeries	0.0
fakers	2.3
fakery	2.2
fakes	3.2
fakey	1.4
faking	3.4
fakir	2.2
fakirs	1.6
falafel	2.6
falbala	0.0
falbalas	0.0
falcate	1.6
falcated	0.0
falces	0.0
falchion	2.1
falcon	3.7
falconer	2.8
falconet	1.1
falconry	2.3
falcons	3.6
falderal	0.0
falderol	0.0
fall	5.1
fallacy	3.2
fallal	0.0
fallals	0.0
fallaway	1.1
fallback	2.7
fallen	4.4
faller	2.0
fallers	1.8
fallfish	0.0
fallible	2.6
fallibly	0.0
falling	4.7
falloff	1.9
falloffs	0.0
fallout	3.7
fallouts	1.7
fallow	2.8
fallowed	1.4
fallows	2.1
falls	4.6
false	4.6
falsely	3.6
falser	0.0
falsest	0.0
falsetto	2.7
falsie	0.0
falsies	1.9
falsify	2.5
falsity	2.3
faltboat	0.0
falter	2.8
faltered	2.8
falterer	0.0
falters	2.4
falx	1.4
fame	4.3
famed	3.6
fameless	0.0
fames	1.7
familial	3.2
familiar	4.6
families	4.9
familism	1.1
family	5.7
famine	3.6
famines	2.6
faming	1.1
famish	1.2
famished	2.4
famishes	0.0
famous	4.8
famously	3.5
famuli	0.0
famulus	1.1
fan	4.9
fanatic	3.2
fanatics	3.2
fancied	3.1
fancier	2.6
fanciers	2.1
fancies	3.0
fanciest	2.2
fanciful	3.0
fancify	0.0
fancily	1.1
fancy	4.3
fancying	2.1
fandango	2.7
fandom	3.5
fandoms	2.6
fane	2.5
fanega	0.0
fanegada	0.0
fanegas	0.0
fanes	1.3
fanfare	3.2
fanfares	1.8
fanfaron	0.0
fanfold	0.0
fanfolds	0.0
fang	3.3
fanga	0.0
fangas	0.0
fanged	2.0
fangless	0.0
fanglike	0.0
fangs	3.0
fanion	0.0
fanions	0.0
fanjet	0.0
fanjets	0.0
fanlight	1.6
fanlike	0.0
fanned	2.7
fanner	0.0
fanners	0.0
fannies	1.6
fanning	3.1
fanny	3.5
fano	2.0
fanon	2.4
fanons	0.0
fanos	0.0
fans	5.0
fantail	1.9
fantails	1.3
fantasia	2.9
fantasie	1.7
fantasm	0.0
fantasms	0.0
fantast	1.1
fantasts	0.0
fantasy	4.5
fantod	0.0
fantods	0.0
fantom	1.7
fantoms	0.0
fanum	0.0
fanums	0.0
fanwise	0.0
fanwort	0.0
fanworts	0.0
fanzine	2.3
fanzines	1.9
faqir	1.4
faqirs	0.0
faquir	0.0
faquirs	0.0
far	5.5
farad	1.7
faradaic	1.2
faraday	3.0
faradays	0.0
faradic	0.0
faradise	0.0
faradism	0.0
faradize	0.0
farads	1.1
faraway	3.0
farce	3.3
farced	0.0
farcer	0.0
farcers	0.0
farces	2.1
farceur	0.0
farceurs	0.0
farci	0.0
farcical	2.6
farcie	0.0
farcies	0.0
farcing	0.0
farcy	1.1
fard	1.9
farded	0.0
fardel	0.0
fardels	0.0
farding	0.0
fards	0.0
fare	3.9
fared	3.1
farer	1.2
farers	0.0
fares	3.6
farewell	3.9
farfal	0.0
farfals	0.0
farfel	1.0
farfels	0.0
farina	2.7
farinas	1.1
faring	2.7
farinha	1.0
farinhas	0.0
farinose	0.0
farl	0.0
farle	0.0
farles	0.0
farls	0.0
farm	4.8
farmable	1.3
farmed	3.2
farmer	4.2
farmers	4.4
farmhand	2.1
farming	4.2
farmings	0.0
farmland	3.4
farms	4.1
farmwife	0.0
farmwork	1.2
farmyard	2.4
farnesol	0.0
farness	0.0
faro	2.6
faros	1.3
farouche	1.0
farrago	1.9
farrier	2.3
farriers	1.8
farriery	1.2
farrow	2.9
farrowed	0.0
farrows	1.0
farside	1.4
farsides	0.0
fart	3.6
farted	2.8
farther	3.9
farthest	3.1
farthing	2.6
farting	3.0
farts	3.2
fas	3.0
fasces	1.7
fascia	3.0
fasciae	1.6
fascial	1.9
fascias	1.6
fasciate	0.0
fascicle	1.9
fascine	0.0
fascines	1.1
fascism	3.6
fascisms	0.0
fascist	3.8
fascists	3.4
fash	2.3
fashed	0.0
fashes	0.0
fashing	0.0
fashion	4.8
fashions	3.2
fashious	0.0
fast	5.1
fastback	2.2
fastball	3.0
fasted	2.6
fasten	3.0
fastened	3.0
fastener	2.6
fastens	2.0
faster	4.6
fastest	4.2
fasting	3.6
fastings	0.0
fastness	2.0
fasts	2.5
fastuous	0.0
fat	4.8
fatal	4.1
fatalism	2.3
fatalist	1.8
fatality	3.2
fatally	3.3
fatback	1.7
fatbacks	0.0
fatbird	0.0
fatbirds	0.0
fate	4.4
fated	3.2
fateful	3.1
fates	3.2
fathead	2.3
fatheads	1.2
father	5.3
fathered	2.9
fatherly	2.6
fathers	4.1
fathom	3.2
fathomed	1.8
fathoms	2.5
fatidic	0.0
fatigue	3.9
fatigued	3.0
fatigues	2.5
fating	0.0
fatless	0.0
fatlike	0.0
fatling	0.0
fatlings	0.0
fatly	0.0
fatness	2.3
fats	3.6
fatso	2.1
fatsoes	0.0
fatsos	0.0
fatstock	0.0
fatted	1.8
fatten	2.5
fattened	2.3
fattener	0.0
fattens	1.5
fatter	3.1
fattest	2.6
fattier	1.6
fatties	2.3
fattiest	0.0
fattily	0.0
fatting	0.0
fattish	0.0
fatty	3.8
fatuity	0.0
fatuous	2.2
fatwa	2.7
fatwas	2.1
fatwood	0.0
fatwoods	0.0
faubourg	2.1
faucal	0.0
faucals	0.0
fauces	1.1
faucet	3.1
faucets	2.5
faucial	0.0
faugh	1.2
fauld	0.0
faulds	1.8
fault	4.6
faulted	2.7
faultier	0.0
faultily	0.0
faulting	2.5
faults	3.7
faulty	3.6
faun	2.4
fauna	3.5
faunae	0.0
faunal	2.5
faunally	0.0
faunas	2.0
faunlike	0.0
fauns	1.7
fauteuil	1.4
fauve	1.6
fauves	1.4
fauvism	1.5
fauvisms	0.0
fauvist	1.3
fauvists	0.0
faux	3.5
fava	2.3
favas	0.0
fave	3.1
favela	2.5
favelas	2.3
favella	0.0
favellas	0.0
faves	2.9
favism	0.0
favisms	0.0
favonian	0.0
favor	4.6
favored	3.8
favorer	0.0
favorers	0.0
favoring	3.2
favorite	5.0
favors	3.7
favour	4.3
favoured	3.5
favourer	0.0
favours	3.3
favus	0.0
favuses	0.0
fawn	3.0
fawned	1.9
fawner	0.0
fawners	0.0
fawnier	0.0
fawniest	0.0
fawning	2.6
fawnlike	0.0
fawns	2.2
fawny	0.0
fax	3.6
faxed	2.5
faxes	2.5
faxing	2.1
fay	3.3
fayalite	1.1
fayed	2.2
faying	0.0
fays	1.4
faze	2.9
fazed	2.3
fazenda	1.7
fazendas	0.0
fazes	1.6
fazing	0.0
feal	1.7
fealties	0.0
fealty	2.6
fear	5.0
feared	3.9
fearer	0.0
fearers	1.1
fearful	3.6
fearing	3.6
fearless	3.5
fears	4.2
fearsome	3.0
feasance	0.0
fease	0.0
feased	0.0
feases	0.0
feasible	3.7
feasibly	2.2
feasing	0.0
feast	4.0
feasted	2.4
feaster	1.8
feasters	0.0
feastful	0.0
feasting	2.9
feasts	3.0
feat	4.0
feater	0.0
featest	0.0
feather	3.7
feathers	3.8
feathery	2.5
featlier	0.0
featly	0.0
feats	3.2
feature	4.8
featured	4.4
features	4.9
feaze	0.0
feazed	0.0
feazes	0.0
feazing	0.0
febrific	0.0
febrile	2.5
fecal	3.0
feces	3.2
fecial	0.0
fecials	0.0
feck	2.2
feckless	2.5
feckly	0.0
fecks	0.0
fecula	0.0
feculae	0.0
feculent	1.1
fecund	2.0
fed	4.5
fedayee	0.0
fedayeen	1.7
federacy	0.0
federal	5.1
federals	2.3
federate	1.8
fedora	3.1
fedoras	2.1
feds	3.5
fee	4.5
feeble	3.2
feebler	1.1
feeblest	1.2
feeblish	0.0
feebly	2.1
feed	4.7
feedable	0.0
feedback	4.3
feedbag	1.1
feedbags	0.0
feedbox	0.0
feeder	3.5
feeders	3.1
feedhole	0.0
feeding	4.3
feedlot	2.0
feedlots	1.8
feeds	3.9
feeing	1.8
feel	5.7
feeler	2.1
feelers	2.4
feeless	0.0
feeling	5.1
feelings	4.7
feels	4.9
fees	4.5
feet	5.0
feetless	0.0
feeze	0.0
feezed	0.0
feezes	0.0
feezing	0.0
feh	2.0
fehs	0.0
feign	2.6
feigned	2.6
feigner	0.0
feigners	0.0
feigning	2.6
feigns	2.0
feijoa	1.1
feijoas	0.0
feint	2.5
feinted	1.5
feinting	1.5
feints	2.0
feirie	0.0
feist	2.2
feistier	1.1
feists	0.0
feisty	3.1
felafel	1.2
feldsher	0.0
feldspar	2.5
felicity	3.4
felid	1.3
felids	1.4
feline	3.1
felinely	0.0
felines	2.4
felinity	0.0
fell	4.8
fella	3.5
fellable	0.0
fellah	1.7
fellahin	1.3
fellahs	1.2
fellas	3.5
fellate	1.6
fellated	1.0
fellates	0.0
fellatio	2.5
fellator	0.0
felled	2.9
feller	2.7
fellers	2.2
fellest	0.0
fellies	0.0
felling	2.8
fellness	0.0
felloe	0.0
felloes	0.0
fellow	4.8
fellowed	0.0
fellowly	0.0
fellows	3.8
fells	2.6
felly	1.6
felon	3.2
felonies	3.0
felonry	0.0
felons	3.0
felony	3.8
felsite	0.0
felsites	0.0
felsitic	0.0
felspar	0.0
felspars	0.0
felstone	0.0
felt	5.1
felted	2.2
felting	2.0
feltings	0.0
feltlike	0.0
felts	2.1
felucca	1.4
feluccas	0.0
felwort	0.0
felworts	0.0
fem	2.9
female	5.0
females	4.4
feme	1.2
femes	0.0
feminacy	0.0
feminie	0.0
feminine	3.9
feminise	0.0
feminism	3.9
feminist	4.1
feminity	1.5
feminize	1.5
femme	3.2
femmes	2.7
femora	1.8
femoral	2.9
fems	2.0
femur	3.0
femurs	2.0
fen	2.8
fenagle	0.0
fenagled	0.0
fenagles	0.0
fence	4.2
fenced	3.2
fencer	2.4
fencerow	0.0
fencers	2.1
fences	3.6
fencible	1.1
fencing	3.6
fencings	0.0
fend	3.2
fended	2.2
fender	3.4
fendered	0.0
fenders	2.8
fending	2.6
fends	2.0
fenestra	1.8
fenland	1.9
fenlands	1.1
fennec	2.0
fennecs	1.1
fennel	3.0
fennels	0.0
fenny	1.7
fens	2.4
fenthion	0.0
fenuron	0.0
fenurons	0.0
feod	0.0
feodary	0.0
feods	0.0
feoff	0.0
feoffed	0.0
feoffee	1.1
feoffees	1.4
feoffer	0.0
feoffers	0.0
feoffing	0.0
feoffor	0.0
feoffors	0.0
feoffs	0.0
fer	3.1
feracity	0.0
feral	3.3
ferbam	0.0
ferbams	0.0
fere	1.5
feres	1.4
feretory	0.0
feria	2.2
feriae	0.0
ferial	1.3
ferias	1.4
ferine	0.0
ferities	0.0
ferity	0.0
ferlie	0.0
ferlies	0.0
ferly	0.0
fermata	1.3
fermatas	0.0
fermate	0.0
ferment	2.9
ferments	2.1
fermi	2.8
fermion	2.0
fermions	2.2
fermis	0.0
fermium	1.0
fermiums	0.0
fern	3.3
fernery	1.3
fernier	0.0
ferniest	0.0
fernless	0.0
fernlike	0.0
ferns	3.1
ferny	1.9
ferocity	2.9
ferrate	1.0
ferrates	0.0
ferrel	1.9
ferreled	0.0
ferrels	0.0
ferreous	0.0
ferret	3.0
ferreted	1.5
ferreter	0.0
ferrets	2.7
ferrety	0.0
ferriage	0.0
ferric	2.3
ferried	2.5
ferries	3.2
ferrite	2.3
ferrites	1.4
ferritic	1.6
ferritin	2.1
ferrous	2.8
ferrule	2.0
ferruled	0.0
ferrules	1.6
ferrum	1.9
ferrums	0.0
ferry	4.0
ferrying	2.5
ferryman	2.2
ferrymen	1.1
fertile	3.6
ferula	1.4
ferulae	0.0
ferulas	0.0
ferule	1.2
feruled	0.0
ferules	0.0
feruling	0.0
fervency	1.4
fervent	3.0
fervid	1.8
fervidly	0.0
fervor	3.0
fervors	0.0
fervour	2.8
fervours	0.0
fescue	2.2
fescues	1.1
fess	2.7
fesse	1.3
fessed	1.8
fesses	1.4
fessing	1.4
fesswise	0.0
festal	1.6
festally	0.0
fester	2.8
festered	1.9
festers	1.9
festival	4.7
festive	3.6
festoon	2.0
festoons	1.7
fet	2.7
feta	2.8
fetal	3.4
fetas	0.0
fetation	0.0
fetch	3.6
fetched	3.4
fetcher	1.5
fetchers	0.0
fetches	2.5
fetching	3.0
fete	2.7
feted	2.2
feterita	0.0
fetes	2.1
fetial	0.0
fetiales	0.0
fetialis	0.0
fetials	0.0
fetich	0.0
fetiches	0.0
feticide	1.5
fetid	2.3
fetidly	0.0
feting	1.1
fetish	3.6
fetishes	2.6
fetlock	1.6
fetlocks	1.3
fetology	0.0
fetor	0.0
fetors	0.0
fets	1.9
fetted	0.0
fetter	2.1
fettered	1.8
fetterer	0.0
fetters	2.2
fetting	1.2
fettle	2.0
fettled	0.0
fettles	0.0
fettling	1.1
fetus	3.6
fetuses	2.9
feu	2.7
feuar	0.0
feuars	0.0
feud	3.6
feudal	3.4
feudally	0.0
feudary	0.0
feuded	2.0
feuding	2.8
feudist	0.0
feudists	0.0
feuds	2.9
feued	0.0
feuing	0.0
feus	0.0
fever	4.2
fevered	2.4
feverfew	1.5
fevering	0.0
feverish	2.8
feverous	0.0
fevers	2.7
few	5.6
fewer	4.3
fewest	3.0
fewness	0.0
fewtrils	0.0
fey	3.0
feyer	1.2
feyest	0.0
feyly	0.0
feyness	0.0
fez	3.0
fezes	0.0
fezzed	0.0
fezzes	1.4
fiacre	1.5
fiacres	0.0
fiance	3.4
fiancee	3.2
fiancees	1.4
fiances	1.6
fiar	1.3
fiars	0.0
fiaschi	0.0
fiasco	3.3
fiascoes	1.1
fiascos	1.7
fiat	3.6
fiats	1.7
fib	2.7
fibbed	1.5
fibber	1.9
fibbers	1.2
fibbing	1.9
fiber	4.1
fibered	1.5
fiberize	0.0
fibers	3.6
fibranne	0.0
fibre	3.7
fibres	3.2
fibril	1.8
fibrilla	0.0
fibrils	2.3
fibrin	2.2
fibrins	0.0
fibroid	2.1
fibroids	2.3
fibroin	1.3
fibroins	0.0
fibroma	1.5
fibromas	1.1
fibroses	0.0
fibrosis	3.2
fibrotic	2.0
fibrous	2.9
fibs	2.0
fibula	2.6
fibulae	1.5
fibular	1.7
fibulas	1.1
fice	1.9
fices	0.0
fiche	1.7
fiches	1.1
fichu	0.0
fichus	0.0
ficin	0.0
ficins	0.0
fickle	3.1
fickler	0.0
ficklest	0.0
fickly	0.0
fico	2.7
ficoes	0.0
fictile	0.0
fiction	4.4
fictions	2.7
fictive	2.2
ficus	2.4
ficuses	0.0
fid	2.3
fiddle	3.4
fiddled	2.4
fiddler	2.8
fiddlers	2.2
fiddles	2.3
fiddling	2.9
fiddly	2.4
fideism	1.1
fideisms	0.0
fideist	0.0
fideists	0.0
fidelity	3.5
fidge	0.0
fidged	0.0
fidges	0.0
fidget	2.6
fidgeted	1.7
fidgeter	0.0
fidgets	1.8
fidgety	2.3
fidging	0.0
fido	2.6
fidos	0.0
fids	1.4
fiducial	1.7
fie	2.6
fief	2.4
fiefdom	2.3
fiefdoms	2.0
fiefs	2.2
field	5.2
fielded	3.0
fielder	3.2
fielders	2.5
fielding	3.5
fields	4.6
fiend	3.1
fiendish	2.5
fiends	2.8
fierce	3.9
fiercely	3.4
fiercer	2.3
fiercest	2.9
fierier	0.0
fieriest	0.0
fierily	0.0
fiery	3.6
fiesta	3.3
fiestas	2.2
fife	3.4
fifed	0.0
fifer	2.0
fifers	1.4
fifes	1.6
fifing	0.0
fifteen	4.1
fifteens	1.3
fifth	4.8
fifthly	1.6
fifths	3.0
fifties	3.2
fiftieth	2.6
fifty	4.3
fiftyish	0.0
fig	4.1
figeater	0.0
figged	0.0
figging	0.0
fight	5.2
fighter	4.3
fighters	4.2
fighting	4.9
fights	4.2
figment	2.6
figments	1.9
figs	3.4
figuline	0.0
figural	2.2
figurant	0.0
figurate	1.1
figure	5.1
figured	4.4
figurer	0.0
figurers	0.0
figures	4.7
figurine	2.9
figuring	3.7
figwort	0.0
figworts	0.0
fil	3.3
fila	2.5
filagree	1.1
filament	3.1
filar	1.2
filaree	0.0
filarees	0.0
filaria	1.2
filariae	0.0
filarial	1.5
filarian	0.0
filariid	0.0
filature	0.0
filbert	2.2
filberts	1.3
filch	2.0
filched	1.6
filcher	0.0
filchers	0.0
filches	0.0
filching	1.3
file	4.8
fileable	0.0
filed	4.5
filefish	0.0
filemot	0.0
filer	2.5
filers	2.3
files	4.5
filet	2.8
fileted	0.0
fileting	0.0
filets	1.9
filial	2.6
filially	0.0
filiate	0.0
filiated	0.0
filiates	0.0
filibeg	0.0
filibegs	0.0
filicide	1.4
filiform	1.8
filigree	2.6
filing	4.0
filings	3.2
filister	0.0
fill	4.6
fille	2.4
filled	4.7
filler	3.4
fillers	3.1
filles	2.1
fillet	3.0
filleted	2.0
fillets	2.7
fillies	2.7
filling	4.2
fillings	2.9
fillip	2.0
filliped	0.0
fillips	0.0
fillo	1.0
fillos	0.0
fills	3.7
filly	3.1
film	5.2
filmable	0.0
filmcard	0.0
filmdom	1.0
filmdoms	0.0
filmed	4.1
filmer	2.1
filmers	0.0
filmgoer	1.1
filmic	2.2
filmier	0.0
filmiest	0.0
filmily	0.0
filming	4.2
filmland	1.1
films	4.6
filmset	0.0
filmsets	0.0
filmy	2.1
filo	2.4
filos	1.1
filose	0.0
fils	2.4
filter	4.3
filtered	3.5
filterer	0.0
filters	3.9
filth	3.4
filthier	1.6
filthily	0.0
filths	0.0
filthy	3.8
filtrate	1.9
filum	1.2
fimble	0.0
fimbles	0.0
fimbria	1.4
fimbriae	1.2
fimbrial	0.0
fin	3.7
finable	0.0
finagle	1.8
finagled	1.4
finagler	0.0
finagles	0.0
final	5.3
finale	4.0
finales	2.4
finalis	1.1
finalise	2.5
finalism	0.0
finalist	3.5
finality	2.6
finalize	2.9
finally	5.2
finals	4.5
finance	4.7
financed	3.7
finances	3.9
finback	1.3
finbacks	0.0
finch	3.5
finches	2.5
find	5.8
findable	1.6
finder	3.3
finders	2.8
finding	4.8
findings	4.4
finds	4.6
fine	5.2
fineable	0.0
fined	3.7
finely	3.5
fineness	2.3
finer	3.4
fineries	1.1
finery	2.5
fines	3.8
finespun	0.0
finesse	3.2
finessed	2.0
finesses	1.5
finest	4.2
finfish	1.7
finfoot	0.0
finfoots	0.0
finger	4.5
fingered	3.1
fingerer	0.0
fingers	4.5
finial	2.1
finialed	0.0
finials	2.0
finical	1.6
finickin	0.0
finicky	2.5
finikin	0.0
finiking	0.0
fining	2.5
finings	0.0
finis	2.3
finises	0.0
finish	4.9
finished	4.9
finisher	3.1
finishes	3.9
finite	3.8
finitely	2.3
finites	0.0
finitude	1.7
fink	3.1
finked	0.0
finking	0.0
finks	2.0
finless	1.2
finlike	0.0
finmark	0.0
finmarks	0.0
finned	2.3
finnicky	0.0
finnier	0.0
finniest	0.0
finning	1.9
finnmark	1.8
finny	2.0
fino	2.3
finochio	0.0
finos	1.2
fins	3.4
fiord	1.9
fiords	1.4
fipple	0.0
fipples	0.0
fique	0.0
fiques	0.0
fir	3.5
fire	5.3
fireable	1.5
firearm	3.7
firearms	3.9
fireback	0.0
fireball	3.2
firebase	2.2
firebird	2.7
fireboat	1.4
firebomb	2.1
firebox	2.4
firebrat	0.0
firebug	2.1
firebugs	1.2
fireclay	1.7
fired	4.6
firedamp	1.6
firedog	0.0
firedogs	0.0
firefang	0.0
firefly	3.1
firehall	1.2
fireless	1.5
firelit	0.0
firelock	0.0
fireman	3.2
firemen	3.1
firepan	0.0
firepans	0.0
firepink	0.0
fireplug	1.2
firepot	0.0
firepots	0.0
firer	1.6
fireroom	0.0
firers	0.0
fires	4.2
fireside	2.7
firetrap	1.4
fireweed	1.6
firewood	3.2
firework	3.0
fireworm	1.0
firing	4.3
firings	2.6
firkin	1.8
firkins	1.5
firm	4.8
firman	2.1
firmans	1.1
firmed	2.2
firmer	3.0
firmers	0.0
firmest	1.9
firming	2.5
firmly	4.0
firmness	2.8
firms	4.4
firmware	3.2
firn	1.6
firns	0.0
firry	0.0
firs	2.8
first	6.1
firstly	3.7
firsts	3.0
firth	3.2
firths	1.2
fisc	2.1
fiscal	4.3
fiscally	2.8
fiscals	0.0
fiscs	0.0
fish	4.9
fishable	1.4
fishbolt	0.0
fishbone	2.1
fishbowl	2.4
fished	3.1
fisher	4.0
fishers	2.9
fishery	3.2
fishes	3.4
fisheye	2.4
fisheyes	0.0
fishgig	0.0
fishgigs	0.0
fishhook	1.9
fishier	1.0
fishiest	0.0
fishily	0.0
fishing	4.5
fishings	0.0
fishless	1.3
fishlike	1.1
fishline	0.0
fishmeal	1.8
fishnet	2.5
fishnets	2.2
fishpole	0.0
fishpond	1.8
fishtail	2.2
fishway	0.0
fishways	0.0
fishwife	1.4
fishworm	0.0
fishy	3.3
fissate	0.0
fissile	2.6
fission	3.1
fissions	1.3
fissiped	0.0
fissure	2.8
fissured	1.9
fissures	2.7
fist	3.9
fisted	2.7
fistful	2.6
fistfuls	1.7
fistic	0.0
fisting	2.6
fistnote	0.0
fists	3.4
fistula	2.6
fistulae	1.5
fistular	0.0
fistulas	1.9
fit	5.0
fitch	3.3
fitchee	0.0
fitches	0.0
fitchet	0.0
fitchets	0.0
fitchew	0.0
fitchews	0.0
fitchy	0.0
fitful	2.2
fitfully	2.0
fitly	1.5
fitment	2.1
fitments	1.5
fitness	4.4
fits	4.3
fittable	0.0
fitted	4.1
fitter	3.0
fitters	2.4
fittest	3.0
fitting	4.1
fittings	3.4
five	5.5
fivefold	2.3
fivepins	0.0
fiver	2.7
fivers	1.7
fives	3.1
fix	4.8
fixable	2.4
fixate	2.3
fixated	2.9
fixates	1.6
fixatif	0.0
fixatifs	0.0
fixating	2.1
fixation	3.3
fixative	1.9
fixed	4.7
fixedly	1.9
fixer	3.0
fixers	2.3
fixes	3.6
fixing	4.1
fixings	2.3
fixit	2.0
fixities	0.0
fixity	1.6
fixt	1.4
fixture	3.7
fixtures	3.8
fixure	0.0
fixures	0.0
fiz	2.2
fizgig	0.0
fizgigs	0.0
fizz	3.0
fizzed	1.6
fizzer	1.2
fizzers	0.0
fizzes	1.9
fizzier	0.0
fizziest	0.0
fizzing	2.1
fizzle	2.5
fizzled	2.5
fizzles	2.1
fizzling	1.9
fizzy	2.8
fjeld	1.1
fjelds	0.0
fjord	2.8
fjords	2.6
flab	2.3
flabbier	0.0
flabbily	0.0
flabby	2.7
flabella	0.0
flabs	0.0
flaccid	2.6
flack	3.0
flacked	0.0
flackery	0.0
flacking	0.0
flacks	1.7
flacon	1.2
flacons	0.0
flag	4.6
flagella	2.2
flagged	3.3
flagger	1.4
flaggers	1.5
flaggier	0.0
flagging	2.8
flaggy	1.3
flagless	0.0
flagman	1.6
flagmen	0.0
flagon	2.0
flagons	1.5
flagpole	2.6
flagrant	3.0
flags	4.1
flagship	3.8
flail	2.5
flailed	2.0
flailing	2.9
flails	2.1
flair	3.5
flairs	1.7
flak	3.1
flake	3.2
flaked	2.5
flaker	1.2
flakers	0.0
flakes	3.4
flakey	2.1
flakier	1.2
flakiest	1.1
flakily	0.0
flaking	2.5
flaky	2.9
flam	2.3
flambe	1.4
flambeau	2.0
flambee	0.0
flambeed	0.0
flambes	0.0
flame	4.1
flamed	2.6
flamen	1.3
flamenco	2.9
flamens	0.0
flameout	1.6
flamer	1.8
flamers	1.4
flames	4.0
flamier	0.0
flamiest	0.0
flamines	0.0
flaming	3.4
flamingo	3.1
flammed	0.0
flamming	1.2
flams	1.1
flamy	0.0
flan	2.5
flancard	0.0
flanerie	0.0
flanes	0.0
flaneur	1.3
flaneurs	0.0
flange	2.9
flanged	2.1
flanger	1.8
flangers	0.0
flanges	2.5
flanging	1.6
flank	3.6
flanked	3.3
flanken	0.0
flanker	2.7
flankers	2.3
flanking	3.0
flanks	3.1
flannel	3.2
flannels	2.3
flans	1.5
flap	3.5
flapjack	2.1
flapless	0.0
flapped	2.3
flapper	2.5
flappers	2.1
flappier	0.0
flapping	3.0
flappy	2.8
flaps	3.2
flare	3.6
flared	3.1
flares	3.3
flaring	2.7
flash	4.5
flashed	3.4
flasher	2.3
flashers	2.0
flashes	3.6
flashgun	1.2
flashier	2.0
flashily	0.0
flashing	3.7
flashy	3.2
flask	3.2
flasket	0.0
flaskets	0.0
flasks	2.6
flat	4.7
flatbed	2.6
flatbeds	1.4
flatboat	1.4
flatcap	0.0
flatcaps	0.0
flatcar	1.6
flatcars	1.3
flatfeet	0.0
flatfish	1.9
flatfoot	1.8
flathead	2.7
flatiron	2.4
flatland	2.1
flatlet	0.0
flatlets	0.0
flatling	0.0
flatlong	0.0
flatly	2.9
flatmate	2.5
flatness	2.4
flats	3.8
flatted	1.6
flatten	3.0
flattens	2.4
flatter	3.3
flatters	2.3
flattery	3.0
flattest	1.9
flatting	1.5
flattish	1.8
flattop	1.9
flattops	1.1
flatus	1.5
flatuses	0.0
flatware	2.2
flatwash	0.0
flatways	0.0
flatwise	0.0
flatwork	0.0
flatworm	1.7
flaunt	2.9
flaunted	2.3
flaunter	0.0
flaunts	2.6
flaunty	0.0
flautist	2.0
flavanol	0.0
flavin	2.2
flavine	0.0
flavines	0.0
flavins	0.0
flavone	1.3
flavones	1.4
flavonol	1.3
flavor	4.0
flavored	3.4
flavorer	0.0
flavors	3.6
flavory	0.0
flavour	3.7
flavours	3.4
flavoury	0.0
flaw	3.6
flawed	3.7
flawier	0.0
flawiest	0.0
flawing	0.0
flawless	3.6
flaws	3.9
flawy	0.0
flax	3.0
flaxen	2.0
flaxes	0.0
flaxier	0.0
flaxiest	0.0
flaxseed	2.4
flaxy	0.0
flay	2.5
flayed	2.4
flayer	1.4
flayers	1.1
flaying	2.0
flays	1.7
flea	3.4
fleabag	2.0
fleabags	0.0
fleabane	1.2
fleabite	0.0
fleam	0.0
fleams	0.0
fleapit	1.0
fleapits	0.0
fleas	3.1
fleawort	0.0
fleche	1.5
fleches	0.0
fleck	2.6
flecked	2.3
flecking	1.1
flecks	2.5
flecky	0.0
flection	0.0
fled	4.0
fledge	2.0
fledged	3.3
fledges	0.0
fledgier	0.0
fledging	2.1
fledgy	0.0
flee	3.8
fleece	3.4
fleeced	2.4
fleecer	0.0
fleecers	0.0
fleeces	2.1
fleech	0.0
fleeched	0.0
fleeches	0.0
fleecier	0.0
fleecily	0.0
fleecing	2.2
fleecy	1.8
fleeing	3.6
fleer	1.9
fleered	0.0
fleering	0.0
fleers	0.0
flees	2.9
fleet	4.3
fleeted	0.0
fleeter	1.1
fleetest	0.0
fleeting	3.3
fleetly	0.0
fleets	3.3
fleishig	0.0
flemish	3.1
flench	0.0
flenched	0.0
flenches	0.0
flense	0.0
flensed	0.0
flenser	0.0
flensers	0.0
flenses	0.0
flensing	1.1
flesh	4.2
fleshed	2.7
flesher	1.5
fleshers	0.0
fleshes	1.8
fleshier	1.1
fleshing	2.2
fleshly	2.0
fleshpot	0.0
fleshy	3.0
fletch	2.5
fletched	0.0
fletcher	3.8
fletches	0.0
fleury	2.9
flew	4.2
flews	0.0
flex	3.7
flexagon	0.0
flexed	2.8
flexes	2.5
flexible	4.1
flexibly	2.5
flexile	1.1
flexing	3.1
flexion	2.6
flexions	0.0
flexor	2.5
flexors	2.2
flextime	1.3
flexuose	0.0
flexuous	1.4
flexural	2.0
flexure	1.9
flexures	1.1
fley	0.0
fleyed	0.0
fleying	0.0
fleys	0.0
flic	1.9
flichter	0.0
flick	3.6
flicked	2.9
flicker	3.1
flickers	2.4
flickery	0.0
flicking	2.9
flicks	3.1
flics	1.4
flied	2.0
flier	2.9
fliers	3.0
flies	4.1
fliest	0.0
flight	4.9
flighted	1.8
flights	4.2
flighty	2.4
flimflam	1.5
flimsier	1.4
flimsies	0.0
flimsily	1.1
flimsy	3.1
flinch	2.9
flinched	2.5
flincher	0.0
flinches	1.9
flinder	0.0
flinders	3.0
fling	3.3
flinger	1.2
flingers	0.0
flinging	2.7
flings	2.7
flinkite	0.0
flint	3.8
flinted	0.0
flintier	0.0
flintily	0.0
flinting	0.0
flints	2.1
flinty	2.0
flip	4.2
flippant	2.6
flipped	3.6
flipper	2.8
flippers	2.7
flippest	0.0
flipping	3.6
flippy	2.0
flips	3.3
flirt	3.5
flirted	2.8
flirter	0.0
flirters	0.0
flirtier	0.0
flirting	3.6
flirts	2.8
flirty	3.0
flit	2.5
flitch	1.6
flitched	0.0
flitches	0.0
flite	1.8
flited	0.0
flites	0.0
fliting	0.0
flits	2.0
flitted	2.0
flitter	1.8
flitters	0.0
flitting	2.4
flivver	1.4
flivvers	0.0
float	3.9
floatage	0.0
floated	3.4
floatel	0.0
floatels	0.0
floater	2.6
floaters	2.3
floatier	0.0
floating	4.2
floats	3.5
floaty	2.4
floc	1.8
flocced	0.0
flocci	0.0
floccing	0.0
floccose	0.0
floccule	0.0
flocculi	0.0
floccus	0.0
flock	3.7
flocked	2.9
flockier	0.0
flocking	2.9
flocks	3.0
flocky	0.0
flocs	1.3
floe	2.1
floes	2.2
flog	2.7
flogged	2.7
flogger	1.8
floggers	1.3
flogging	2.9
flogs	1.6
flokati	0.0
flokatis	0.0
flong	0.0
flongs	0.0
flood	4.3
flooded	3.8
flooder	0.0
flooders	0.0
flooding	4.0
floodlit	2.1
floods	3.8
floodway	1.8
flooey	0.0
flooie	0.0
floor	4.9
floorage	0.0
floored	2.9
floorer	0.0
floorers	0.0
flooring	3.3
floors	4.0
floosie	0.0
floosies	0.0
floosy	0.0
floozie	1.1
floozies	1.5
floozy	1.8
flop	3.6
flopover	0.0
flopped	3.0
flopper	1.9
floppers	1.3
floppier	1.0
floppies	1.9
floppily	0.0
flopping	2.8
floppy	3.2
flops	3.3
flora	3.7
florae	1.2
floral	3.8
florally	0.0
florals	2.4
floras	1.8
florence	4.0
floret	1.8
florets	2.5
florid	2.4
floridly	1.2
florigen	0.0
florin	2.4
florins	2.3
florist	3.0
florists	2.6
floruit	1.1
floruits	0.0
floss	3.2
flossed	1.7
flosses	1.4
flossie	2.0
flossier	0.0
flossies	0.0
flossily	0.0
flossing	2.6
flossy	1.8
flota	1.4
flotage	0.0
flotages	0.0
flotas	0.0
flotilla	2.9
flotsam	2.4
flotsams	0.0
flounce	1.9
flounced	1.6
flounces	1.7
flouncy	1.6
flounder	2.8
flour	4.0
floured	2.3
flouring	1.3
flourish	3.5
flours	2.4
floury	1.8
flout	2.2
flouted	2.2
flouter	0.0
flouters	0.0
flouting	2.2
flouts	1.6
flow	4.7
flowage	1.7
flowages	0.0
flowed	3.3
flower	4.4
flowered	2.8
flowerer	0.0
floweret	0.0
flowers	4.6
flowery	2.9
flowing	4.0
flown	3.8
flows	4.1
flu	4.0
flub	2.2
flubbed	1.9
flubber	1.8
flubbers	0.0
flubbing	1.4
flubdub	0.0
flubdubs	0.0
flubs	1.8
flue	2.8
flued	0.0
fluency	3.0
fluent	3.5
fluently	2.9
flueric	0.0
fluerics	0.0
flues	1.9
fluff	3.2
fluffed	2.3
fluffier	1.9
fluffily	0.0
fluffing	2.1
fluffs	1.9
fluffy	3.6
fluid	4.2
fluidal	0.0
fluidic	1.9
fluidics	1.3
fluidise	0.0
fluidity	2.9
fluidize	0.0
fluidly	2.2
fluidram	0.0
fluids	3.7
fluke	3.1
fluked	1.4
flukes	2.2
flukey	1.5
flukier	0.0
flukiest	0.0
fluking	0.0
fluky	1.6
flume	2.8
flumed	0.0
flumes	1.8
fluming	0.0
flummery	1.4
flummox	1.3
flump	1.1
flumped	0.0
flumping	0.0
flumps	1.0
flung	3.3
flunk	2.2
flunked	2.4
flunker	0.0
flunkers	0.0
flunkey	1.2
flunkeys	1.2
flunkies	1.9
flunking	1.9
flunks	1.5
flunky	2.0
fluor	2.2
fluorene	1.2
fluoric	0.0
fluorid	0.0
fluoride	3.2
fluorids	0.0
fluorin	0.0
fluorine	2.7
fluorins	0.0
fluorite	2.3
fluors	0.0
flurried	1.1
flurries	2.4
flurry	3.1
flus	1.6
flush	3.8
flushed	3.3
flusher	1.6
flushers	1.0
flushes	2.7
flushest	0.0
flushing	3.4
fluster	1.8
flusters	0.0
flute	3.5
fluted	2.6
fluter	0.0
fluters	0.0
flutes	2.8
flutey	1.0
flutier	0.0
flutiest	0.0
fluting	1.8
flutings	1.0
flutist	2.1
flutists	1.3
flutter	3.1
flutters	2.4
fluttery	1.8
fluty	0.0
fluvial	2.4
flux	3.6
fluxed	0.0
fluxes	2.5
fluxgate	1.3
fluxing	1.4
fluxion	0.0
fluxions	1.2
fluyt	0.0
fluyts	0.0
fly	4.8
flyable	1.8
flyaway	2.0
flyaways	1.3
flybelt	0.0
flybelts	0.0
flyblew	0.0
flyblow	0.0
flyblown	0.0
flyblows	0.0
flyboat	0.0
flyboats	0.0
flyboy	1.6
flyboys	1.5
flyby	2.5
flybys	1.9
flyer	3.6
flyers	3.7
flying	4.7
flyings	0.0
flyleaf	1.9
flyless	0.0
flyman	1.0
flymen	0.0
flyoff	0.0
flyoffs	0.0
flyover	2.8
flyovers	2.0
flypaper	1.6
flypast	1.9
flypasts	0.0
flysch	1.5
flysches	0.0
flyspeck	1.3
flyte	1.8
flyted	0.0
flytes	0.0
flytier	0.0
flytiers	0.0
flyting	1.2
flytings	0.0
flytrap	2.0
flytraps	1.4
flyway	2.0
flyways	1.3
flywheel	2.8
foal	2.8
foaled	2.1
foaling	1.6
foals	2.6
foam	3.8
foamable	0.0
foamed	2.3
foamer	1.0
foamers	0.0
foamier	0.0
foamiest	0.0
foamily	0.0
foaming	3.0
foamless	0.0
foamlike	0.0
foams	2.8
foamy	2.4
fob	3.1
fobbed	1.9
fobbing	1.5
fobs	2.2
focaccia	2.1
focal	3.7
focalise	0.0
focalize	0.0
focally	1.3
foci	2.4
focus	5.0
focused	4.7
focuser	1.4
focusers	0.0
focuses	4.1
focusing	4.2
focussed	3.1
focusses	2.2
fodder	3.4
foddered	0.0
fodders	1.6
fodgel	0.0
foe	3.5
foehn	1.5
foehns	0.0
foeman	0.0
foemen	0.0
foes	3.4
foetal	2.6
foetid	1.3
foetor	0.0
foetors	0.0
foetus	2.8
foetuses	2.0
fog	3.9
fogbound	1.1
fogbow	0.0
fogbows	0.0
fogdog	0.0
fogdogs	0.0
fogey	1.7
fogeys	1.3
fogfruit	0.0
foggage	0.0
foggages	0.0
fogged	2.3
fogger	1.4
foggers	1.2
foggier	0.0
foggiest	1.9
foggily	0.0
fogging	2.2
foggy	3.2
foghorn	2.3
foghorns	1.3
fogie	0.0
fogies	1.5
fogless	0.0
fogs	2.3
fogy	1.2
fogyish	0.0
fogyism	0.0
fogyisms	0.0
foh	2.5
fohn	0.0
fohns	0.0
foible	1.6
foibles	2.5
foil	3.8
foilable	0.0
foiled	3.0
foiling	2.3
foils	2.8
foilsman	0.0
foilsmen	0.0
foin	1.2
foined	0.0
foining	0.0
foins	0.0
foison	0.0
foisons	0.0
foist	2.1
foisted	2.3
foisting	1.8
foists	1.1
folacin	0.0
folacins	0.0
folate	2.6
folates	1.2
fold	4.1
foldable	2.6
foldaway	1.5
foldboat	0.0
folded	3.8
folder	3.7
folderol	1.2
folders	3.2
folding	3.7
foldout	1.7
foldouts	0.0
folds	3.4
folia	1.9
foliage	3.4
foliaged	1.0
foliages	0.0
foliar	2.1
foliate	1.8
foliated	1.8
foliates	0.0
folio	3.1
folioed	0.0
folioing	0.0
folios	2.3
foliose	1.2
folious	0.0
folium	1.4
foliums	0.0
folk	4.2
folkie	1.4
folkies	1.2
folkish	1.4
folklife	2.0
folklike	0.0
folklore	3.5
folkmoot	0.0
folkmot	0.0
folkmote	0.0
folkmots	0.0
folks	4.6
folksier	0.0
folksily	0.0
folksy	2.4
folktale	2.2
folkway	0.0
folkways	2.1
folky	1.9
folles	1.8
follicle	2.8
follies	2.9
follis	1.5
follow	5.1
followed	5.0
follower	3.6
follows	4.8
folly	3.3
foment	2.4
fomented	2.2
fomenter	0.0
foments	1.5
fomite	0.0
fomites	1.4
fon	2.5
fond	3.9
fondant	2.6
fondants	1.1
fonded	0.0
fonder	2.3
fondest	2.5
fonding	0.0
fondle	2.5
fondled	2.3
fondler	0.0
fondlers	0.0
fondles	1.6
fondling	2.5
fondly	3.2
fondness	3.1
fonds	2.2
fondu	1.3
fondue	2.6
fondues	1.1
fondus	0.0
fons	2.2
font	3.8
fontal	0.0
fontanel	1.4
fontina	1.6
fontinas	0.0
fonts	3.2
food	5.4
foodie	3.1
foodies	2.7
foodless	1.1
foods	4.4
foodways	1.7
foofaraw	0.0
fool	4.3
fooled	3.6
foolery	2.0
foolfish	0.0
fooling	3.3
foolish	3.9
fools	3.9
foolscap	1.5
foot	4.9
footage	4.3
footages	2.0
football	5.1
footbath	1.2
footboy	0.0
footboys	0.0
footed	3.3
footer	3.1
footers	2.3
footfall	2.3
footgear	1.4
foothill	2.5
foothold	3.1
footie	2.2
footier	0.0
footies	1.3
footiest	0.0
footing	3.5
footings	2.3
footle	0.0
footled	0.0
footler	0.0
footlers	0.0
footles	0.0
footless	1.6
footlike	0.0
footling	1.4
footman	2.5
footmark	0.0
footmen	2.1
footnote	3.2
footpace	0.0
footpad	1.5
footpads	1.7
footpath	3.0
footrace	1.7
footrest	1.8
footrope	0.0
foots	2.2
footsie	2.1
footsies	1.7
footslog	0.0
footsore	1.1
footstep	2.3
footsy	0.0
footwall	1.3
footway	1.6
footways	1.3
footwear	3.4
footwork	3.1
footworn	0.0
footy	3.1
foozle	0.0
foozled	0.0
foozler	0.0
foozlers	0.0
foozles	0.0
foozling	0.0
fop	2.4
fopped	0.0
foppery	0.0
fopping	0.0
foppish	1.8
fops	1.5
for	7.0
fora	2.7
forage	3.1
foraged	2.3
forager	2.0
foragers	2.3
forages	2.2
foraging	3.1
foram	1.4
foramen	2.4
foramens	0.0
foramina	1.9
forams	1.2
foray	3.0
forayed	1.3
forayer	0.0
forayers	0.0
foraying	0.0
forays	2.6
forb	1.6
forbad	1.4
forbade	3.0
forbear	2.0
forbears	1.7
forbid	3.7
forbidal	0.0
forbids	3.1
forbode	0.0
forboded	0.0
forbodes	0.0
forbore	1.2
forborne	0.0
forbs	1.8
forby	1.2
forbye	0.0
force	5.2
forced	4.8
forcedly	0.0
forceful	3.2
forceps	2.6
forcer	1.2
forcers	0.0
forces	5.0
forcible	2.8
forcibly	3.5
forcing	4.2
forcipes	0.0
ford	4.5
fordable	1.4
forded	1.7
fordid	0.0
fording	2.0
fordless	0.0
fordo	1.2
fordoes	0.0
fordoing	0.0
fordone	0.0
fords	2.7
fore	3.5
forearm	3.3
forearms	2.8
forebay	1.5
forebays	0.0
forebear	1.9
forebode	1.1
forebody	0.0
foreboom	0.0
foreby	0.0
forebye	0.0
forecast	4.1
foredate	0.0
foredeck	1.8
foredid	0.0
foredo	0.0
foredoes	0.0
foredone	0.0
foredoom	0.0
foreface	0.0
forefeel	0.0
forefeet	1.3
forefelt	0.0
forefend	0.0
forefoot	2.1
forego	2.8
foregoer	0.0
foregoes	1.3
foregone	2.8
foregut	1.5
foreguts	0.0
forehand	2.7
forehead	3.9
forehoof	0.0
foreign	5.1
foreknew	1.2
foreknow	0.0
forelady	0.0
foreland	2.1
foreleg	1.9
forelegs	2.1
forelimb	1.8
forelock	1.8
foreman	3.6
foremast	1.9
foremen	2.1
foremilk	0.0
foremost	3.8
forename	1.6
forenoon	1.8
forensic	3.8
forepart	1.2
forepast	0.0
forepaw	1.2
forepaws	1.4
forepeak	1.2
foreplay	3.0
foreran	0.0
forerank	0.0
forerun	0.0
foreruns	0.0
fores	1.7
foresaid	1.1
foresail	1.5
foresaw	2.7
foresee	3.2
foreseen	3.0
foreseer	0.0
foresees	2.4
foreshow	0.0
foreside	0.0
foreskin	2.7
forest	4.7
forestal	1.5
forestay	1.4
forested	3.0
forester	3.0
forestry	3.7
forests	4.1
foretell	2.3
foretime	0.0
foretold	2.8
foretop	1.1
foretops	0.0
forever	4.7
forevers	1.5
forewarn	1.7
forewent	1.2
forewing	2.2
foreword	3.1
foreworn	0.0
foreyard	0.0
forfeit	3.3
forfeits	2.3
forfend	1.6
forfends	0.0
forgat	0.0
forgave	3.0
forge	3.8
forged	3.7
forger	2.5
forgers	2.1
forgery	3.2
forges	2.7
forget	5.1
forgets	3.4
forging	3.3
forgings	2.0
forgive	4.2
forgiven	3.7
forgiver	1.4
forgives	3.0
forgo	3.0
forgoer	0.0
forgoers	0.0
forgoes	1.9
forgoing	2.4
forgone	2.2
forgot	4.6
forint	1.8
forints	1.9
forjudge	0.0
fork	4.0
forkball	0.0
forked	3.0
forkedly	0.0
forker	1.1
forkers	0.0
forkful	1.6
forkfuls	0.0
forkier	0.0
forkiest	0.0
forking	2.6
forkless	0.0
forklift	2.9
forklike	0.0
forks	3.5
forksful	0.0
forky	1.3
forlorn	2.8
form	5.3
formable	1.4
formal	4.5
formalin	2.1
formally	4.0
formals	1.8
formant	1.8
formants	1.3
format	4.5
formate	2.1
formates	0.0
formats	3.8
forme	2.4
formed	4.7
formee	0.0
former	5.3
formerly	4.2
formers	2.5
formes	1.9
formful	0.0
formic	2.2
forming	4.2
formless	2.5
formol	0.0
formols	0.0
forms	4.7
formula	4.5
formulae	2.8
formulas	3.4
formwork	2.1
formyl	1.6
formyls	0.0
fornical	0.0
fornices	0.0
fornix	1.6
forrader	0.0
forrit	0.0
forsake	2.9
forsaken	3.2
forsaker	0.0
forsakes	1.8
forsook	2.0
forsooth	1.7
forspent	0.0
forswear	1.7
forswore	1.2
forsworn	1.9
fort	4.5
forte	3.2
fortes	2.1
forth	4.4
forties	3.0
fortieth	2.3
fortify	2.9
fortis	2.5
fortress	3.8
forts	3.2
fortuity	1.1
fortune	4.3
fortuned	0.0
fortunes	3.6
forty	4.2
fortyish	1.1
forum	4.4
forums	3.9
forward	5.1
forwards	3.8
forwent	1.2
forwhy	0.0
forworn	0.0
forzando	0.0
foss	2.9
fossa	2.6
fossae	1.8
fossas	0.0
fossate	0.0
fosse	2.4
fosses	1.2
fossette	0.0
fossick	0.0
fossicks	0.0
fossil	4.0
fossils	3.5
foster	4.3
fostered	3.2
fosterer	0.0
fosters	3.1
fou	2.6
fouette	0.0
fouettes	0.0
fought	4.5
foughten	0.0
foul	4.0
foulard	1.4
foulards	0.0
fouled	3.1
fouler	1.6
foulest	2.0
fouling	2.9
foulings	0.0
foully	1.5
foulness	1.9
fouls	3.1
found	5.7
founded	4.5
founder	4.5
founders	3.8
founding	4.0
foundry	3.3
founds	2.4
fount	2.3
fountain	3.9
founts	1.1
four	5.5
fourchee	0.0
fourfold	2.4
fourgon	0.0
fourgons	0.0
fourplex	1.1
fours	3.2
foursome	2.8
fourteen	3.9
fourth	4.8
fourthly	2.1
fourths	2.8
fovea	2.0
foveae	0.0
foveal	1.6
foveas	0.0
foveate	0.0
foveated	0.0
foveola	0.0
foveolae	0.0
foveolar	0.0
foveolas	0.0
foveole	0.0
foveoles	0.0
foveolet	0.0
fowl	3.0
fowled	0.0
fowler	3.6
fowlers	1.6
fowling	1.6
fowlings	0.0
fowlpox	0.0
fowls	2.2
fox	4.7
foxed	1.8
foxes	3.4
foxfire	1.8
foxfires	0.0
foxfish	0.0
foxglove	2.1
foxhole	2.2
foxholes	2.0
foxhound	1.8
foxhunt	1.0
foxhunts	0.0
foxier	0.0
foxiest	0.0
foxily	0.0
foxiness	0.0
foxing	1.8
foxings	0.0
foxlike	0.0
foxskin	0.0
foxskins	0.0
foxtail	2.0
foxtails	0.0
foxtrot	2.6
foxtrots	1.3
foxy	3.0
foy	2.8
foyer	3.1
foyers	2.0
foys	1.2
fozier	0.0
foziest	0.0
foziness	0.0
fozy	0.0
frabjous	1.2
fracas	2.4
fracases	0.0
fractal	3.0
fractals	2.5
fracted	0.0
fracti	0.0
fraction	4.0
fractur	0.0
fracture	3.7
fracturs	0.0
fractus	0.0
frae	2.0
fraena	0.0
fraenum	0.0
fraenums	0.0
frag	2.5
fragged	1.6
fragging	1.6
fragile	3.9
fragment	3.5
fragrant	3.2
frags	1.9
frail	3.3
frailer	1.4
frailest	1.2
frailly	0.0
frails	0.0
frailty	2.7
fraise	1.4
fraises	1.1
fraktur	1.3
frakturs	0.0
framable	0.0
frame	4.6
framed	3.9
framer	2.1
framers	2.5
frames	4.0
framing	3.6
framings	1.4
franc	3.1
francium	1.3
francs	3.5
frank	4.8
franked	2.1
franker	1.1
frankers	0.0
frankest	0.0
franking	2.2
franklin	4.2
frankly	4.0
franks	3.2
frantic	3.3
frap	2.1
frappe	2.0
frapped	0.0
frappes	1.3
frapping	0.0
fraps	1.8
frass	1.8
frasses	0.0
frat	3.2
frater	2.0
fraters	0.0
frats	1.9
fraud	4.4
frauds	3.0
fraught	3.1
fraughts	0.0
fraulein	2.0
fray	3.3
frayed	2.8
fraying	2.3
frayings	0.0
frays	1.7
frazil	1.2
frazils	0.0
frazzle	1.6
frazzled	2.5
frazzles	1.1
freak	4.1
freaked	3.5
freakier	1.6
freakily	0.0
freaking	4.0
freakish	2.5
freakout	2.2
freaks	3.6
freaky	3.4
freckle	2.4
freckled	2.4
freckles	3.0
freckly	1.4
free	5.6
freebase	1.7
freebee	1.3
freebees	0.0
freebie	2.9
freebies	3.0
freeboot	0.0
freeborn	2.1
freed	3.9
freedman	3.0
freedmen	2.5
freedom	4.9
freedoms	3.6
freeform	2.5
freehand	2.5
freehold	2.9
freeing	3.4
freeload	1.4
freely	4.1
freeman	3.8
freemen	2.5
freeness	1.6
freer	3.0
freers	0.0
frees	3.2
freesia	1.9
freesias	1.5
freest	2.1
freeway	3.6
freeways	2.9
freewill	2.2
freeze	4.1
freezer	3.7
freezers	2.6
freezes	3.3
freezing	4.0
freight	4.0
freights	1.8
fremd	1.3
fremitus	0.0
frena	1.1
french	5.1
frenched	1.2
frenches	1.1
frenetic	2.7
frenula	0.0
frenulum	1.8
frenum	1.2
frenums	0.0
frenzied	2.8
frenzies	1.8
frenzily	0.0
frenzy	3.4
frequent	4.3
frere	2.4
freres	1.8
fresco	3.1
frescoed	1.9
frescoer	0.0
frescoes	2.8
frescos	2.0
fresh	4.8
freshed	0.0
freshen	2.9
freshens	1.6
fresher	3.0
freshes	0.0
freshest	2.8
freshet	1.3
freshets	0.0
freshing	0.0
freshly	3.6
freshman	4.0
freshmen	3.4
fresnel	2.4
fresnels	0.0
fret	3.3
fretful	2.0
fretless	2.0
frets	2.6
fretsaw	0.0
fretsaws	0.0
fretsome	0.0
fretted	2.6
fretter	1.1
fretters	0.0
frettier	0.0
fretting	2.8
fretty	1.0
fretwork	1.9
friable	2.0
friar	3.0
friaries	0.0
friarly	0.0
friars	2.9
friary	2.0
fribble	0.0
fribbled	0.0
fribbler	0.0
fribbles	0.0
fricando	0.0
friction	3.7
fridge	4.0
fridges	2.7
fried	4.1
friend	5.4
friended	2.0
friendly	4.6
friends	5.4
frier	1.8
friers	1.3
fries	3.8
frieze	2.8
friezes	2.1
frig	2.3
frigate	3.1
frigates	2.8
frigged	0.0
frigging	2.6
fright	3.3
frighted	1.4
frighten	3.1
frights	1.9
frigid	3.0
frigidly	1.1
frigs	0.0
frijol	0.0
frijole	0.0
frijoles	1.8
frill	2.3
frilled	2.0
friller	0.0
frillers	0.0
frillier	0.0
frilling	0.0
frills	2.9
frilly	2.5
fringe	3.9
fringed	2.8
fringes	3.2
fringier	0.0
fringing	2.2
fringy	1.1
frippery	1.6
frise	1.9
frises	0.0
frisette	0.0
friseur	0.0
friseurs	0.0
frisk	2.9
frisked	2.2
frisker	0.0
friskers	0.0
frisket	1.0
friskets	0.0
friskier	0.0
friskily	0.0
frisking	1.9
frisks	1.4
frisky	2.7
frisson	2.2
frissons	0.0
frit	1.9
frith	2.6
friths	0.0
frits	2.0
fritt	0.0
frittata	2.2
fritted	1.1
fritter	2.3
fritters	2.5
fritting	0.0
fritts	1.6
fritz	3.4
fritzes	0.0
frivol	0.0
frivoled	0.0
frivoler	0.0
frivols	0.0
friz	2.0
frized	0.0
frizer	1.2
frizers	0.0
frizes	0.0
frizette	0.0
frizing	0.0
frizz	2.4
frizzed	1.3
frizzer	0.0
frizzers	0.0
frizzes	0.0
frizzier	0.0
frizzily	0.0
frizzing	1.1
frizzle	1.9
frizzled	1.7
frizzler	0.0
frizzles	0.0
frizzly	0.0
frizzy	2.6
fro	3.3
frock	2.9
frocked	1.3
frocking	0.0
frocks	2.4
froe	1.1
froes	0.0
frog	3.9
frogeye	0.0
frogeyed	0.0
frogeyes	0.0
frogfish	1.4
frogged	1.6
froggier	0.0
frogging	1.7
froggy	2.5
froglike	0.0
frogman	1.9
frogmen	1.8
frogs	3.6
frolic	2.7
frolicky	0.0
frolics	2.1
from	6.6
fromage	2.1
fromages	0.0
fromenty	0.0
frond	2.2
fronded	0.0
frondeur	0.0
frondose	0.0
fronds	2.5
frons	1.8
front	5.3
frontage	3.0
frontal	3.5
frontals	1.8
fronted	3.1
fronter	1.0
frontes	0.0
frontier	4.0
fronting	3.0
frontlet	0.0
fronton	1.3
frontons	0.0
fronts	3.6
frore	0.0
frosh	2.3
frost	4.0
frostbit	0.0
frosted	3.0
frosteds	0.0
frostier	0.0
frostily	1.2
frosting	3.0
frosts	2.5
frosty	3.2
froth	2.8
frothed	1.7
frothier	0.0
frothily	0.0
frothing	2.5
froths	1.4
frothy	2.6
frottage	1.5
frotteur	0.0
froufrou	1.0
frounce	0.0
frounced	0.0
frounces	0.0
frouzier	0.0
frouzy	0.0
frow	1.7
froward	1.5
frown	3.3
frowned	3.2
frowner	0.0
frowners	0.0
frowning	2.7
frowns	2.7
frows	0.0
frowsier	0.0
frowst	0.0
frowsted	0.0
frowsts	0.0
frowsty	0.0
frowsy	0.0
frowzier	0.0
frowzily	0.0
frowzy	0.0
froze	3.4
frozen	4.3
frozenly	0.0
fructify	1.1
fructose	3.0
frug	1.4
frugal	3.1
frugally	2.1
frugged	0.0
frugging	0.0
frugs	0.0
fruit	4.6
fruitage	0.0
fruited	2.1
fruiter	0.0
fruiters	0.0
fruitful	3.3
fruitier	1.5
fruitily	0.0
fruiting	2.6
fruition	3.2
fruitlet	0.0
fruits	4.1
fruity	3.3
frumenty	0.0
frump	1.7
frumpier	0.0
frumpily	0.0
frumpish	0.0
frumps	0.0
frumpy	2.3
frusta	0.0
frustule	0.0
frustum	1.6
frustums	0.0
fry	3.9
fryer	3.0
fryers	2.2
frying	3.4
frypan	1.3
frypans	0.0
fub	1.4
fubbed	0.0
fubbing	0.0
fubs	0.0
fubsier	0.0
fubsiest	0.0
fubsy	0.0
fuchsia	2.7
fuchsias	1.6
fuchsin	0.0
fuchsine	0.0
fuchsins	0.0
fuci	0.0
fuck	5.4
fucked	4.6
fucker	3.7
fuckers	3.4
fucking	5.3
fucks	3.9
fuckup	2.3
fuckups	1.8
fucoid	0.0
fucoidal	0.0
fucoids	0.0
fucose	1.6
fucoses	0.0
fucous	0.0
fucus	1.6
fucuses	0.0
fud	2.2
fuddle	1.5
fuddled	1.3
fuddles	0.0
fuddling	0.0
fudge	3.3
fudged	2.2
fudges	1.6
fudging	2.2
fuds	1.2
fuehrer	2.0
fuehrers	0.0
fuel	4.7
fueled	3.6
fueler	1.1
fuelers	0.0
fueling	3.1
fuelled	3.0
fueller	0.0
fuellers	0.0
fuelling	2.6
fuels	3.8
fuelwood	1.4
fug	2.2
fugacity	1.4
fugal	1.7
fugally	0.0
fugato	1.4
fugatos	0.0
fugged	0.0
fuggier	0.0
fuggiest	0.0
fuggily	0.0
fugging	1.1
fuggy	0.0
fugio	0.0
fugios	0.0
fugitive	3.5
fugle	0.0
fugled	0.0
fugleman	0.0
fuglemen	0.0
fugles	0.0
fugling	0.0
fugs	1.4
fugu	1.9
fugue	2.7
fugued	0.0
fugues	1.9
fuguing	0.0
fuguist	0.0
fuguists	0.0
fugus	0.0
fuhrer	2.5
fuhrers	0.0
fuji	3.2
fujis	0.0
fulcra	0.0
fulcrum	2.8
fulcrums	1.0
fulfil	3.5
fulfill	3.9
fulfills	2.9
fulfils	2.5
fulgent	0.0
fulgid	0.0
fulham	3.4
fulhams	0.0
full	5.5
fullam	1.2
fullams	0.0
fullback	3.2
fulled	1.5
fuller	3.8
fullered	0.0
fullers	1.9
fullery	0.0
fullest	3.5
fullface	0.0
fulling	1.9
fullness	3.0
fulls	1.8
fully	4.9
fulmar	1.6
fulmars	1.5
fulmine	0.0
fulmined	0.0
fulmines	0.0
fulminic	0.0
fulness	2.0
fulsome	2.1
fulvous	1.9
fumarase	1.0
fumarate	2.0
fumaric	1.5
fumarole	1.4
fumatory	0.0
fumble	3.4
fumbled	3.0
fumbler	0.0
fumblers	0.0
fumbles	2.9
fumbling	2.8
fume	2.6
fumed	2.2
fumeless	0.0
fumelike	0.0
fumer	0.0
fumers	0.0
fumes	3.3
fumet	0.0
fumets	0.0
fumette	0.0
fumettes	0.0
fumier	0.0
fumiest	0.0
fumigant	1.5
fumigate	1.9
fuming	3.0
fumingly	0.0
fumitory	0.0
fumuli	0.0
fumulus	0.0
fumy	0.0
fun	5.3
function	4.8
functor	2.1
functors	1.9
fund	4.8
funded	4.3
fundi	1.6
fundic	0.0
funding	4.6
funds	4.7
fundus	2.0
funeral	4.4
funerals	3.3
funerary	2.5
funereal	2.1
funest	0.0
funfair	2.2
funfairs	1.3
fungal	3.3
fungals	0.0
fungi	3.5
fungible	2.2
fungic	0.0
fungo	1.3
fungoes	0.0
fungoid	1.3
fungoids	0.0
fungous	0.0
fungus	3.5
funguses	0.0
funicle	0.0
funicles	0.0
funiculi	1.2
funk	3.7
funked	1.6
funker	1.2
funkers	0.0
funkia	0.0
funkias	0.0
funkier	1.8
funkiest	1.7
funking	1.4
funks	1.6
funky	3.6
funned	0.0
funnel	3.5
funneled	2.7
funnels	2.8
funner	2.0
funnest	2.3
funnier	3.4
funnies	2.4
funniest	3.6
funnily	2.7
funning	1.2
funny	5.0
funnyman	1.8
funnymen	0.0
funs	1.7
fur	4.0
furan	1.8
furane	0.0
furanes	0.0
furanose	0.0
furans	1.6
furbelow	0.0
furbish	1.3
furcate	1.2
furcated	0.0
furcates	0.0
furcraea	0.0
furcula	1.2
furculae	0.0
furcular	0.0
furculum	0.0
furfur	1.0
furfural	1.5
furfuran	0.0
furfures	0.0
furibund	0.0
furies	2.5
furioso	1.9
furious	4.0
furl	1.7
furlable	0.0
furled	1.7
furler	1.8
furlers	0.0
furless	1.0
furling	1.6
furlong	2.8
furlongs	2.8
furlough	2.8
furls	0.0
furmenty	0.0
furmety	0.0
furmity	0.0
furnace	3.6
furnaced	0.0
furnaces	3.1
furnish	3.1
furor	2.5
furore	2.4
furores	0.0
furors	0.0
furred	2.2
furrier	1.9
furriers	1.5
furriery	0.0
furriest	1.1
furrily	0.0
furriner	0.0
furring	1.5
furrings	0.0
furrow	2.6
furrowed	2.5
furrower	0.0
furrows	2.4
furrowy	0.0
furry	3.6
furs	3.0
further	5.3
furthers	2.5
furthest	3.2
furtive	2.5
furuncle	0.0
fury	3.9
furze	2.0
furzes	0.0
furzier	0.0
furziest	0.0
furzy	0.0
fusain	0.0
fusains	0.0
fuscous	2.5
fuse	3.6
fused	3.4
fusee	1.5
fusees	0.0
fusel	1.3
fuselage	3.1
fuseless	0.0
fusels	0.0
fuses	3.1
fusible	2.0
fusibly	0.0
fusiform	2.2
fusil	1.6
fusile	0.0
fusileer	0.0
fusilier	2.1
fusilli	1.7
fusillis	0.0
fusils	0.0
fusing	2.9
fusion	4.0
fusions	2.5
fuss	3.6
fussed	2.5
fusser	0.0
fussers	0.0
fusses	1.7
fussier	1.3
fussiest	1.2
fussily	1.2
fussing	2.7
fusspot	1.1
fusspots	0.0
fussy	3.0
fustian	1.5
fustians	0.0
fustic	0.0
fustics	0.0
fustier	0.0
fustiest	0.0
fustily	0.0
fusty	1.7
futharc	0.0
futharcs	0.0
futhark	1.5
futharks	0.0
futhorc	0.0
futhorcs	0.0
futhork	0.0
futhorks	0.0
futile	3.4
futilely	1.9
futility	3.0
futon	2.6
futons	1.7
futtock	0.0
futtocks	0.0
futural	0.0
future	5.3
futures	3.8
futurism	2.5
futurist	2.7
futurity	2.4
futz	1.5
futzed	0.0
futzes	0.0
futzing	1.5
fuze	2.4
fuzed	1.1
fuzee	0.0
fuzees	0.0
fuzes	1.8
fuzil	0.0
fuzils	0.0
fuzing	1.1
fuzz	3.1
fuzzed	1.7
fuzzes	0.0
fuzzier	1.7
fuzziest	1.1
fuzzily	1.1
fuzzing	1.7
fuzzy	3.6
fyce	0.0
fyces	0.0
fyke	1.0
fykes	0.0
fylfot	0.0
fylfots	0.0
fytte	0.0
fyttes	0.0
gab	2.8
gabbard	2.4
gabbards	0.0
gabbart	0.0
gabbarts	0.0
gabbed	1.1
gabber	1.7
gabbers	0.0
gabbier	0.0
gabbiest	0.0
gabbing	1.7
gabble	1.5
gabbled	0.0
gabbler	0.0
gabblers	0.0
gabbles	0.0
gabbling	1.3
gabbro	1.9
gabbroic	1.1
gabbroid	0.0
gabbros	1.2
gabby	3.2
gabelle	1.4
gabelled	0.0
gabelles	0.0
gabfest	1.3
gabfests	0.0
gabies	0.0
gabion	1.4
gabions	1.4
gable	3.1
gabled	2.1
gables	2.9
gabling	0.0
gaboon	1.3
gaboons	0.0
gabs	1.8
gaby	2.9
gad	2.9
gadabout	1.4
gadarene	1.2
gadded	0.0
gadder	0.0
gadders	0.0
gaddi	1.6
gadding	1.4
gaddis	2.1
gadflies	1.2
gadfly	2.1
gadget	3.5
gadgetry	2.0
gadgets	3.6
gadgety	0.0
gadi	1.8
gadid	0.0
gadids	0.0
gadis	1.5
gadoid	0.0
gadoids	0.0
gadroon	0.0
gadroons	0.0
gads	1.7
gadwall	1.4
gadwalls	0.0
gadzooks	1.4
gae	2.3
gaed	0.0
gaeing	0.0
gaen	0.0
gaes	0.0
gaff	2.7
gaffe	2.7
gaffed	1.2
gaffer	2.6
gaffers	1.6
gaffes	2.3
gaffing	1.0
gaffs	1.7
gag	3.6
gaga	3.6
gagaku	0.0
gagakus	0.0
gage	3.2
gaged	1.4
gager	1.3
gagers	0.0
gages	2.1
gagged	2.9
gagger	0.0
gaggers	0.0
gagging	2.9
gaggle	2.7
gaggled	0.0
gaggles	1.4
gaggling	0.0
gaging	1.7
gagman	0.0
gagmen	0.0
gags	3.1
gagster	0.0
gagsters	0.0
gahnite	0.0
gahnites	0.0
gaieties	0.0
gaiety	2.6
gaijin	2.2
gaily	2.2
gain	4.8
gainable	0.0
gained	4.5
gainer	2.5
gainers	2.3
gainful	2.5
gaining	4.1
gainless	0.0
gainlier	0.0
gainly	0.0
gains	4.2
gainsaid	1.3
gainsay	1.5
gainsays	0.0
gainst	2.1
gait	3.1
gaited	1.6
gaiter	1.6
gaiters	2.0
gaiting	0.0
gaits	1.9
gal	3.8
gala	3.7
galabia	0.0
galabias	0.0
galabieh	0.0
galabiya	0.0
galactic	3.5
galago	1.3
galagos	0.0
galah	1.6
galahs	1.3
galangal	1.7
galas	2.3
galatea	2.2
galateas	0.0
galavant	1.8
galax	1.9
galaxes	0.0
galaxies	3.5
galaxy	4.3
galbanum	1.3
gale	3.6
galea	2.0
galeae	0.0
galeas	0.0
galeate	0.0
galeated	0.0
galena	2.7
galenas	0.0
galenic	1.4
galenite	0.0
galere	0.0
galeres	0.0
gales	2.8
galilee	3.1
galilees	0.0
galiot	0.0
galiots	0.0
galipot	0.0
galipots	0.0
galivant	0.0
gall	3.3
gallant	3.2
gallants	1.9
gallate	1.7
gallates	0.0
galleass	0.0
galled	1.6
gallein	0.0
galleins	0.0
galleon	2.6
galleons	2.3
galleria	2.8
gallery	4.5
gallet	1.5
galleta	1.2
galletas	1.2
galleted	0.0
gallets	0.0
galley	3.2
galleys	2.7
gallfly	0.0
galliard	1.9
galliass	0.0
gallic	2.8
gallican	1.8
gallied	0.0
gallies	0.0
galling	2.5
galliot	1.2
galliots	0.0
gallipot	0.0
gallium	2.6
galliums	0.0
gallnut	0.0
gallnuts	0.0
gallon	3.8
gallons	3.6
galloon	0.0
galloons	0.0
galloot	0.0
galloots	0.0
gallop	3.0
galloped	2.4
galloper	1.6
gallops	2.3
gallous	0.0
gallows	3.1
galls	2.3
gallus	2.3
gallused	0.0
galluses	0.0
gally	2.2
gallying	0.0
galoot	1.1
galoots	0.0
galop	1.5
galopade	0.0
galoped	0.0
galoping	0.0
galops	0.0
galore	3.1
galores	0.0
galosh	0.0
galoshe	0.0
galoshed	0.0
galoshes	1.8
gals	3.3
galumph	0.0
galumphs	0.0
galvanic	2.4
galyac	0.0
galyacs	0.0
galyak	0.0
galyaks	0.0
gam	2.8
gama	2.6
gamas	0.0
gamashes	0.0
gamay	1.8
gamays	0.0
gamb	1.0
gamba	2.3
gambade	0.0
gambades	0.0
gambado	0.0
gambados	0.0
gambas	1.4
gambe	0.0
gambes	0.0
gambeson	0.0
gambia	3.0
gambias	0.0
gambier	2.5
gambiers	0.0
gambir	1.2
gambirs	0.0
gambit	3.1
gambits	1.9
gamble	3.8
gambled	2.8
gambler	3.1
gamblers	3.1
gambles	2.4
gambling	4.1
gamboge	1.1
gamboges	0.0
gambol	1.8
gamboled	0.0
gambols	1.4
gambrel	1.8
gambrels	0.0
gambs	0.0
gambusia	1.4
game	5.7
gamecock	2.0
gamed	2.2
gamelan	2.0
gamelans	0.0
gamelike	0.0
gamely	2.0
gameness	1.2
gamer	3.6
gamers	3.6
games	5.4
gamesman	0.0
gamesmen	0.0
gamesome	0.0
gamest	1.0
gamester	1.5
gamete	2.0
gametes	2.4
gametic	0.0
gamey	2.1
gamic	0.0
gamier	1.1
gamiest	0.0
gamily	0.0
gamin	1.7
gamine	1.6
gamines	0.0
gaminess	0.0
gaming	4.4
gamings	0.0
gamins	0.0
gamma	3.7
gammadia	0.0
gammas	1.9
gammed	0.0
gammer	1.6
gammers	0.0
gammier	0.0
gammiest	0.0
gamming	0.0
gammon	2.5
gammoned	0.0
gammoner	0.0
gammons	1.8
gammy	2.1
gamodeme	0.0
gamp	1.8
gamps	0.0
gams	2.2
gamut	2.9
gamuts	0.0
gamy	1.6
gan	3.1
ganache	2.4
ganaches	0.0
gander	2.9
gandered	0.0
ganders	1.3
gane	2.1
ganef	0.0
ganefs	0.0
ganev	1.2
ganevs	0.0
gang	4.5
gangbang	2.6
ganged	2.3
ganger	1.9
gangers	1.7
ganging	2.4
gangland	2.6
ganglia	2.6
ganglial	0.0
gangliar	0.0
ganglier	0.0
gangling	1.4
ganglion	2.6
gangly	2.2
gangplow	0.0
gangrel	1.6
gangrels	0.0
gangrene	2.7
gangs	3.7
gangster	3.5
gangue	1.6
gangues	0.0
gangway	2.5
gangways	1.7
ganister	0.0
ganja	2.7
ganjah	0.0
ganjahs	0.0
ganjas	0.0
gannet	2.2
gannets	2.1
ganof	0.0
ganofs	0.0
ganoid	1.0
ganoids	0.0
gantlet	1.3
gantlets	0.0
gantline	0.0
gantlope	0.0
gantries	1.7
gantry	2.6
ganymede	2.5
gaol	2.8
gaoled	1.1
gaoler	1.6
gaolers	1.3
gaoling	0.0
gaols	1.6
gap	4.5
gape	2.5
gaped	2.0
gaper	1.2
gapers	1.2
gapes	2.1
gapeseed	0.0
gapeworm	0.0
gaping	3.2
gapingly	0.0
gaposis	0.0
gapped	2.1
gappier	0.0
gappiest	0.0
gapping	1.9
gappy	1.6
gaps	3.9
gapy	0.0
gar	3.0
garage	4.2
garaged	1.6
garages	3.1
garaging	1.5
garb	3.0
garbage	4.2
garbages	1.1
garbanzo	2.0
garbed	1.9
garbing	0.0
garble	1.6
garbled	2.6
garbler	0.0
garblers	0.0
garbles	0.0
garbless	0.0
garbling	1.3
garboard	0.0
garboil	0.0
garboils	0.0
garbs	1.5
garcon	2.3
garcons	1.5
gardant	0.0
garden	4.8
gardened	1.6
gardener	3.5
gardenia	2.4
gardens	4.3
gardyloo	0.0
garfish	1.6
garganey	1.1
garget	0.0
gargets	0.0
gargety	0.0
gargle	2.4
gargled	1.5
gargler	0.0
garglers	0.0
gargles	1.7
gargling	2.2
gargoyle	2.6
garigue	0.0
garigues	0.0
garish	2.6
garishly	1.6
garland	3.5
garlands	2.6
garlic	3.9
garlicky	2.0
garlics	1.1
garment	3.6
garments	3.5
garner	3.5
garnered	3.3
garners	2.3
garnet	3.2
garnets	2.1
garni	1.9
garnish	3.0
garote	0.0
garoted	0.0
garotes	0.0
garoting	0.0
garotte	1.1
garotted	0.0
garotter	0.0
garottes	0.0
garpike	0.0
garpikes	0.0
garred	0.0
garret	2.9
garrets	1.5
garring	0.0
garrison	3.7
garron	1.5
garrons	0.0
garrote	1.9
garroted	1.3
garroter	0.0
garrotes	0.0
garrotte	1.3
gars	2.0
garter	3.0
gartered	1.0
garters	2.3
garth	3.3
garths	0.0
garvey	3.0
garveys	0.0
gas	5.0
gasalier	0.0
gasbag	1.5
gasbags	1.1
gascon	2.2
gascons	1.3
gaselier	0.0
gaseous	2.9
gases	3.7
gash	2.9
gashed	2.0
gasher	0.0
gashes	2.1
gashest	0.0
gashing	1.4
gashouse	0.0
gasified	1.4
gasifier	1.6
gasifies	0.0
gasiform	0.0
gasify	0.0
gasket	3.0
gaskets	2.6
gaskin	2.1
gasking	0.0
gaskings	0.0
gaskins	2.0
gasless	1.1
gaslight	2.6
gaslit	1.5
gasman	1.6
gasmen	0.0
gasogene	0.0
gasohol	1.1
gasohols	0.0
gasolene	0.0
gasolier	0.0
gasoline	3.9
gasp	3.5
gasped	2.9
gasper	2.0
gaspers	0.0
gasping	3.0
gasps	2.9
gassed	3.0
gasser	2.2
gassers	1.3
gasses	2.6
gassier	0.0
gassiest	0.0
gassily	0.0
gassing	2.6
gassings	1.2
gassy	2.4
gast	2.1
gasted	0.0
gaster	2.1
gasters	0.0
gastight	0.0
gasting	0.0
gastness	0.0
gastraea	0.0
gastral	0.0
gastrea	0.0
gastreas	0.0
gastric	3.3
gastrin	1.7
gastrins	0.0
gastrula	1.1
gasts	0.0
gasworks	2.1
gat	2.8
gate	4.5
gateau	1.9
gateaux	1.5
gated	3.2
gatefold	2.1
gateless	1.2
gatelike	0.0
gateman	1.5
gatemen	1.2
gatepost	1.4
gates	4.3
gateway	3.8
gateways	2.8
gather	4.2
gathered	4.3
gatherer	2.8
gathers	3.3
gating	2.6
gator	3.2
gators	3.2
gats	2.3
gauche	2.5
gauchely	0.0
gaucher	1.9
gauchest	0.0
gaucho	2.3
gauchos	2.1
gaud	1.9
gaudery	0.0
gaudier	1.4
gaudies	0.0
gaudiest	1.1
gaudily	1.5
gauds	0.0
gaudy	2.8
gauffer	0.0
gauffers	0.0
gauge	4.0
gauged	2.5
gauger	1.4
gaugers	0.0
gauges	3.1
gauging	2.7
gault	2.5
gaults	0.0
gaum	0.0
gaumed	0.0
gauming	0.0
gaums	0.0
gaun	1.6
gaunt	2.9
gaunter	0.0
gauntest	0.0
gauntlet	3.1
gauntly	0.0
gauntry	0.0
gaur	2.1
gaurs	0.0
gauss	2.8
gausses	0.0
gauze	2.9
gauzes	1.1
gauzier	0.0
gauziest	0.0
gauzily	0.0
gauzy	2.2
gavage	1.6
gavages	0.0
gave	5.2
gavel	2.7
gaveled	1.0
gaveling	0.0
gavelled	0.0
gavelock	0.0
gavels	1.4
gavial	0.0
gavials	0.0
gavot	0.0
gavots	0.0
gavotte	1.7
gavotted	0.0
gavottes	0.0
gawk	2.4
gawked	1.8
gawker	2.9
gawkers	1.6
gawkier	0.0
gawkies	0.0
gawkiest	0.0
gawkily	0.0
gawking	2.3
gawkish	0.0
gawks	1.0
gawky	1.9
gawp	1.6
gawped	0.0
gawper	0.0
gawpers	0.0
gawping	1.7
gawps	0.0
gawsie	0.0
gawsy	0.0
gay	4.9
gayal	0.0
gayals	0.0
gayer	2.4
gayest	2.4
gayeties	0.0
gayety	1.0
gayly	1.2
gayness	2.2
gays	3.7
gaywings	0.0
gazabo	0.0
gazaboes	0.0
gazabos	0.0
gazania	0.0
gazanias	0.0
gazar	0.0
gazars	0.0
gaze	3.7
gazebo	2.7
gazeboes	0.0
gazebos	1.8
gazed	2.8
gazelle	2.9
gazelles	2.3
gazer	2.0
gazers	1.8
gazes	2.6
gazette	3.6
gazetted	2.3
gazettes	1.8
gazing	3.2
gazogene	0.0
gazpacho	2.2
gazump	1.3
gazumped	1.1
gazumper	0.0
gazumps	0.0
gear	4.5
gearbox	3.2
gearcase	0.0
geared	3.6
gearing	3.4
gearings	0.0
gearless	1.4
gears	3.7
geck	1.6
gecked	0.0
gecking	0.0
gecko	2.9
geckoes	0.0
geckos	2.5
gecks	0.0
ged	3.0
geds	1.3
gee	3.6
geed	1.6
geegaw	0.0
geegaws	0.0
geeing	1.2
geek	3.6
geekier	1.2
geekiest	1.3
geeks	3.3
geeky	2.9
geepound	0.0
gees	2.7
geese	3.4
geest	1.6
geests	0.0
geez	3.4
geezer	2.9
geezers	2.1
geisha	2.8
geishas	1.7
gel	3.8
gelable	0.0
gelada	1.6
geladas	0.0
gelant	0.0
gelants	0.0
gelate	0.0
gelated	0.0
gelates	0.0
gelati	1.6
gelatin	3.0
gelatine	2.3
gelating	0.0
gelatins	1.2
gelation	1.5
gelato	2.8
gelatos	1.1
geld	2.1
gelded	1.9
gelder	2.2
gelders	0.0
gelding	2.7
geldings	1.9
gelds	0.0
gelee	1.2
gelees	0.0
gelid	1.3
gelidity	0.0
gelidly	0.0
gellant	0.0
gellants	0.0
gelled	2.2
gelling	2.3
gels	3.0
gelsemia	0.0
gelt	1.8
gelts	0.0
gem	3.9
geminal	1.2
geminate	1.7
gemlike	0.0
gemma	3.3
gemmae	1.1
gemmate	0.0
gemmated	0.0
gemmates	0.0
gemmed	1.3
gemmier	0.0
gemmiest	0.0
gemmily	0.0
gemming	0.0
gemmule	0.0
gemmules	0.0
gemmy	1.3
gemology	1.4
gemot	0.0
gemote	0.0
gemotes	0.0
gemots	0.0
gems	3.8
gemsbok	1.4
gemsboks	0.0
gemsbuck	0.0
gemstone	3.0
gen	4.3
gendarme	2.2
gender	4.6
gendered	3.1
genders	3.3
gene	4.4
genera	3.4
general	5.5
generals	3.7
generate	4.2
generic	4.1
generics	2.6
generous	4.2
genes	4.1
geneses	0.0
genesis	3.9
genet	2.4
genetic	4.3
genetics	3.8
genets	1.0
genette	1.4
genettes	0.0
geneva	4.0
genevas	0.0
genial	2.7
genially	1.6
genic	1.6
genie	3.4
genies	2.2
genii	2.2
genip	0.0
genipap	0.0
genipaps	0.0
genips	0.0
genital	3.5
genitals	3.2
genitive	2.6
genitor	0.0
genitors	0.0
geniture	0.0
genius	4.3
geniuses	3.2
genoa	3.2
genoas	0.0
genocide	3.9
genoise	1.1
genoises	0.0
genom	1.5
genome	3.7
genomes	3.0
genomic	3.1
genoms	0.0
genotype	2.9
genre	4.2
genres	3.7
genro	1.2
genros	0.0
gens	2.9
genseng	0.0
gensengs	0.0
gent	3.1
genteel	2.6
gentes	1.8
gentian	2.1
gentians	1.3
gentil	1.9
gentile	3.0
gentiles	3.0
gentle	4.2
gentled	1.0
gentler	2.9
gentles	1.7
gentlest	2.2
gentling	1.2
gently	4.1
gentoo	2.4
gentoos	1.0
gentrice	0.0
gentries	0.0
gentrify	1.8
gentry	3.2
gents	3.1
genu	1.7
genua	1.3
genuine	4.4
genus	3.7
genuses	0.0
geode	2.1
geodes	1.8
geodesic	2.4
geodesy	2.2
geodetic	2.6
geodic	0.0
geoduck	1.5
geoducks	0.0
geognosy	0.0
geoid	1.8
geoidal	0.0
geoids	0.0
geologer	0.0
geologic	3.2
geology	3.8
geomancy	1.7
geometer	1.6
geometry	3.9
geophagy	0.0
geophone	1.1
geophyte	0.0
geoponic	0.0
geoprobe	0.0
georgic	1.4
georgics	1.6
geotaxes	0.0
geotaxis	0.0
gerah	0.0
gerahs	0.0
geranial	0.0
geraniol	1.6
geranium	2.6
gerardia	0.0
gerbera	1.8
gerberas	1.2
gerbil	2.4
gerbille	0.0
gerbils	2.2
gerent	0.0
gerents	0.0
gerenuk	1.1
gerenuks	0.0
germ	3.2
german	5.0
germane	2.3
germanic	3.2
germans	4.2
germen	1.2
germens	0.0
germfree	1.2
germier	0.0
germiest	0.0
germina	0.0
germinal	2.3
germs	3.4
germy	1.6
gerontic	0.0
gerund	2.0
gerunds	1.5
gesneria	0.0
gesso	2.0
gessoed	0.0
gessoes	0.0
gest	2.0
gestalt	2.6
gestalts	0.0
gestapo	3.1
gestapos	0.0
gestate	1.7
gestated	1.5
gestates	1.1
geste	2.0
gestes	1.2
gestic	0.0
gestical	0.0
gests	0.0
gestural	2.2
gesture	3.9
gestured	2.5
gesturer	0.0
gestures	3.6
get	6.3
geta	2.1
getable	0.0
getas	0.0
getaway	3.5
getaways	2.5
gets	5.2
gettable	1.4
getter	2.8
gettered	0.0
getters	2.4
getting	5.6
getup	2.5
getups	1.5
geum	2.2
geums	0.0
gewgaw	0.0
gewgaws	1.2
gey	2.0
geyser	2.8
geysers	2.5
gharial	1.1
gharials	0.0
gharri	0.0
gharries	0.0
gharris	0.0
gharry	0.0
ghast	1.5
ghastful	0.0
ghastly	3.1
ghat	2.4
ghats	2.4
ghaut	1.4
ghauts	0.0
ghazi	2.7
ghazies	0.0
ghazis	1.0
ghee	2.7
ghees	0.0
gherao	1.0
gheraoed	0.0
gheraoes	0.0
gherkin	2.1
gherkins	1.9
ghetto	3.7
ghettoed	0.0
ghettoes	1.7
ghettos	2.8
ghi	1.9
ghibli	2.7
ghiblis	0.0
ghillie	1.8
ghillies	1.2
ghis	1.2
ghost	4.4
ghosted	2.7
ghostier	0.0
ghosting	2.5
ghostly	3.1
ghosts	3.9
ghosty	1.5
ghoul	2.9
ghoulie	0.0
ghoulies	1.5
ghoulish	2.4
ghouls	2.8
ghyll	1.3
ghylls	0.0
giant	4.6
giantess	2.0
giantism	1.1
giants	4.3
giaour	1.0
giaours	0.0
gib	2.6
gibbed	0.0
gibber	1.8
gibbered	0.0
gibbers	1.0
gibbet	2.0
gibbeted	0.0
gibbets	1.4
gibbing	0.0
gibbon	2.8
gibbons	3.2
gibbose	0.0
gibbous	1.9
gibbsite	1.0
gibe	2.0
gibed	0.0
giber	0.0
gibers	0.0
gibes	1.6
gibing	0.0
gibingly	0.0
giblet	1.5
giblets	2.0
gibs	1.8
gibson	3.9
gibsons	2.0
gid	2.3
giddap	0.0
giddied	0.0
giddier	0.0
giddies	0.0
giddiest	0.0
giddily	1.7
giddy	3.2
giddyap	0.0
giddying	0.0
giddyup	1.6
gids	1.5
gie	2.2
gied	0.0
gieing	0.0
gien	1.6
gies	2.1
gift	4.8
gifted	3.9
giftedly	0.0
gifting	3.0
giftless	0.0
gifts	4.4
giftware	1.7
gig	4.0
giga	2.5
gigabit	2.8
gigabits	1.7
gigabyte	2.6
gigantic	3.6
gigas	2.1
gigaton	1.1
gigatons	1.6
gigawatt	2.0
gigged	1.7
gigging	2.2
giggle	3.4
giggled	2.9
giggler	1.1
gigglers	0.0
giggles	3.4
gigglier	0.0
giggling	3.2
giggly	2.3
gighe	0.0
giglet	0.0
giglets	0.0
giglot	0.0
giglots	0.0
gigolo	2.5
gigolos	1.6
gigot	1.4
gigots	0.0
gigs	3.6
gigue	1.4
gigues	0.0
gilbert	3.9
gilberts	1.9
gild	2.4
gilded	3.3
gilder	2.2
gilders	1.3
gildhall	0.0
gilding	2.6
gildings	0.0
gilds	1.6
gill	3.6
gilled	1.4
giller	1.9
gillers	0.0
gillie	2.1
gillied	0.0
gillies	2.7
gilling	1.6
gillnet	1.4
gillnets	1.6
gills	3.1
gilly	2.6
gillying	0.0
gilt	3.1
gilthead	0.0
gilts	2.3
gimbal	2.5
gimbaled	1.3
gimbals	1.8
gimcrack	1.6
gimel	1.3
gimels	0.0
gimlet	2.2
gimleted	0.0
gimlets	1.3
gimmal	0.0
gimmals	0.0
gimme	3.6
gimmes	1.6
gimmick	3.2
gimmicks	2.9
gimmicky	2.4
gimmie	2.1
gimmies	0.0
gimp	2.8
gimped	1.3
gimpier	0.0
gimpiest	0.0
gimping	0.0
gimps	1.8
gimpy	1.9
gin	3.7
gingal	0.0
gingall	0.0
gingalls	0.0
gingals	0.0
gingeley	0.0
gingeli	0.0
gingelis	0.0
gingelli	0.0
gingelly	0.0
gingely	0.0
ginger	3.9
gingered	1.3
gingerly	2.6
gingers	2.4
gingery	1.7
gingham	2.4
ginghams	0.0
gingili	0.0
gingilis	0.0
gingilli	0.0
gingiva	1.8
gingivae	0.0
gingival	2.3
gingko	1.8
gingkoes	0.0
gink	1.2
ginkgo	2.4
ginkgoes	0.0
ginkgos	0.0
ginks	0.0
ginned	1.7
ginner	1.3
ginners	0.0
ginnier	0.0
ginniest	0.0
ginning	1.9
ginnings	0.0
ginny	3.0
gins	2.4
ginseng	2.8
ginsengs	0.0
gip	2.0
gipon	0.0
gipons	0.0
gipped	0.0
gipper	1.6
gippers	0.0
gipping	1.2
gips	1.6
gipsied	0.0
gipsies	1.9
gipsy	2.6
gipsying	0.0
giraffe	3.3
giraffes	2.9
girasol	1.1
girasole	1.0
girasols	0.0
gird	2.2
girded	2.0
girder	2.7
girders	2.6
girding	1.8
girdle	2.8
girdled	1.8
girdler	1.7
girdlers	0.0
girdles	2.1
girdling	1.6
girds	1.4
girl	5.4
girlhood	2.2
girlie	2.8
girlies	2.1
girlish	2.5
girls	5.2
girly	3.2
girn	0.0
girned	0.0
girning	0.0
girns	0.0
giro	3.0
giron	1.9
girons	0.0
giros	1.2
girosol	0.0
girosols	0.0
girsh	0.0
girshes	0.0
girt	1.9
girted	0.0
girth	2.9
girthed	0.0
girthing	0.0
girths	1.4
girting	0.0
girts	1.1
gisarme	0.0
gisarmes	0.0
gismo	1.3
gismos	0.0
gist	3.2
gists	1.8
git	3.4
gitano	1.8
gitanos	1.1
gits	2.1
gittern	0.0
gitterns	0.0
gittin	1.7
give	5.7
giveable	0.0
giveaway	3.5
giveback	1.4
given	5.4
givens	2.7
giver	3.2
givers	2.7
gives	5.0
giving	5.2
gizmo	2.6
gizmos	2.3
gizzard	2.4
gizzards	1.8
gjetost	0.0
gjetosts	0.0
glabella	1.9
glabrate	0.0
glabrous	2.6
glace	2.3
glaceed	0.0
glaceing	0.0
glaces	1.3
glacial	3.4
glaciate	0.0
glacier	3.6
glaciers	3.3
glacis	1.8
glacises	0.0
glad	4.9
gladded	0.0
gladden	2.2
gladdens	1.6
gladder	1.3
gladdest	0.0
gladding	1.5
glade	2.8
glades	2.6
gladiate	0.0
gladier	0.0
gladiest	0.0
gladiola	1.2
gladioli	1.7
gladlier	0.0
gladly	3.7
gladness	2.5
glads	1.5
gladsome	1.3
glady	1.6
glaiket	0.0
glaikit	0.0
glair	0.0
glaire	0.0
glaired	0.0
glaires	0.0
glairier	0.0
glairing	0.0
glairs	0.0
glairy	0.0
glaive	1.9
glaived	0.0
glaives	1.0
glamor	2.3
glamors	0.0
glamour	3.5
glamours	1.5
glance	3.9
glanced	3.2
glancer	0.0
glancers	0.0
glances	3.0
glancing	3.0
gland	3.4
glanders	1.5
glandes	0.0
glands	3.4
glandule	0.0
glans	2.4
glare	3.4
glared	2.6
glares	2.5
glarier	0.0
glariest	0.0
glaring	3.3
glary	1.1
glasnost	2.2
glass	4.8
glassed	2.2
glasses	4.3
glassful	1.4
glassie	1.1
glassier	0.0
glassies	0.0
glassily	0.0
glassine	1.6
glassing	1.8
glassman	2.2
glassmen	0.0
glassy	2.8
glaucoma	3.0
glaucous	2.1
glaze	3.3
glazed	3.3
glazer	2.5
glazers	2.1
glazes	2.5
glazier	2.3
glaziers	1.9
glaziery	0.0
glaziest	0.0
glazing	3.0
glazings	0.0
glazy	0.0
gleam	3.0
gleamed	2.1
gleamer	0.0
gleamers	0.0
gleamier	0.0
gleaming	3.1
gleams	2.1
gleamy	0.0
glean	2.7
gleaned	3.0
gleaner	2.2
gleaners	1.7
gleaning	2.2
gleans	1.4
gleba	1.3
glebae	0.0
glebe	2.6
glebes	0.0
gled	0.0
glede	0.0
gledes	0.0
gleds	0.0
glee	3.5
gleed	1.3
gleeds	0.0
gleeful	2.4
gleek	1.5
gleeked	0.0
gleeking	0.0
gleeks	1.2
gleeman	0.0
gleemen	0.0
glees	1.6
gleesome	0.0
gleet	0.0
gleeted	0.0
gleetier	0.0
gleeting	0.0
gleets	0.0
gleety	0.0
gleg	0.0
glegly	0.0
glegness	0.0
glen	3.9
glenlike	0.0
glenoid	1.7
glens	2.7
gley	1.1
gleyed	0.0
gleying	0.0
gleyings	0.0
gleys	0.0
glia	2.1
gliadin	1.6
gliadine	0.0
gliadins	0.0
glial	2.5
glias	0.0
glib	2.6
glibber	0.0
glibbest	0.0
glibly	2.0
glibness	1.5
glide	3.3
glided	2.5
glider	3.1
gliders	2.7
glides	2.7
gliding	3.1
gliff	0.0
gliffs	0.0
glim	1.6
glime	0.0
glimed	0.0
glimes	0.0
gliming	0.0
glimmer	3.1
glimmers	2.2
glimpse	3.8
glimpsed	2.7
glimpser	0.0
glimpses	3.2
glims	0.0
glint	2.6
glinted	1.7
glinting	2.2
glints	1.8
glioma	2.3
gliomas	2.0
gliomata	0.0
glissade	1.3
glisten	2.2
glistens	1.9
glister	1.3
glisters	1.1
glitch	3.5
glitches	3.1
glitchy	2.3
glitter	3.6
glitters	2.5
glittery	2.7
glitz	2.7
glitzes	0.0
glitzier	0.0
glitzy	2.4
gloam	0.0
gloaming	2.0
gloams	0.0
gloat	2.6
gloated	2.0
gloater	0.0
gloaters	0.0
gloating	2.6
gloats	1.9
glob	2.5
global	5.0
globally	3.8
globate	0.0
globated	0.0
globbier	0.0
globby	0.0
globe	4.3
globed	0.0
globes	3.0
globin	1.9
globing	0.0
globins	0.0
globoid	0.0
globoids	0.0
globose	2.0
globous	0.0
globs	1.9
globular	2.7
globule	1.6
globules	2.0
globulin	2.1
glochid	0.0
glochids	0.0
glogg	0.0
gloggs	0.0
glom	1.6
glomera	0.0
glommed	1.3
glomming	0.0
gloms	0.0
glomus	1.4
glonoin	0.0
glonoins	0.0
gloom	3.3
gloomed	0.0
gloomful	0.0
gloomier	1.7
gloomily	1.8
glooming	1.2
glooms	1.0
gloomy	3.4
glop	1.6
glopped	0.0
glopping	0.0
gloppy	1.3
glops	0.0
gloria	3.7
glorias	1.1
gloried	1.7
glories	2.9
glorify	3.0
gloriole	0.0
glorious	4.1
glory	4.4
glorying	1.5
gloss	3.5
glossa	1.5
glossae	0.0
glossal	0.0
glossary	3.2
glossas	0.0
glossed	2.6
glosseme	0.0
glosser	0.0
glossers	0.0
glosses	2.7
glossier	2.0
glossies	1.5
glossily	0.0
glossina	1.2
glossing	2.2
glossy	3.4
glost	0.0
glosts	0.0
glottal	2.2
glottic	1.0
glottis	1.8
glout	0.0
glouted	0.0
glouting	0.0
glouts	0.0
glove	3.7
gloved	2.6
glover	3.3
glovers	1.8
gloves	4.0
gloving	1.6
glow	3.9
glowed	2.6
glower	1.7
glowered	1.5
glowers	1.5
glowfly	0.0
glowing	3.8
glows	2.9
glowworm	1.6
gloxinia	1.3
gloze	0.0
glozed	0.0
glozes	0.0
glozing	0.0
glucagon	2.3
glucan	2.1
glucans	1.6
glucinic	0.0
glucinum	0.0
glucose	3.8
glucoses	0.0
glucosic	0.0
glue	3.8
glued	3.4
glueing	1.7
gluelike	0.0
gluepot	0.0
gluepots	0.0
gluer	1.1
gluers	0.0
glues	2.4
gluey	1.7
glug	2.1
glugged	0.0
glugging	1.2
glugs	1.1
gluier	0.0
gluiest	0.0
gluily	0.0
gluing	2.6
glum	2.5
glume	1.4
glumes	1.5
glumly	1.9
glummer	0.0
glummest	0.0
glumness	0.0
glumpier	0.0
glumpily	0.0
glumpy	0.0
glunch	0.0
glunched	0.0
glunches	0.0
gluon	2.2
gluons	2.0
glut	2.8
gluteal	2.0
glutei	0.0
glutelin	0.0
gluten	3.6
glutens	1.1
gluteus	2.2
gluts	1.6
glutted	1.6
glutting	0.0
glutton	2.5
gluttons	1.9
gluttony	2.7
glycan	1.8
glycans	1.8
glyceric	0.0
glycerin	2.6
glycerol	2.6
glyceryl	1.6
glycin	0.0
glycine	2.6
glycines	0.0
glycins	0.0
glycogen	2.8
glycol	2.9
glycolic	2.2
glycols	1.5
glyconic	0.0
glycosyl	1.6
glycyl	0.0
glycyls	0.0
glyph	2.7
glyphic	1.1
glyphs	2.7
glyptic	0.0
glyptics	0.0
gnar	1.9
gnarl	1.2
gnarled	2.4
gnarlier	1.1
gnarling	0.0
gnarls	1.8
gnarly	2.8
gnarr	1.1
gnarred	0.0
gnarring	0.0
gnarrs	0.0
gnars	0.0
gnash	2.0
gnashed	1.5
gnashes	0.0
gnashing	2.4
gnat	2.5
gnathal	0.0
gnathic	0.0
gnathion	0.0
gnathite	0.0
gnatlike	0.0
gnats	2.5
gnattier	0.0
gnatty	0.0
gnaw	2.6
gnawable	0.0
gnawed	2.4
gnawer	0.0
gnawers	0.0
gnawing	2.8
gnawings	0.0
gnawn	0.0
gnaws	1.9
gneiss	2.3
gneisses	1.7
gneissic	1.2
gnocchi	2.5
gnome	3.2
gnomes	2.8
gnomic	1.8
gnomical	0.0
gnomish	1.4
gnomist	0.0
gnomists	0.0
gnomon	1.8
gnomonic	1.1
gnomons	0.0
gnoses	0.0
gnosis	2.3
gnostic	2.8
gnu	3.0
gnus	1.5
goa	3.4
goad	2.6
goaded	2.4
goading	2.2
goadlike	0.0
goads	1.9
goal	5.1
goaled	1.3
goalie	3.5
goalies	2.7
goaling	0.0
goalless	2.7
goalpost	2.3
goals	5.0
goalward	0.0
goanna	1.9
goannas	1.6
goas	0.0
goat	4.0
goatee	2.7
goateed	1.1
goatees	1.4
goatfish	1.1
goatherd	1.8
goatish	0.0
goatlike	0.0
goats	3.7
goatskin	1.9
gob	2.7
goban	0.0
gobang	0.0
gobangs	0.0
gobans	0.0
gobbed	0.0
gobbet	0.0
gobbets	1.1
gobbing	1.1
gobble	2.8
gobbled	2.5
gobbler	2.1
gobblers	1.8
gobbles	2.1
gobbling	2.5
gobies	1.6
gobioid	0.0
gobioids	0.0
goblet	2.9
goblets	2.2
goblin	3.3
goblins	3.0
gobo	1.9
goboes	0.0
gobonee	0.0
gobony	0.0
gobos	1.2
gobs	2.3
goby	2.1
god	5.6
godchild	1.8
goddam	2.7
goddamn	4.0
goddamns	0.0
goddams	0.0
godded	0.0
goddess	4.0
godding	0.0
godet	1.5
godets	0.0
godhead	2.7
godheads	0.0
godhood	1.9
godhoods	0.0
godless	2.8
godlier	0.0
godliest	0.0
godlike	2.7
godlily	0.0
godling	1.1
godlings	0.0
godly	3.3
godown	1.9
godowns	1.3
godroon	0.0
godroons	0.0
gods	4.4
godsend	2.8
godsends	0.0
godship	0.0
godships	0.0
godson	2.6
godsons	0.0
godwit	1.8
godwits	1.6
goer	2.6
goers	3.1
goes	5.2
goethite	1.6
gofer	1.7
gofers	1.1
goffer	0.0
goffered	0.0
goffers	0.0
goggle	2.4
goggled	1.6
goggler	0.0
gogglers	0.0
goggles	3.4
gogglier	0.0
goggling	1.4
goggly	0.0
goglet	0.0
goglets	0.0
gogo	2.7
gogos	1.3
going	5.9
goings	2.9
goiter	2.1
goiters	1.4
goitre	1.7
goitres	0.0
goitrous	0.0
golconda	2.0
gold	5.2
goldarn	0.0
goldarns	0.0
goldbug	1.2
goldbugs	1.3
golden	4.7
goldener	0.0
goldenly	0.0
golder	2.0
goldest	0.0
goldeye	0.0
goldeyes	1.2
goldfish	3.3
golds	3.1
goldurn	0.0
goldurns	0.0
golem	2.8
golems	2.0
golf	4.6
golfed	1.8
golfer	3.4
golfers	3.3
golfing	3.2
golfings	0.0
golfs	2.0
golgotha	2.2
goliard	0.0
goliards	0.0
golliwog	1.5
golly	2.7
gollywog	0.0
golosh	0.0
goloshe	0.0
goloshes	0.0
gombo	1.1
gombos	1.1
gombroon	0.0
gomeral	0.0
gomerals	0.0
gomerel	0.0
gomerels	0.0
gomeril	0.0
gomerils	0.0
gomuti	0.0
gomutis	0.0
gonad	1.9
gonadal	2.0
gonadial	0.0
gonadic	0.0
gonads	2.4
gondola	2.9
gondolas	2.3
gone	5.2
gonef	0.0
gonefs	0.0
goneness	0.0
goner	2.5
goners	1.5
gonfalon	0.0
gonfanon	0.0
gong	3.5
gonged	0.0
gonging	0.0
gonglike	0.0
gongs	2.5
gonia	0.0
gonidia	0.0
gonidial	0.0
gonidic	0.0
gonidium	0.0
gonif	0.0
goniff	0.0
goniffs	0.0
gonifs	0.0
gonion	0.0
gonium	0.0
gonocyte	0.0
gonof	0.0
gonofs	0.0
gonoph	0.0
gonophs	0.0
gonopore	0.0
gonzo	2.8
goo	3.4
goober	2.4
goobers	1.9
good	6.1
goodby	1.9
goodbye	4.3
goodbyes	3.0
goodbys	0.0
goodie	2.8
goodies	3.4
goodish	1.6
goodlier	0.0
goodly	2.5
goodman	3.6
goodmen	1.1
goodness	4.1
goods	4.6
goodwife	1.3
goodwill	3.7
goody	3.0
gooey	2.9
goof	3.0
goofball	2.5
goofed	2.3
goofier	1.5
goofiest	1.7
goofily	1.4
goofing	2.7
goofs	2.2
goofy	3.6
googlies	1.1
googly	2.6
googol	1.5
googols	0.0
gooier	0.0
gooiest	0.0
gook	2.3
gooks	1.7
gooky	0.0
goombah	0.0
goombahs	0.0
goombay	1.1
goombays	0.0
goon	3.1
gooney	1.3
gooneys	0.0
goonie	1.4
goonies	2.5
goons	3.2
goony	1.4
goop	2.6
goopier	0.0
goopiest	0.0
goops	0.0
goopy	1.9
gooral	0.0
goorals	0.0
goos	2.0
goose	3.8
goosed	1.7
gooses	1.6
goosey	1.9
goosier	0.0
goosiest	0.0
goosing	1.3
goosy	1.0
gopher	2.9
gophers	2.8
gor	2.7
goral	1.4
gorals	0.0
gorbelly	0.0
gorblimy	0.0
gorcock	0.0
gorcocks	0.0
gore	3.8
gored	2.2
gores	2.1
gorge	3.4
gorged	2.2
gorgedly	0.0
gorgeous	4.3
gorger	0.0
gorgerin	0.0
gorgers	0.0
gorges	2.8
gorget	1.7
gorgeted	0.0
gorgets	1.2
gorging	2.3
gorgon	2.6
gorgons	1.8
gorhen	0.0
gorhens	0.0
gorier	1.2
goriest	1.3
gorilla	3.6
gorillas	3.1
gorily	0.0
goriness	0.0
goring	2.5
gormand	0.0
gormands	0.0
gormless	1.9
gorp	1.5
gorps	0.0
gorse	2.4
gorses	0.0
gorsier	0.0
gorsiest	0.0
gorsy	0.0
gory	3.0
gosh	3.9
goshawk	2.1
goshawks	1.7
gosling	3.0
goslings	1.9
gospel	4.2
gospeler	0.0
gospels	3.2
gosport	2.4
gosports	0.0
gossamer	2.4
gossan	0.0
gossans	0.0
gossip	3.9
gossiped	2.0
gossiper	1.4
gossipry	0.0
gossips	2.5
gossipy	2.3
gossoon	0.0
gossoons	0.0
gossypol	1.1
got	5.9
gothic	3.6
gothics	1.1
gothite	0.0
gothites	0.0
gotten	4.5
gouache	2.4
gouaches	1.3
gouge	2.7
gouged	2.5
gouger	1.6
gougers	1.0
gouges	2.2
gouging	2.7
goulash	2.2
gourami	1.6
gouramis	1.2
gourd	2.8
gourde	1.5
gourdes	0.0
gourds	2.4
gourmand	2.2
gourmet	3.4
gourmets	1.8
gout	3.1
goutier	0.0
goutiest	0.0
goutily	0.0
gouts	1.3
gouty	1.8
govern	3.7
governed	3.9
governor	4.7
governs	3.1
gowan	2.2
gowaned	0.0
gowans	1.8
gowany	0.0
gowd	1.1
gowds	0.0
gowk	0.0
gowks	0.0
gown	3.8
gowned	1.5
gowning	0.0
gowns	3.2
gownsman	0.0
gownsmen	0.0
gox	2.3
goxes	0.0
goy	2.3
goyim	2.1
goyish	0.0
goys	1.4
graal	1.8
graals	0.0
grab	4.5
grabbed	4.1
grabber	2.5
grabbers	2.2
grabbier	0.0
grabbing	3.8
grabble	0.0
grabbled	0.0
grabbler	0.0
grabbles	0.0
grabby	2.2
graben	2.1
grabens	1.4
grabs	3.7
grace	4.6
graced	3.0
graceful	3.4
graces	3.1
gracile	1.7
graciles	0.0
gracilis	2.3
gracing	2.5
gracioso	0.0
gracious	3.6
grackle	1.7
grackles	1.7
grad	3.6
gradable	1.2
gradate	1.1
gradated	1.2
gradates	0.0
grade	4.8
graded	3.5
grader	3.3
graders	3.5
grades	4.3
gradient	3.5
gradin	1.1
gradine	0.0
gradines	0.0
grading	3.5
gradins	0.0
grads	2.9
gradual	3.7
graduals	1.0
graduand	0.0
graduate	4.5
gradus	1.6
graduses	0.0
graecize	0.0
graffiti	3.6
graffito	1.6
graft	3.5
graftage	0.0
grafted	2.7
grafter	1.7
grafters	1.6
grafting	2.8
grafts	2.8
graham	4.3
grahams	2.1
grail	3.5
grails	2.1
grain	4.2
grained	2.9
grainer	1.3
grainers	0.0
grainier	1.1
graining	1.7
grains	3.7
grainy	2.8
gram	3.8
grama	2.2
gramary	0.0
gramarye	0.0
gramas	0.0
gramercy	2.4
grammar	4.2
grammars	2.6
gramme	1.6
grammes	1.9
gramp	1.4
gramps	2.6
grampus	1.6
grams	3.8
gran	3.4
grana	2.0
granary	2.6
grand	4.9
grandad	3.0
grandads	1.5
grandam	1.1
grandame	0.0
grandams	0.0
granddad	2.7
granddam	0.0
grandee	2.2
grandees	2.2
grander	2.8
grandest	2.8
grandeur	3.2
grandkid	1.8
grandly	2.3
grandma	4.1
grandmas	2.7
grandpa	3.8
grandpas	2.3
grands	2.6
grandsir	0.0
grandson	3.9
grange	3.3
granger	3.3
grangers	1.4
granges	1.8
granita	1.6
granitas	0.0
granite	3.9
granites	2.2
granitic	2.2
grannie	1.9
grannies	2.6
granny	3.6
granola	3.0
granolas	0.0
grans	1.7
grant	4.7
granted	4.6
grantee	2.5
grantees	2.4
granter	1.4
granters	0.0
granting	3.7
grantor	2.2
grantors	1.4
grants	4.2
granular	3.0
granule	2.3
granules	2.8
granum	1.1
grape	3.7
grapery	0.0
grapes	3.7
grapey	1.2
graph	4.0
graphed	2.0
grapheme	1.9
graphic	4.2
graphics	4.2
graphing	2.5
graphite	3.4
graphs	3.5
grapier	0.0
grapiest	0.0
graplin	0.0
grapline	0.0
graplins	0.0
grapnel	1.3
grapnels	1.1
grappa	2.2
grappas	0.0
grapple	3.1
grappled	2.5
grappler	2.2
grapples	2.4
grapy	0.0
grasp	4.0
grasped	3.0
grasper	1.4
graspers	1.0
grasping	3.2
grasps	2.4
grass	4.4
grassed	2.4
grasses	3.3
grassier	0.0
grassily	0.0
grassing	1.6
grassy	3.2
grat	2.2
grate	3.2
grated	3.1
grateful	4.3
grater	2.5
graters	1.5
grates	2.7
gratify	2.3
gratin	2.3
gratine	0.0
gratinee	0.0
grating	3.1
gratings	2.4
gratins	0.0
gratis	2.9
gratuity	2.6
graupel	1.1
graupels	0.0
gravamen	1.2
grave	4.3
graved	1.2
gravel	3.7
graveled	1.5
gravelly	2.6
gravels	2.1
gravely	3.1
graven	2.2
graver	2.3
gravers	1.4
graves	3.9
gravest	2.5
gravid	1.9
gravida	1.5
gravidae	0.0
gravidas	0.0
gravidly	0.0
gravies	1.6
graving	1.8
gravitas	2.6
graviton	2.2
gravity	4.2
gravlaks	0.0
gravlax	1.4
gravure	2.2
gravures	1.1
gravy	3.5
gray	4.5
grayback	0.0
grayed	1.9
grayer	1.9
grayest	0.0
grayfish	0.0
graying	2.3
grayish	2.6
graylag	0.0
graylags	0.0
grayling	2.6
grayly	0.0
graymail	0.0
grayness	1.4
grayout	0.0
grayouts	0.0
grays	2.8
grazable	0.0
graze	3.0
grazed	2.9
grazer	2.1
grazers	2.1
grazes	2.1
grazier	2.0
graziers	2.0
grazing	3.5
grazings	1.4
grazioso	1.1
grease	3.7
greased	2.9
greaser	2.1
greasers	1.9
greases	2.1
greasier	1.4
greasily	0.0
greasing	2.3
greasy	3.5
great	5.9
greaten	0.0
greatens	0.0
greater	4.9
greatest	4.8
greatly	4.3
greats	3.3
greave	1.2
greaved	0.0
greaves	2.8
grebe	2.2
grebes	2.0
grecize	0.0
grecized	0.0
grecizes	0.0
gree	2.3
greed	3.7
greedier	1.6
greedily	2.4
greeds	1.1
greedy	3.8
greegree	0.0
greeing	0.0
greek	4.5
green	5.1
greenbug	0.0
greened	1.6
greener	3.2
greenery	2.8
greenest	2.4
greenfly	1.3
greenie	2.0
greenier	0.0
greenies	2.0
greening	2.8
greenish	3.0
greenlet	0.0
greenly	1.8
greens	3.9
greenth	0.0
greenths	0.0
greenway	2.8
greeny	2.0
grees	1.1
greet	3.7
greeted	3.7
greeter	2.2
greeters	1.9
greeting	3.7
greets	3.1
grego	1.6
gregos	0.0
greige	1.4
greiges	0.0
greisen	1.4
greisens	0.0
gremial	0.0
gremials	0.0
gremlin	2.6
gremlins	2.6
gremmie	0.0
gremmies	0.0
gremmy	0.0
grenade	3.6
grenades	3.5
grew	4.7
grewsome	0.0
grey	4.5
greyed	2.0
greyer	1.9
greyest	0.0
greyhen	0.0
greyhens	0.0
greying	2.0
greyish	2.6
greylag	1.4
greylags	0.0
greyly	0.0
greyness	1.6
greys	2.9
gribble	2.2
gribbles	0.0
grid	4.2
gridder	0.0
gridders	0.0
griddle	2.5
griddled	1.4
griddles	1.5
gride	0.0
grided	0.0
grides	0.0
griding	0.0
gridiron	2.7
gridlock	2.8
grids	3.1
grief	4.1
griefs	2.0
grievant	0.0
grieve	3.3
grieved	2.7
griever	1.5
grievers	1.6
grieves	2.6
grieving	3.5
grievous	3.2
griff	2.7
griffe	1.0
griffes	1.1
griffin	3.9
griffins	2.4
griffon	2.4
griffons	1.7
griffs	1.1
grift	2.3
grifted	1.2
grifter	2.5
grifters	2.2
grifting	1.8
grifts	0.0
grig	1.6
grigri	1.1
grigris	0.0
grigs	0.0
grill	3.8
grillade	0.0
grillage	0.0
grille	3.1
grilled	3.7
griller	1.6
grillers	1.4
grilles	2.3
grilling	3.1
grills	2.9
grilse	1.1
grilses	0.0
grim	3.7
grimace	2.6
grimaced	2.2
grimacer	0.0
grimaces	2.2
grime	3.1
grimed	0.0
grimes	3.3
grimier	1.1
grimiest	0.0
grimily	0.0
griming	0.0
grimly	2.6
grimmer	2.1
grimmest	1.6
grimness	1.8
grimy	2.8
grin	3.6
grinch	2.9
grinches	1.3
grind	3.9
grinded	2.2
grinder	3.3
grinders	2.8
grindery	0.0
grinding	3.9
grinds	2.9
gringo	2.6
gringos	2.2
grinned	2.9
grinner	1.1
grinners	1.1
grinning	3.2
grins	2.8
griot	1.8
griots	1.5
grip	4.1
gripe	2.8
griped	1.7
griper	0.0
gripers	0.0
gripes	2.5
gripey	0.0
gripier	0.0
gripiest	0.0
griping	2.4
gripman	0.0
gripmen	0.0
grippe	1.5
gripped	3.1
gripper	2.2
grippers	1.9
grippes	0.0
grippier	0.0
gripping	3.4
gripple	0.0
grippy	2.1
grips	3.5
gripsack	0.0
gript	0.0
gripy	0.0
griseous	0.0
grisette	1.2
griskin	0.0
griskins	0.0
grislier	0.0
grisly	2.7
grison	0.0
grisons	1.6
grist	2.7
gristle	2.3
gristles	0.0
gristly	1.4
grists	0.0
grit	3.4
grith	0.0
griths	0.0
grits	2.9
gritted	2.5
grittier	2.2
grittily	0.0
gritting	2.2
gritty	3.4
grivet	0.0
grivets	0.0
grizzle	1.8
grizzled	2.6
grizzler	0.0
grizzles	1.5
grizzly	3.3
groan	3.1
groaned	2.7
groaner	1.2
groaners	0.0
groaning	2.9
groans	2.9
groat	2.1
groats	2.0
grocer	3.0
grocers	2.8
grocery	4.1
grog	2.6
groggery	0.0
groggier	0.0
groggily	1.8
groggy	2.6
grogram	0.0
grograms	0.0
grogs	1.1
grogshop	0.0
groin	3.3
groined	1.0
groining	0.0
groins	1.8
grommet	2.1
grommets	1.9
gromwell	0.0
groom	3.6
groomed	3.2
groomer	2.4
groomers	2.2
grooming	3.5
grooms	2.8
groove	3.7
grooved	2.6
groover	1.7
groovers	1.3
grooves	3.2
groovier	1.2
grooving	2.5
groovy	3.1
grope	2.7
groped	2.8
groper	1.9
gropers	1.2
gropes	2.0
groping	3.0
grosbeak	1.8
groschen	1.5
gross	4.5
grossed	3.2
grosser	2.6
grossers	1.3
grosses	2.6
grossest	2.5
grossing	3.1
grossly	3.3
grosz	2.1
grosze	0.0
groszy	0.0
grot	1.9
grots	1.2
grottier	0.0
grotto	2.9
grottoes	2.0
grottos	1.8
grotty	2.0
grouch	2.3
grouched	0.0
grouches	1.1
grouchy	2.6
ground	5.2
grounded	3.8
grounder	2.4
grounds	4.4
group	5.6
grouped	3.5
grouper	2.5
groupers	1.8
groupie	2.6
groupies	2.6
grouping	3.5
groupoid	1.3
groups	5.1
grouse	3.1
groused	1.5
grouser	0.0
grousers	0.0
grouses	1.4
grousing	1.8
grout	2.8
grouted	1.7
grouter	0.0
grouters	0.0
groutier	0.0
grouting	2.1
grouts	1.4
grouty	0.0
grove	3.9
groved	0.0
grovel	2.3
groveled	1.2
groveler	0.0
grovels	1.2
groves	3.4
grow	4.9
growable	0.0
grower	3.0
growers	3.5
growing	4.9
growl	3.1
growled	2.6
growler	2.5
growlers	2.2
growlier	0.0
growling	3.0
growls	2.7
growly	1.7
grown	4.7
grownup	2.6
grownups	2.6
grows	4.2
growth	5.0
growths	2.8
growthy	0.0
groyne	1.5
groynes	1.5
grub	3.1
grubbed	1.3
grubber	1.9
grubbers	1.5
grubbier	0.0
grubbily	0.0
grubbing	2.4
grubby	2.8
grubs	2.5
grubworm	0.0
grudge	3.3
grudged	0.0
grudger	0.0
grudgers	0.0
grudges	2.9
grudging	2.4
grue	1.9
gruel	2.4
grueled	0.0
grueler	0.0
gruelers	0.0
grueling	2.9
gruelled	0.0
grueller	0.0
gruels	0.0
grues	0.0
gruesome	3.3
gruff	2.8
gruffed	0.0
gruffer	0.0
gruffest	0.0
gruffier	0.0
gruffily	0.0
gruffing	0.0
gruffish	0.0
gruffly	1.7
gruffs	0.0
gruffy	0.0
grugru	0.0
grugrus	0.0
gruiform	0.0
grum	1.8
grumble	2.8
grumbled	2.5
grumbler	1.1
grumbles	2.5
grumbly	1.3
grume	0.0
grumes	0.0
grummer	0.0
grummest	0.0
grummet	0.0
grummets	0.0
grumose	0.0
grumous	0.0
grump	2.3
grumped	0.0
grumphie	0.0
grumphy	0.0
grumpier	1.6
grumpily	1.6
grumping	0.0
grumpish	0.0
grumps	2.3
grumpy	3.5
grunge	3.0
grunges	0.0
grungier	0.0
grungy	2.4
grunion	1.4
grunions	0.0
grunt	3.1
grunted	2.3
grunter	1.3
grunters	0.0
grunting	2.7
gruntle	0.0
gruntled	1.0
gruntles	0.0
grunts	2.9
grushie	0.0
grutch	0.0
grutched	0.0
grutches	0.0
grutten	0.0
gruyere	2.1
gruyeres	0.0
gryphon	2.2
gryphons	1.6
guacharo	0.0
guaco	0.0
guacos	0.0
guaiac	1.3
guaiacol	1.2
guaiacs	0.0
guaiacum	1.1
guaiocum	0.0
guan	2.8
guanaco	1.6
guanacos	1.6
guanase	0.0
guanases	0.0
guanay	0.0
guanays	0.0
guanidin	0.0
guanin	0.0
guanine	2.3
guanines	0.0
guanins	0.0
guano	2.6
guanos	0.0
guans	0.0
guar	2.3
guarani	2.2
guaranis	0.0
guaranty	2.6
guard	4.7
guardant	1.2
guarded	3.6
guarder	0.0
guarders	0.0
guardian	4.3
guarding	3.5
guards	4.3
guars	0.0
guava	2.6
guavas	1.8
guayule	1.1
guayules	0.0
guck	1.4
gucks	0.0
gude	2.1
gudes	0.0
gudgeon	1.9
gudgeons	1.0
guenon	1.5
guenons	1.2
guerdon	1.4
guerdons	0.0
gueridon	0.0
guerilla	2.9
guernsey	3.1
guess	5.2
guessed	3.7
guesser	1.6
guessers	1.3
guesses	3.2
guessing	3.9
guest	4.6
guested	1.7
guesting	2.0
guests	4.4
guff	2.3
guffaw	2.0
guffawed	1.7
guffaws	2.0
guffs	0.0
guggle	0.0
guggled	0.0
guggles	0.0
guggling	0.0
guglet	0.0
guglets	0.0
guid	2.3
guidable	0.0
guidance	4.3
guide	4.8
guided	4.1
guider	1.8
guiders	1.0
guides	4.0
guideway	1.9
guiding	3.7
guidon	1.6
guidons	1.1
guids	1.2
guild	3.9
guilder	2.0
guilders	2.4
guilds	3.1
guile	2.8
guiled	0.0
guileful	1.2
guiles	1.1
guiling	0.0
guilt	4.1
guiltier	1.5
guiltily	1.9
guilts	1.5
guilty	4.6
guimpe	0.0
guimpes	0.0
guinea	4.1
guineas	3.3
guipure	1.2
guipures	0.0
guiro	0.0
guiros	0.0
guisard	0.0
guisards	0.0
guise	3.5
guised	1.1
guises	2.5
guising	0.0
guitar	4.5
guitars	3.6
guitguit	0.0
gul	2.9
gulag	2.9
gulags	2.1
gular	1.7
gulch	2.8
gulches	1.1
gulden	2.1
guldens	0.0
gules	2.2
gulf	4.3
gulfed	0.0
gulfier	0.0
gulfiest	0.0
gulfing	0.0
gulflike	0.0
gulfs	2.0
gulfweed	0.0
gulfy	0.0
gull	3.0
gullable	0.0
gullably	0.0
gulled	1.5
gullet	2.4
gullets	1.4
gulley	2.0
gulleys	1.1
gullible	3.1
gullibly	0.0
gullied	0.0
gullies	2.5
gulling	1.0
gulls	3.0
gully	3.1
gullying	0.0
gulosity	0.0
gulp	2.9
gulped	2.2
gulper	1.2
gulpers	0.0
gulpier	0.0
gulpiest	0.0
gulping	2.3
gulps	2.3
gulpy	0.0
guls	1.1
gum	3.9
gumbo	2.7
gumboil	0.0
gumboils	0.0
gumboot	1.4
gumboots	1.6
gumbos	0.0
gumbotil	0.0
gumdrop	1.8
gumdrops	1.6
gumless	0.0
gumlike	0.0
gumma	1.3
gummas	0.0
gummata	0.0
gummed	2.0
gummer	2.2
gummers	0.0
gummier	0.0
gummiest	0.0
gumming	1.9
gummite	0.0
gummites	0.0
gummose	0.0
gummoses	0.0
gummosis	0.0
gummous	0.0
gummy	3.0
gumption	2.4
gums	3.2
gumshoe	2.1
gumshoed	0.0
gumshoes	1.2
gumtree	2.5
gumtrees	0.0
gumweed	0.0
gumweeds	0.0
gumwood	0.0
gumwoods	0.0
gun	5.0
gunboat	2.5
gunboats	2.5
gundog	1.3
gundogs	1.1
gunfight	2.9
gunfire	3.5
gunfires	0.0
gunflint	1.3
gunite	1.6
gunites	0.0
gunk	2.5
gunkhole	0.0
gunks	0.0
gunky	1.4
gunless	1.0
gunlock	0.0
gunlocks	0.0
gunman	3.3
gunmen	3.2
gunmetal	2.3
gunned	3.1
gunnel	1.5
gunnels	1.5
gunnen	0.0
gunner	3.3
gunners	3.3
gunnery	2.7
gunnies	0.0
gunning	3.1
gunnings	0.0
gunny	2.3
gunnybag	0.0
gunpaper	0.0
gunplay	2.3
gunplays	0.0
gunpoint	3.2
gunroom	0.0
gunrooms	0.0
guns	4.7
gunsel	0.0
gunsels	0.0
gunship	2.5
gunships	2.5
gunshot	3.5
gunshots	3.2
gunsmith	2.4
gunstock	1.4
gunwale	1.6
gunwales	1.7
guppies	2.2
guppy	2.5
gurge	0.0
gurged	0.0
gurges	0.0
gurging	0.0
gurgle	2.1
gurgled	1.7
gurgles	1.9
gurglet	0.0
gurglets	0.0
gurgling	2.5
gurnard	1.8
gurnards	0.0
gurnet	0.0
gurnets	0.0
gurney	3.1
gurneys	1.6
gurries	0.0
gurry	1.5
gursh	0.0
gurshes	0.0
guru	3.8
gurus	3.0
guruship	0.0
gush	2.8
gushed	2.5
gusher	2.1
gushers	1.7
gushes	2.4
gushier	0.0
gushiest	0.0
gushily	0.0
gushing	3.0
gushy	2.0
gusset	2.1
gusseted	0.0
gussets	1.6
gussie	2.1
gussied	1.7
gussies	0.0
gussy	1.7
gussying	0.0
gust	3.1
gustable	0.0
gusted	1.6
gustier	0.0
gustiest	0.0
gustily	0.0
gusting	2.6
gustless	0.0
gusto	3.0
gustoes	0.0
gusts	3.1
gusty	2.6
gut	4.0
gutless	2.6
gutlike	0.0
guts	3.8
gutsier	0.0
gutsiest	1.3
gutsily	0.0
gutsy	2.7
gutta	2.4
guttae	0.0
guttate	1.1
guttated	0.0
gutted	3.4
gutter	3.4
guttered	1.3
gutters	2.9
guttery	0.0
guttier	0.0
guttiest	0.0
gutting	2.7
guttle	0.0
guttled	0.0
guttler	0.0
guttlers	0.0
guttles	0.0
guttling	0.0
guttural	2.5
gutty	1.4
guv	2.1
guvs	0.0
guy	5.4
guyed	1.5
guying	1.1
guyline	0.0
guylines	0.0
guyot	2.0
guyots	0.0
guys	5.4
guzzle	2.2
guzzled	1.8
guzzler	2.0
guzzlers	1.8
guzzles	1.4
guzzling	2.5
gweduc	0.0
gweduck	0.0
gweducks	0.0
gweducs	0.0
gybe	1.3
gybed	0.0
gybes	0.0
gybing	0.0
gym	4.4
gymkhana	2.0
gymnasia	1.8
gymnast	3.1
gymnasts	2.7
gyms	3.2
gynaecea	0.0
gynaecia	0.0
gynandry	0.0
gynarchy	0.0
gynecia	0.0
gynecic	0.0
gynecium	0.0
gynecoid	0.0
gyniatry	0.0
gynoecia	0.0
gyp	2.0
gyplure	0.0
gyplures	0.0
gypped	1.6
gypper	0.0
gyppers	0.0
gypping	0.0
gyps	1.4
gypseian	0.0
gypseous	0.0
gypsied	0.0
gypsies	3.1
gypster	0.0
gypsters	0.0
gypsum	2.9
gypsums	0.0
gypsy	3.5
gypsydom	0.0
gypsying	0.0
gypsyish	0.0
gypsyism	0.0
gyral	0.0
gyrally	0.0
gyrase	1.4
gyrases	0.0
gyrate	1.8
gyrated	1.4
gyrates	1.2
gyrating	2.1
gyration	1.8
gyrator	1.1
gyrators	0.0
gyratory	1.8
gyre	2.2
gyred	0.0
gyrene	0.0
gyrenes	0.0
gyres	1.8
gyri	1.8
gyring	0.0
gyro	2.9
gyroidal	0.0
gyron	0.0
gyrons	0.0
gyros	2.3
gyrose	0.0
gyrostat	0.0
gyrus	2.5
gyve	0.0
gyved	0.0
gyves	0.0
gyving	0.0
haaf	1.1
haafs	0.0
haar	2.4
haars	0.0
habanera	1.5
habdalah	0.0
habile	0.0
habit	4.2
habitan	0.0
habitans	0.0
habitant	1.4
habitat	4.0
habitats	3.5
habited	1.2
habiting	1.3
habits	4.2
habitual	3.1
habitude	1.4
habitue	1.1
habitues	0.0
habitus	1.9
haboob	1.4
haboobs	0.0
habu	1.6
habus	0.0
hacek	0.0
haceks	0.0
hachure	0.0
hachured	0.0
hachures	1.1
hacienda	2.8
hack	4.0
hackbut	0.0
hackbuts	0.0
hacked	3.8
hackee	0.0
hackees	0.0
hacker	3.7
hackers	3.7
hackie	0.0
hackies	0.0
hacking	3.9
hackle	1.9
hackled	0.0
hackler	1.1
hacklers	0.0
hackles	2.2
hacklier	0.0
hackling	0.0
hackly	0.0
hackman	2.4
hackmen	0.0
hackney	3.2
hackneys	1.1
hacks	3.5
hacksaw	2.5
hacksaws	1.3
hackwork	0.0
had	6.3
hadal	1.2
hadarim	0.0
haddest	0.0
haddock	2.8
haddocks	1.2
hade	2.0
haded	0.0
hades	3.2
hading	0.0
hadith	3.0
hadiths	2.3
hadj	1.9
hadjee	0.0
hadjees	0.0
hadjes	0.0
hadji	2.2
hadjis	0.0
hadron	2.7
hadronic	1.7
hadrons	1.9
hadst	1.8
hae	3.1
haed	0.0
haeing	0.0
haem	1.6
haemal	1.1
haematal	0.0
haematic	0.0
haematin	0.0
haemic	0.0
haemin	0.0
haemins	0.0
haemoid	0.0
haems	0.0
haen	1.3
haeredes	0.0
haeres	0.0
haes	1.6
haet	0.0
haets	0.0
haffet	0.0
haffets	0.0
haffit	0.0
haffits	0.0
hafis	0.0
hafiz	2.7
hafnium	1.9
hafniums	0.0
haft	2.2
haftara	0.0
haftarah	1.1
haftaras	0.0
haftarot	0.0
hafted	1.2
hafter	1.1
hafters	0.0
hafting	1.0
haftorah	0.0
haftorot	0.0
hafts	1.0
hag	3.0
hagadic	0.0
hagadist	0.0
hagberry	0.0
hagborn	0.0
hagbush	0.0
hagbut	0.0
hagbuts	0.0
hagdon	0.0
hagdons	0.0
hagfish	1.7
haggada	0.0
haggadah	1.9
haggadas	0.0
haggadic	0.0
haggadot	0.0
haggard	2.9
haggards	0.0
hagged	0.0
hagging	0.0
haggis	2.7
haggises	0.0
haggish	0.0
haggle	2.6
haggled	1.8
haggler	1.4
hagglers	0.0
haggles	1.1
haggling	2.6
hagride	0.0
hagrides	0.0
hagrode	0.0
hags	2.3
hah	3.5
haha	4.5
hahas	0.0
hahnium	0.0
hahniums	0.0
hahs	1.2
haik	1.5
haika	0.0
haiks	0.0
haiku	3.1
hail	3.9
hailed	3.5
hailer	1.6
hailers	0.0
hailing	3.1
hails	3.1
hair	5.1
hairball	2.1
hairband	1.7
haircap	0.0
haircaps	0.0
haircut	3.7
haircuts	3.1
hairdo	2.7
hairdos	2.0
haired	3.7
hairier	1.8
hairiest	1.7
hairless	2.9
hairlike	1.4
hairline	3.1
hairlock	0.0
hairnet	1.7
hairnets	1.4
hairpin	2.8
hairpins	2.2
hairs	3.8
hairwork	0.0
hairworm	0.0
hairy	3.8
haj	2.5
hajes	0.0
haji	2.8
hajis	1.2
hajj	3.0
hajjes	0.0
hajji	2.2
hajjis	0.0
hake	2.4
hakeem	2.9
hakeems	0.0
hakes	1.2
hakim	2.8
hakims	0.0
halacha	1.8
halachas	0.0
halachot	0.0
halakah	0.0
halakahs	0.0
halakha	1.6
halakhas	0.0
halakhot	0.0
halakic	0.0
halakist	0.0
halakoth	0.0
halala	1.1
halalah	0.0
halalahs	0.0
halalas	0.0
halation	1.6
halavah	0.0
halavahs	0.0
halazone	0.0
halberd	2.0
halberds	1.8
halbert	2.1
halberts	0.0
halcyon	2.6
halcyons	0.0
hale	3.6
haled	1.3
haleness	0.0
haler	1.2
halers	0.0
haleru	0.0
hales	2.9
halest	0.0
half	5.4
halfback	3.0
halfbeak	0.0
halflife	1.6
halfness	0.0
halftime	3.6
halftone	2.0
halfway	4.1
halibut	2.7
halibuts	0.0
halid	0.0
halide	2.5
halides	2.4
halidom	0.0
halidome	0.0
halidoms	0.0
halids	0.0
haling	1.3
halite	1.7
halites	0.0
halitus	0.0
hall	4.9
hallah	0.0
hallahs	0.0
hallel	1.4
hallels	0.0
halliard	0.0
hallmark	3.4
hallo	2.8
halloa	0.0
halloaed	0.0
halloas	0.0
halloed	0.0
halloes	0.0
halloing	0.0
halloo	1.6
hallooed	0.0
halloos	0.0
hallos	0.0
hallot	0.0
halloth	0.0
hallow	2.4
hallowed	3.0
hallower	0.0
hallows	2.8
halls	3.9
halluces	0.0
hallux	1.9
hallway	3.7
hallways	3.1
halm	1.6
halma	1.3
halmas	0.0
halms	0.0
halo	3.8
haloed	1.4
haloes	1.5
halogen	2.8
halogens	2.1
haloid	1.2
haloids	0.0
haloing	0.0
halolike	0.0
halos	2.6
halt	3.9
halted	3.5
halter	2.8
haltere	0.0
haltered	1.1
halteres	1.4
halters	1.6
halting	3.0
haltless	0.0
halts	2.9
halutz	0.0
halutzim	0.0
halva	1.6
halvah	0.0
halvahs	0.0
halvas	0.0
halve	2.6
halved	3.0
halvers	0.0
halves	3.5
halving	2.5
halyard	2.0
halyards	1.6
ham	4.1
hamada	2.4
hamadas	0.0
hamal	1.5
hamals	0.0
hamartia	1.3
hamate	1.5
hamates	0.0
hamaul	0.0
hamauls	0.0
hambone	1.6
hamboned	0.0
hambones	0.0
hamburg	3.6
hamburgs	1.1
hame	2.1
hames	2.1
hamlet	3.6
hamlets	3.0
hammada	0.0
hammadas	0.0
hammal	0.0
hammals	0.0
hammed	1.7
hammer	4.2
hammered	3.4
hammerer	0.0
hammers	3.3
hammier	0.0
hammiest	0.0
hammily	0.0
hamming	2.3
hammock	3.1
hammocks	2.6
hammy	2.5
hamper	3.3
hampered	3.3
hamperer	0.0
hampers	2.7
hams	2.9
hamster	3.3
hamsters	2.9
hamular	0.0
hamulate	0.0
hamuli	0.0
hamulose	0.0
hamulous	0.0
hamulus	0.0
hamza	2.9
hamzah	2.1
hamzahs	0.0
hamzas	0.0
hanaper	0.0
hanapers	0.0
hance	2.0
hances	0.0
hand	5.4
handbag	3.4
handbags	3.2
handball	3.1
handbell	1.6
handbill	1.9
handbook	3.9
handcar	1.2
handcars	0.0
handcart	1.9
handcuff	2.6
handed	4.4
handfast	0.0
handful	4.1
handfuls	2.6
handgrip	1.6
handgun	3.4
handguns	3.0
handheld	3.4
handhold	1.9
handicap	3.6
handier	1.7
handiest	1.6
handily	2.8
handing	3.8
handle	4.8
handled	4.2
handler	3.5
handlers	3.2
handles	3.9
handless	1.5
handlike	0.0
handling	4.4
handlist	1.1
handloom	2.3
handmade	3.6
handmaid	2.2
handoff	2.5
handoffs	1.7
handout	3.0
handouts	3.1
handover	3.0
handpick	1.7
handrail	2.4
hands	5.2
handsaw	1.6
handsaws	1.1
handsel	1.1
handsels	0.0
handset	3.1
handsets	2.7
handsewn	1.1
handsful	0.0
handsome	4.2
handwork	2.1
handwrit	0.0
handy	4.0
handyman	2.9
handymen	1.8
hang	4.6
hangable	0.0
hangar	3.3
hangared	0.0
hangars	2.5
hangbird	0.0
hangdog	1.6
hangdogs	0.0
hanged	3.6
hanger	3.2
hangers	3.0
hangfire	0.0
hanging	4.5
hangings	2.7
hangman	2.7
hangmen	1.6
hangnail	1.6
hangnest	0.0
hangout	3.1
hangouts	2.7
hangover	3.5
hangs	3.7
hangtag	0.0
hangtags	0.0
hangul	2.3
hangup	1.8
hangups	1.7
haniwa	0.0
hank	3.7
hanked	0.0
hanker	2.0
hankered	1.5
hankerer	0.0
hankers	1.3
hankie	1.8
hankies	1.8
hanking	0.0
hanks	3.2
hanky	2.4
hansa	2.2
hansas	0.0
hanse	2.1
hansel	2.7
hanseled	0.0
hansels	0.0
hanses	0.0
hansom	2.0
hansoms	0.0
hant	1.3
hanted	0.0
hanting	0.0
hantle	0.0
hantles	0.0
hants	2.4
hanuman	2.7
hanumans	0.0
hao	2.9
haole	1.8
haoles	1.2
hap	3.0
hapax	1.3
hapaxes	0.0
haphtara	0.0
hapless	2.9
haplite	0.0
haplites	0.0
haploid	2.3
haploids	0.0
haploidy	0.0
haplont	0.0
haplonts	0.0
haplopia	0.0
haploses	0.0
haplosis	0.0
haply	1.8
happed	1.6
happen	5.2
happened	5.2
happens	5.0
happier	4.1
happiest	3.6
happily	4.1
happing	1.5
happy	5.3
haps	2.1
hapten	1.1
haptene	0.0
haptenes	0.0
haptenic	0.0
haptens	0.0
haptic	2.5
haptical	0.0
harangue	2.1
harass	3.3
harassed	3.5
harasser	2.1
harasses	2.3
harbor	4.2
harbored	2.6
harborer	0.0
harbors	3.0
harbour	4.0
harbours	2.9
hard	5.5
hardback	2.8
hardball	2.8
hardboot	0.0
hardcase	1.6
hardcore	4.0
hardedge	0.0
harden	3.5
hardened	3.5
hardener	1.8
hardens	2.6
harder	4.6
hardest	4.1
hardhack	0.0
hardhat	1.7
hardhats	1.5
hardhead	1.5
hardier	2.0
hardies	1.1
hardiest	1.9
hardily	1.1
hardline	3.0
hardly	4.5
hardness	3.2
hardnose	0.0
hardpan	1.6
hardpans	0.0
hards	2.3
hardset	0.0
hardship	3.6
hardtack	1.8
hardtop	2.4
hardtops	1.2
hardware	4.3
hardwire	1.7
hardwood	3.3
hardy	3.9
hare	3.7
harebell	1.2
hared	1.3
hareem	1.4
hareems	0.0
harelike	0.0
harelip	1.5
harelips	0.0
harem	3.1
harems	2.1
hares	2.8
hariana	0.0
harianas	0.0
haricot	1.5
haricots	1.3
harijan	1.6
harijans	1.2
haring	2.4
hark	2.8
harked	1.6
harken	2.2
harkened	1.5
harkener	0.0
harkens	2.0
harking	2.1
harks	2.1
harl	1.7
harlot	2.6
harlotry	1.3
harlots	2.2
harls	0.0
harm	4.5
harmed	3.5
harmer	2.3
harmers	1.2
harmful	4.0
harmin	0.0
harmine	1.1
harmines	0.0
harming	3.4
harmins	0.0
harmless	3.8
harmonic	3.3
harmony	4.1
harms	3.3
harness	3.7
harp	3.4
harped	1.8
harper	4.0
harpers	2.6
harpies	2.2
harpin	1.2
harping	2.5
harpings	0.0
harpins	0.0
harpist	2.2
harpists	1.5
harpoon	2.8
harpoons	2.3
harps	2.6
harpy	2.5
harridan	1.7
harried	2.4
harrier	2.7
harriers	2.4
harries	2.5
harrow	3.1
harrowed	1.6
harrower	1.8
harrows	1.6
harrumph	1.6
harry	4.7
harrying	1.8
harsh	4.1
harshen	0.0
harshens	0.0
harsher	3.1
harshest	2.7
harshly	3.3
harslet	0.0
harslets	0.0
hart	4.0
hartal	1.6
hartals	1.0
harts	2.3
harumph	1.1
harumphs	0.0
haruspex	1.1
harvest	4.0
harvests	2.9
has	6.4
hash	3.6
hashed	2.4
hasheesh	1.2
hashes	2.4
hashhead	0.0
hashing	2.6
hashish	2.6
haslet	1.6
haslets	0.0
hasp	1.8
hasped	0.0
hasping	0.0
hasps	0.0
hassel	2.0
hassels	0.0
hassle	3.6
hassled	2.3
hassles	2.5
hassling	2.2
hassock	1.2
hassocks	1.6
hast	3.1
hastate	0.0
haste	3.4
hasted	1.8
hasteful	0.0
hasten	2.9
hastened	2.7
hastener	0.0
hastens	2.0
hastes	0.0
hastier	0.0
hastiest	0.0
hastily	3.3
hasting	1.6
hasty	3.3
hat	4.5
hatable	0.0
hatband	1.5
hatbands	0.0
hatbox	1.6
hatboxes	0.0
hatch	3.8
hatcheck	0.0
hatched	3.3
hatchel	0.0
hatchels	0.0
hatcher	2.8
hatchers	1.1
hatchery	2.8
hatches	3.0
hatchet	3.1
hatchets	2.1
hatching	3.1
hatchway	1.6
hate	5.1
hateable	1.2
hated	4.2
hateful	3.5
hater	3.1
haters	3.5
hates	4.2
hatful	1.8
hatfuls	0.0
hath	3.6
hating	3.8
hatless	1.6
hatlike	0.0
hatmaker	1.3
hatpin	1.4
hatpins	1.1
hatrack	1.1
hatracks	0.0
hatred	4.0
hatreds	2.3
hats	4.0
hatsful	0.0
hatted	2.1
hatter	2.8
hatteria	0.0
hatters	2.3
hatting	1.6
hauberk	1.3
hauberks	0.0
haugh	2.1
haughs	0.0
haughty	2.7
haul	3.9
haulage	2.7
haulages	0.0
hauled	3.4
hauler	2.5
haulers	2.3
haulier	1.5
hauliers	1.8
hauling	3.4
haulm	0.0
haulmier	0.0
haulms	0.0
haulmy	0.0
hauls	2.8
haulyard	0.0
haunch	1.8
haunched	0.0
haunches	2.1
haunt	3.5
haunted	3.9
haunter	1.8
haunters	1.2
haunting	3.5
haunts	3.2
hausen	1.6
hausens	0.0
hausfrau	1.3
haut	2.5
hautbois	1.1
hautboy	0.0
hautboys	0.0
haute	3.2
hauteur	1.7
hauteurs	0.0
havarti	1.6
havartis	0.0
havdalah	1.3
have	6.7
havelock	2.5
haven	4.1
havened	0.0
havening	0.0
havens	3.0
haver	2.2
havered	0.0
haverel	0.0
haverels	0.0
havering	2.1
havers	2.3
haves	3.0
having	5.6
havior	0.0
haviors	0.0
haviour	0.0
haviours	0.0
havoc	3.5
havocked	0.0
havocker	0.0
havocs	1.3
haw	3.1
hawed	1.5
hawfinch	1.3
hawing	1.7
hawk	3.8
hawkbill	0.0
hawked	1.9
hawker	2.8
hawkers	2.5
hawkey	1.7
hawkeyed	0.0
hawkeys	0.0
hawkie	0.0
hawkies	0.0
hawking	3.2
hawkings	1.6
hawkish	2.4
hawklike	0.0
hawkmoth	1.5
hawknose	0.0
hawks	3.9
hawkshaw	1.6
hawkweed	1.2
haws	2.0
hawse	1.4
hawser	1.6
hawsers	1.2
hawses	0.0
hawthorn	3.2
hay	3.9
haycock	1.7
haycocks	0.0
hayed	0.0
hayer	1.3
hayers	0.0
hayfield	2.1
hayfork	1.2
hayforks	0.0
haying	1.4
hayings	0.0
haylage	1.2
haylages	0.0
hayloft	1.9
haylofts	0.0
haymaker	2.0
haymow	0.0
haymows	0.0
hayrack	0.0
hayracks	0.0
hayrick	0.0
hayricks	0.0
hayride	2.2
hayrides	1.6
hays	3.2
hayseed	1.7
hayseeds	1.3
haystack	2.8
hayward	3.4
haywards	2.0
haywire	2.6
haywires	0.0
hazan	2.0
hazanim	0.0
hazans	0.0
hazard	4.0
hazarded	1.3
hazards	3.6
haze	3.4
hazed	2.1
hazel	3.5
hazelhen	0.0
hazelly	0.0
hazelnut	2.8
hazels	1.5
hazer	1.1
hazers	0.0
hazes	1.5
hazier	1.3
haziest	0.0
hazily	1.5
haziness	1.6
hazing	2.9
hazings	0.0
hazy	3.1
hazzan	0.0
hazzanim	0.0
hazzans	0.0
head	5.5
headache	4.0
headachy	1.1
headband	3.0
headed	4.5
header	3.9
headers	3.1
headfish	0.0
headgate	0.0
headgear	2.9
headhunt	1.3
headier	1.2
headiest	0.0
headily	0.0
heading	4.5
headings	2.9
headlamp	2.5
headland	2.7
headless	3.0
headline	4.0
headlock	2.5
headlong	2.7
headman	2.4
headmen	1.9
headmost	0.0
headnote	1.1
headpin	0.0
headpins	0.0
headrace	0.0
headrest	2.4
headroom	2.6
heads	4.7
headsail	1.3
headset	3.5
headsets	3.0
headship	2.2
headsman	1.5
headsmen	0.0
headstay	0.0
headway	3.0
headways	1.7
headwind	2.3
headword	1.1
headwork	1.1
heady	2.9
heal	4.1
healable	0.0
healed	3.7
healer	3.3
healers	2.9
healing	4.2
heals	3.3
health	5.4
healths	1.5
healthy	4.8
heap	3.6
heaped	2.9
heaping	2.6
heaps	3.3
hear	5.2
hearable	0.0
heard	5.3
hearer	2.1
hearers	2.2
hearing	4.8
hearings	3.8
hearken	2.3
hearkens	1.7
hears	3.8
hearsay	3.0
hearsays	0.0
hearse	2.8
hearsed	0.0
hearses	1.8
hearsing	0.0
heart	5.3
hearted	3.8
hearten	1.5
heartens	1.0
hearth	3.1
hearths	2.2
heartier	1.6
hearties	1.9
heartily	2.9
hearting	1.2
hearts	4.4
hearty	3.4
heat	4.9
heatable	0.0
heated	4.1
heatedly	2.0
heater	3.5
heaters	3.2
heath	3.8
heathen	3.1
heathens	2.9
heather	3.9
heathers	2.2
heathery	1.3
heathier	0.0
heaths	2.1
heathy	1.9
heating	4.2
heatless	1.3
heats	3.4
heaume	0.0
heaumes	0.0
heave	2.9
heaved	2.4
heaven	4.6
heavenly	3.8
heavens	3.7
heaver	1.6
heavers	1.2
heaves	2.2
heavier	3.9
heavies	2.4
heaviest	3.4
heavily	4.5
heaving	2.8
heavy	5.0
heavyset	2.0
hebdomad	0.0
hebe	2.1
hebes	1.4
hebetate	0.0
hebetic	0.0
hebetude	0.0
hebraize	0.0
hecatomb	1.2
heck	4.0
heckle	2.4
heckled	2.4
heckler	2.6
hecklers	2.2
heckles	1.9
heckling	2.5
hecks	1.5
hectare	3.1
hectares	3.4
hectic	3.3
hectical	0.0
hecticly	0.0
hector	3.6
hectored	1.2
hectors	1.6
heddle	1.7
heddles	1.2
heder	1.6
heders	0.0
hedge	3.7
hedged	2.6
hedgehog	3.2
hedgehop	0.0
hedgepig	0.0
hedger	1.8
hedgerow	2.2
hedgers	1.4
hedges	3.3
hedgier	0.0
hedgiest	0.0
hedging	3.0
hedgy	0.0
hedonic	2.2
hedonics	0.0
hedonism	2.6
hedonist	2.0
heed	3.5
heeded	2.7
heeder	0.0
heeders	0.0
heedful	1.1
heeding	2.4
heedless	2.1
heeds	2.0
heehaw	0.0
heehawed	0.0
heehaws	0.0
heel	3.8
heelball	0.0
heeled	2.9
heeler	2.0
heelers	1.8
heeling	1.9
heelings	0.0
heelless	0.0
heelpost	0.0
heels	4.1
heeltap	0.0
heeltaps	0.0
heeze	1.0
heezed	0.0
heezes	0.0
heezing	0.0
heft	2.8
hefted	1.5
hefter	1.2
hefters	0.0
heftier	1.7
heftiest	0.0
heftily	0.0
hefting	1.4
hefts	0.0
hefty	3.4
hegari	0.0
hegaris	0.0
hegemony	3.1
hegira	1.3
hegiras	0.0
hegumen	0.0
hegumene	0.0
hegumens	0.0
hegumeny	0.0
heh	3.7
hehs	1.1
heifer	2.6
heifers	2.4
heigh	2.0
height	4.5
heighten	2.8
heighth	0.0
heighths	0.0
heights	4.1
heil	2.8
heiled	0.0
heiling	1.3
heils	0.0
heimish	0.0
heinie	2.0
heinies	0.0
heinous	3.2
heir	3.9
heirdom	0.0
heirdoms	0.0
heired	0.0
heiress	3.1
heiring	0.0
heirless	1.2
heirloom	3.0
heirs	3.5
heirship	1.2
heishi	1.2
heist	3.4
heisted	0.0
heister	1.6
heisters	0.0
heisting	1.1
heists	2.5
hejira	1.1
hejiras	0.0
hektare	0.0
hektares	0.0
held	5.2
heliac	0.0
heliacal	1.4
heliast	0.0
heliasts	0.0
helical	2.8
helices	2.2
helicity	1.8
helicoid	1.4
helicon	1.9
helicons	0.0
helicopt	0.0
helilift	0.0
helio	2.4
helios	2.6
helipad	2.5
helipads	1.7
heliport	2.2
helistop	0.0
helium	3.4
heliums	0.0
helix	3.3
helixes	1.4
hell	5.1
hellbent	2.3
hellbox	0.0
hellcat	2.5
hellcats	1.9
helled	0.0
heller	3.3
helleri	0.0
hellers	1.2
hellery	0.0
hellfire	2.9
hellhole	2.5
helling	1.5
hellion	2.1
hellions	1.9
hellish	2.9
hellkite	0.0
hello	4.7
helloed	0.0
helloes	0.0
helloing	0.0
hellos	2.1
hells	3.1
helluva	2.8
helm	3.6
helmed	2.5
helmet	4.0
helmeted	2.2
helmets	3.6
helming	1.9
helminth	1.8
helmless	0.0
helms	2.9
helmsman	2.5
helmsmen	1.4
helo	2.5
helos	1.8
helot	1.3
helotage	0.0
helotism	0.0
helotry	0.0
helots	1.7
help	5.8
helpable	0.0
helped	4.9
helper	3.4
helpers	3.2
helpful	4.4
helping	4.8
helpings	2.2
helpless	3.7
helpmate	1.8
helpmeet	1.3
helps	4.7
helve	1.2
helved	0.0
helves	0.0
helving	0.0
hem	3.2
hemagog	0.0
hemagogs	0.0
hemal	1.2
hematal	0.0
hematein	0.0
hematic	0.0
hematics	0.0
hematin	0.0
hematine	0.0
hematins	0.0
hematite	2.5
hematoid	0.0
hematoma	2.6
heme	2.5
hemes	1.1
hemic	0.0
hemin	1.4
hemins	0.0
hemiola	0.0
hemiolas	0.0
hemiolia	0.0
hemipter	0.0
hemline	1.9
hemlines	1.8
hemlock	2.9
hemlocks	1.7
hemmed	2.7
hemmer	1.8
hemmers	0.0
hemming	2.6
hemocoel	0.0
hemocyte	1.0
hemoid	0.0
hemolyze	0.0
hemostat	1.4
hemp	3.4
hempen	1.4
hempie	0.0
hempier	0.0
hempiest	0.0
hemplike	0.0
hemps	0.0
hempseed	1.4
hempweed	0.0
hempy	0.0
hems	2.3
hen	3.6
henbane	1.6
henbanes	0.0
henbit	1.1
henbits	0.0
hence	4.4
henchman	2.9
henchmen	2.9
hencoop	0.0
hencoops	0.0
henequen	1.3
henequin	0.0
henhouse	2.0
heniquen	0.0
henlike	0.0
henna	2.8
hennaed	1.0
hennaing	0.0
hennas	1.0
hennery	0.0
henpeck	0.0
henpecks	0.0
henries	1.3
henry	4.7
henrys	2.0
hens	3.2
hent	1.3
hented	0.0
henting	0.0
hents	0.0
hep	2.9
heparin	2.6
heparins	1.0
hepatic	3.1
hepatica	1.8
hepatics	0.0
hepatize	0.0
hepatoma	1.6
hepcat	1.3
hepcats	0.0
heptad	1.1
heptads	0.0
heptagon	1.3
heptane	1.7
heptanes	0.0
heptarch	0.0
heptose	0.0
heptoses	0.0
her	6.3
herald	4.0
heralded	3.0
heraldic	2.5
heraldry	2.5
heralds	2.8
herb	3.8
herbage	1.8
herbages	0.0
herbal	3.4
herbals	1.8
herbaria	1.8
herbed	1.8
herbier	1.1
herbiest	0.0
herbless	0.0
herblike	0.0
herbs	3.6
herby	2.1
hercules	3.6
herd	3.8
herded	2.6
herder	2.7
herders	2.6
herdic	0.0
herdics	0.0
herding	3.0
herdlike	0.0
herdman	2.0
herdmen	0.0
herds	3.2
herdsman	2.1
herdsmen	2.5
here	6.0
hereat	1.1
hereaway	0.0
hereby	3.6
heredes	0.0
heredity	2.6
herein	3.7
hereinto	0.0
hereof	2.6
hereon	1.8
heres	3.2
heresies	2.5
heresy	3.4
heretic	3.0
heretics	3.0
hereto	2.5
heretrix	0.0
hereunto	1.4
hereupon	1.5
herewith	2.4
heriot	2.4
heriots	1.4
heritage	4.4
heritor	0.0
heritors	1.2
heritrix	0.0
herl	1.2
herls	0.0
herm	2.3
herma	1.5
hermae	0.0
hermaean	0.0
hermai	0.0
hermetic	2.6
hermit	3.2
hermitic	0.0
hermitry	0.0
hermits	2.5
herms	1.6
hern	2.0
hernia	3.0
herniae	0.0
hernial	0.0
hernias	2.2
herniate	1.3
herns	0.0
hero	4.7
heroes	4.3
heroic	3.8
heroical	0.0
heroics	2.9
heroin	3.9
heroine	3.5
heroines	3.0
heroins	0.0
heroism	3.3
heroisms	0.0
heroize	0.0
heroized	0.0
heroizes	0.0
heron	3.1
heronry	1.1
herons	2.5
heros	2.8
herpes	3.4
herpetic	1.6
herried	0.0
herries	1.8
herring	3.5
herrings	2.5
herry	1.7
herrying	0.0
hers	4.0
herself	4.8
herstory	2.0
hertz	3.1
hertzes	0.0
hes	4.0
hesitant	3.4
hesitate	3.8
hessian	2.6
hessians	1.9
hessite	0.0
hessites	0.0
hest	1.8
hests	0.0
het	3.1
hetaera	0.0
hetaerae	0.0
hetaeras	0.0
hetaeric	0.0
hetaira	0.0
hetairai	0.0
hetairas	0.0
hetero	2.7
heteros	1.6
heth	1.9
heths	0.0
hetman	2.0
hetmans	0.0
hets	1.4
heuch	0.0
heuchs	0.0
heugh	1.2
heughs	0.0
hew	2.6
hewable	0.0
hewed	1.9
hewer	1.9
hewers	1.2
hewing	1.8
hewn	2.7
hews	1.8
hex	3.3
hexad	0.0
hexade	0.0
hexades	0.0
hexadic	0.0
hexads	0.0
hexagon	2.8
hexagons	2.3
hexagram	1.9
hexamine	1.3
hexane	2.1
hexanes	1.1
hexapla	1.1
hexaplar	0.0
hexaplas	0.0
hexapod	1.4
hexapods	1.1
hexapody	0.0
hexarchy	0.0
hexed	1.9
hexer	1.3
hexerei	0.0
hexereis	0.0
hexers	0.0
hexes	2.2
hexing	1.5
hexone	0.0
hexones	0.0
hexosan	0.0
hexosans	0.0
hexose	1.4
hexoses	0.0
hexyl	1.4
hexyls	0.0
hey	5.1
heyday	3.1
heydays	1.5
heydey	1.1
heydeys	0.0
hiatal	1.6
hiatus	3.5
hiatuses	1.6
hibachi	2.1
hibachis	0.0
hibernal	1.1
hibiscus	2.8
hic	2.6
hiccough	1.1
hiccup	2.9
hiccuped	1.3
hiccups	3.0
hick	2.7
hickey	3.1
hickeys	1.8
hickies	1.4
hickish	0.0
hickory	3.1
hicks	3.6
hid	3.8
hidable	0.0
hidalgo	2.9
hidalgos	1.1
hidden	4.5
hiddenly	0.0
hide	4.5
hideaway	2.8
hided	1.3
hideless	0.0
hideous	3.5
hideout	3.0
hideouts	2.3
hider	2.1
hiders	1.4
hides	3.7
hiding	4.3
hidings	1.1
hidroses	0.0
hidrosis	0.0
hidrotic	0.0
hie	2.5
hied	1.1
hieing	0.0
hiemal	0.0
hierarch	1.8
hieratic	1.9
hies	1.5
higgle	0.0
higgled	0.0
higgler	0.0
higglers	0.0
higgles	0.0
higgling	0.0
high	5.8
highball	2.1
highborn	1.9
highboy	1.3
highboys	0.0
highbred	0.0
highbrow	2.4
highbush	1.4
higher	5.2
highest	4.9
highjack	1.4
highland	3.7
highlife	2.1
highly	4.9
highness	3.3
highroad	1.7
highs	3.6
highspot	0.0
hight	2.5
hightail	1.8
highted	0.0
highth	0.0
highths	0.0
highting	0.0
hights	1.4
highway	4.5
highways	3.9
hijack	3.1
hijacked	3.3
hijacker	2.6
hijacks	2.2
hijinks	2.2
hike	4.0
hiked	3.0
hiker	2.8
hikers	3.1
hikes	3.3
hiking	3.9
hila	2.0
hilar	1.9
hilarity	2.8
hilding	1.4
hildings	0.0
hili	1.4
hill	4.8
hilled	0.0
hiller	2.8
hillers	1.3
hillier	2.5
hilliest	0.0
hilling	1.6
hillo	1.1
hilloa	0.0
hilloaed	0.0
hilloas	0.0
hillock	2.4
hillocks	2.0
hillocky	0.0
hilloed	0.0
hilloes	0.0
hilloing	0.0
hillos	0.0
hills	4.5
hillside	3.4
hilltop	3.1
hilltops	2.2
hilly	3.2
hilt	2.9
hilted	1.5
hilting	0.0
hiltless	0.0
hilts	2.0
hilum	1.7
hilus	0.0
him	6.1
himatia	0.0
himation	1.2
himself	5.2
hin	2.8
hind	3.5
hinder	3.4
hindered	3.2
hinderer	1.3
hinders	2.8
hindgut	1.5
hindguts	0.0
hindmost	1.6
hinds	2.8
hinge	3.3
hinged	3.1
hinger	0.0
hingers	0.0
hinges	3.3
hinging	2.0
hinnied	0.0
hinnies	0.0
hinny	1.4
hinnying	0.0
hins	1.1
hint	4.1
hinted	3.4
hinter	1.5
hinters	0.0
hinting	3.1
hints	3.9
hip	4.5
hipbone	1.4
hipbones	1.4
hipless	0.0
hiplike	0.0
hipline	0.0
hiplines	0.0
hipness	1.4
hipparch	0.0
hipped	2.2
hipper	2.2
hippest	2.0
hippie	3.4
hippier	0.0
hippies	3.0
hippiest	0.0
hipping	0.0
hippish	0.0
hippo	3.1
hippos	2.8
hippy	3.0
hips	3.8
hipshot	1.0
hipster	3.4
hipsters	3.0
hirable	0.0
hiragana	2.3
hircine	0.0
hire	4.4
hireable	0.0
hired	4.4
hireling	1.8
hirer	1.9
hirers	1.4
hires	3.5
hiring	4.2
hirple	0.0
hirpled	0.0
hirples	0.0
hirpling	0.0
hirsel	0.0
hirseled	0.0
hirsels	0.0
hirsle	0.0
hirsled	0.0
hirsles	0.0
hirsling	0.0
hirsute	2.2
hirudin	0.0
hirudins	0.0
his	6.5
hisn	0.0
hispid	1.5
hiss	3.0
hissed	2.5
hisself	2.2
hisser	0.0
hissers	0.0
hisses	2.4
hissies	0.0
hissing	2.9
hissings	0.0
hissy	2.4
hist	2.9
histamin	0.0
histed	0.0
histidin	0.0
histing	0.0
histogen	0.0
histoid	0.0
histone	2.7
histones	2.2
historic	4.5
history	5.4
hists	0.0
hit	5.4
hitch	3.4
hitched	2.9
hitcher	1.4
hitchers	0.0
hitches	2.5
hitching	2.6
hither	2.8
hitherto	3.1
hitless	2.0
hits	4.7
hitter	3.5
hitters	3.2
hitting	4.5
hive	3.5
hived	1.6
hiveless	0.0
hives	3.1
hiving	1.5
hizzoner	0.0
hmm	4.1
hoactzin	0.0
hoagie	2.1
hoagies	1.8
hoagy	1.6
hoar	2.2
hoard	3.2
hoarded	2.5
hoarder	2.7
hoarders	2.4
hoarding	3.1
hoards	2.6
hoarier	0.0
hoariest	0.0
hoarily	0.0
hoars	0.0
hoarse	2.7
hoarsely	2.0
hoarsen	0.0
hoarsens	0.0
hoarser	0.0
hoarsest	0.0
hoary	2.3
hoatzin	1.2
hoatzins	0.0
hoax	3.5
hoaxed	1.6
hoaxer	1.7
hoaxers	1.6
hoaxes	2.6
hoaxing	1.3
hob	2.8
hobbed	0.0
hobbies	3.6
hobbing	1.1
hobbit	3.4
hobbits	2.7
hobble	2.4
hobbled	2.6
hobbler	0.0
hobblers	0.0
hobbles	1.9
hobbling	2.4
hobby	3.9
hobbyist	2.6
hoblike	0.0
hobnail	1.6
hobnails	1.1
hobnob	1.8
hobnobs	1.7
hobo	3.1
hoboed	0.0
hoboes	1.5
hoboing	0.0
hoboism	0.0
hoboisms	0.0
hobos	2.3
hobs	1.9
hock	2.8
hocked	1.4
hocker	1.7
hockers	0.0
hockey	4.4
hockeys	0.0
hocking	2.7
hocks	2.1
hockshop	0.0
hocus	2.6
hocused	0.0
hocuses	0.0
hocusing	0.0
hocussed	0.0
hocusses	0.0
hod	2.6
hodad	0.0
hodaddy	0.0
hodads	0.0
hodden	0.0
hoddens	0.0
hoddin	0.0
hoddins	0.0
hods	1.5
hoe	3.2
hoecake	0.0
hoecakes	0.0
hoed	2.0
hoedown	2.2
hoedowns	0.0
hoeing	2.2
hoelike	0.0
hoer	0.0
hoers	0.0
hoes	3.0
hog	3.6
hogan	3.6
hogans	1.7
hogback	1.6
hogbacks	1.1
hogfish	1.1
hogg	3.1
hogged	1.9
hogger	1.2
hoggers	1.3
hogget	1.2
hoggets	0.0
hogging	2.7
hoggish	0.0
hoggs	1.5
hoglike	0.0
hogmanay	1.9
hogmane	0.0
hogmanes	0.0
hogmenay	0.0
hognose	1.4
hognoses	0.0
hognut	0.0
hognuts	0.0
hogs	3.2
hogshead	1.9
hogtie	1.5
hogtied	1.8
hogties	0.0
hogtying	0.0
hogwash	2.4
hogweed	1.6
hogweeds	0.0
hoick	1.1
hoicked	0.0
hoicking	0.0
hoicks	0.0
hoiden	0.0
hoidened	0.0
hoidens	0.0
hoise	1.0
hoised	0.0
hoises	0.0
hoising	0.0
hoist	3.1
hoisted	3.0
hoister	0.0
hoisters	0.0
hoisting	2.7
hoists	2.4
hoke	2.5
hoked	0.0
hokes	1.2
hokey	2.6
hokier	0.0
hokiest	0.0
hokily	0.0
hokiness	0.0
hoking	0.0
hokku	1.0
hokum	2.0
hokums	0.0
hokypoky	0.0
holard	0.0
holards	0.0
hold	5.2
holdable	0.0
holdall	1.9
holdalls	0.0
holdback	1.6
holden	3.6
holder	4.2
holders	4.0
holdfast	2.1
holding	4.9
holdings	4.0
holdout	2.4
holdouts	2.2
holdover	2.4
holds	4.6
holdup	2.4
holdups	1.8
hole	4.7
holed	3.0
holeless	0.0
holes	4.3
holey	2.1
holibut	0.0
holibuts	0.0
holiday	4.7
holidays	4.2
holier	2.5
holies	2.2
holiest	2.7
holily	0.0
holiness	3.5
holing	2.2
holism	1.9
holisms	0.0
holist	0.0
holistic	3.3
holists	0.0
holk	1.1
holked	0.0
holking	0.0
holks	0.0
holla	2.6
hollaed	0.0
hollaing	0.0
holland	4.1
hollands	2.2
hollas	1.1
holler	2.8
hollered	2.4
hollers	2.0
hollies	2.2
hollo	1.7
holloa	0.0
holloaed	0.0
holloas	0.0
holloed	0.0
holloes	0.0
holloing	0.0
holloo	0.0
hollooed	0.0
holloos	0.0
hollos	0.0
hollow	4.0
hollowed	2.8
hollower	0.0
hollowly	1.3
hollows	2.7
holly	3.9
holm	2.9
holmic	0.0
holmium	1.5
holmiums	0.0
holms	1.5
hologamy	0.0
hologram	3.1
hologyny	0.0
holotype	2.7
holozoic	0.0
holp	0.0
holpen	1.1
hols	2.0
holstein	2.8
holster	3.1
holsters	2.3
holt	3.7
holts	1.9
holy	4.9
holyday	1.6
holydays	1.5
holytide	0.0
homage	3.6
homaged	0.0
homager	0.0
homagers	0.0
homages	2.1
homaging	0.0
hombre	2.7
hombres	2.4
homburg	2.1
homburgs	0.0
home	5.8
homebody	2.1
homeboy	2.8
homeboys	2.2
homebred	1.4
homed	2.2
homeland	4.0
homeless	4.3
homelier	0.0
homelike	1.7
homely	2.9
homemade	3.8
homeobox	1.6
homeotic	1.3
homeport	1.8
homer	3.9
homered	2.5
homering	1.3
homeroom	2.5
homers	3.1
homes	4.7
homesick	2.9
homesite	1.7
homespun	2.5
homestay	1.9
hometown	3.9
homeward	2.7
homework	4.1
homey	2.8
homicide	3.8
homier	1.3
homiest	0.0
homilies	2.4
homilist	1.1
homily	2.6
homines	1.3
hominess	0.0
homing	3.0
hominian	0.0
hominid	2.3
hominids	2.2
hominies	0.0
hominine	0.0
hominize	0.0
hominoid	1.4
hominy	2.0
hommock	0.0
hommocks	0.0
hommos	0.0
hommoses	0.0
homo	3.6
homogamy	0.0
homogeny	0.0
homogony	0.0
homolog	2.1
homologs	2.0
homology	2.7
homonym	1.9
homonyms	2.0
homonymy	1.2
homos	2.3
homosex	1.3
homy	1.4
hon	3.9
honan	2.2
honans	0.0
honcho	2.4
honchoed	0.0
honchos	1.9
honda	3.9
hondas	2.1
hondle	0.0
hondled	0.0
hondles	0.0
hondling	0.0
hone	3.2
honed	3.0
honer	1.4
honers	0.0
hones	2.3
honest	4.7
honester	0.0
honestly	4.7
honesty	4.0
honewort	0.0
honey	4.4
honeybee	2.5
honeybun	1.6
honeydew	2.4
honeyed	2.3
honeyful	0.0
honeying	0.0
honeys	2.5
hong	4.5
hongs	1.2
honied	0.0
honing	2.8
honk	3.0
honked	2.4
honker	1.6
honkers	1.8
honkey	1.6
honkeys	0.0
honkie	0.0
honkies	1.3
honking	2.8
honks	2.2
honky	2.8
honor	4.7
honorand	0.0
honorary	3.7
honored	4.1
honoree	2.4
honorees	2.6
honorer	0.0
honorers	0.0
honoring	3.5
honors	3.9
honour	4.4
honoured	3.7
honourer	0.0
honours	3.6
hons	2.6
hooch	2.6
hooches	0.0
hood	4.2
hooded	3.3
hoodie	3.4
hoodier	0.0
hoodies	3.0
hoodiest	0.0
hooding	1.4
hoodless	1.2
hoodlike	0.0
hoodlum	2.3
hoodlums	2.4
hoodoo	2.5
hoodooed	0.0
hoodoos	1.6
hoods	3.1
hoodwink	2.0
hoody	2.3
hooey	1.8
hooeys	0.0
hoof	3.1
hoofbeat	0.0
hoofed	2.1
hoofer	1.5
hoofers	1.3
hoofing	1.8
hoofless	0.0
hooflike	0.0
hoofs	2.2
hook	4.4
hooka	1.3
hookah	2.8
hookahs	2.0
hookas	0.0
hooked	3.9
hooker	3.7
hookers	3.2
hookey	1.6
hookeys	0.0
hookier	0.0
hookies	0.0
hookiest	0.0
hooking	3.3
hookless	0.0
hooklet	0.0
hooklets	0.0
hooklike	0.0
hooknose	0.0
hooks	3.6
hookup	3.2
hookups	2.8
hookworm	2.0
hooky	2.2
hoolie	1.3
hooligan	2.7
hooly	1.4
hoop	3.4
hooped	2.0
hooper	3.3
hoopers	1.8
hooping	2.1
hoopla	2.6
hooplas	0.0
hoopless	0.0
hooplike	0.0
hoopoe	1.7
hoopoes	1.1
hoopoo	0.0
hoopoos	0.0
hoops	3.5
hoopster	0.0
hoorah	2.1
hoorahed	0.0
hoorahs	0.0
hooray	3.2
hoorayed	0.0
hoorays	0.0
hoosegow	1.1
hoosgow	0.0
hoosgows	0.0
hoot	3.0
hootch	1.2
hootches	0.0
hooted	1.8
hooter	2.1
hooters	2.8
hootier	0.0
hootiest	0.0
hooting	2.3
hoots	2.5
hooty	1.5
hooved	1.4
hooves	2.9
hop	4.4
hope	5.4
hoped	4.3
hopeful	3.8
hopefuls	2.7
hopeless	3.7
hoper	1.5
hopers	1.5
hopes	4.4
hophead	0.0
hopheads	0.0
hoping	4.7
hoplite	1.9
hoplites	1.9
hoplitic	0.0
hopped	3.3
hopper	3.5
hoppers	2.7
hoppier	0.0
hoppiest	0.0
hopping	3.4
hoppings	0.0
hopple	1.2
hoppled	0.0
hopples	0.0
hoppling	0.0
hoppy	2.7
hops	3.4
hopsack	0.0
hopsacks	0.0
hoptoad	0.0
hoptoads	0.0
hora	2.6
horah	0.0
horahs	0.0
horal	0.0
horary	1.4
horas	2.1
horde	3.2
horded	0.0
hordein	0.0
hordeins	0.0
hordes	3.2
hording	1.4
horizon	4.1
horizons	3.5
hormonal	3.3
hormone	3.8
hormones	3.8
hormonic	0.0
horn	4.1
hornbeam	1.9
hornbill	1.9
hornbook	1.4
horned	3.0
hornet	3.1
hornets	3.3
hornfels	1.2
hornier	1.9
horniest	1.8
hornily	0.0
horning	2.2
hornist	1.0
hornists	0.0
hornito	0.0
hornitos	1.3
hornless	1.5
hornlike	0.0
hornpipe	1.7
hornpout	0.0
horns	3.8
horntail	1.3
hornworm	1.5
hornwort	1.2
horny	3.8
horologe	0.0
horology	1.8
horrent	0.0
horrible	4.4
horribly	3.5
horrid	3.3
horridly	1.4
horrific	3.8
horrify	2.1
horror	4.4
horrors	3.5
horse	4.8
horsecar	0.0
horsed	1.7
horsefly	1.6
horseman	3.1
horsemen	3.2
horsepox	0.0
horses	4.5
horsey	2.5
horsier	0.0
horsiest	0.0
horsily	0.0
horsing	2.2
horst	2.9
horste	0.0
horstes	0.0
horsts	0.0
horsy	1.1
hosanna	2.3
hosannah	0.0
hosannas	1.5
hose	3.7
hosed	2.5
hosel	1.1
hosels	0.0
hosen	1.5
hosepipe	1.8
hoses	3.0
hosier	1.9
hosiers	0.0
hosiery	2.5
hosing	2.2
hospice	3.4
hospices	2.3
hospital	5.1
hospitia	0.0
hospodar	1.0
host	4.8
hosta	1.7
hostage	3.9
hostages	3.6
hostas	1.6
hosted	4.2
hostel	3.4
hosteled	0.0
hosteler	0.0
hostelry	1.9
hostels	3.0
hostess	3.4
hostile	4.1
hostiles	2.2
hosting	4.2
hostler	1.4
hostlers	0.0
hostly	0.0
hosts	4.2
hot	5.2
hotbed	2.6
hotbeds	2.1
hotblood	0.0
hotbox	1.9
hotboxes	0.0
hotcake	1.3
hotcakes	2.2
hotch	2.2
hotched	0.0
hotches	0.0
hotching	0.0
hotchpot	0.0
hotdog	2.8
hotdogs	2.7
hotel	5.0
hoteldom	0.0
hotelier	2.4
hotelman	0.0
hotelmen	0.0
hotels	4.2
hotfoot	1.7
hotfoots	0.0
hothead	2.2
hotheads	1.8
hothouse	2.4
hotline	3.4
hotlines	2.4
hotly	2.9
hotness	2.6
hotpress	0.0
hotrod	1.8
hotrods	1.2
hots	2.8
hotshot	2.7
hotshots	2.3
hotspur	3.0
hotspurs	1.5
hotted	1.3
hotter	3.6
hottest	3.9
hotting	1.9
hottish	0.0
houdah	0.0
houdahs	0.0
hound	3.4
hounded	2.7
hounder	0.0
hounders	0.0
hounding	2.5
hounds	3.2
hour	5.2
houri	1.2
houris	1.2
hourly	3.7
hours	5.4
house	5.7
houseboy	1.8
housed	3.7
housefly	1.8
houseful	2.0
housel	1.4
houseled	0.0
housels	0.0
houseman	2.3
housemen	0.0
houser	2.4
housers	1.1
houses	4.7
housesat	0.0
housesit	1.2
housetop	1.5
housing	4.8
housings	2.5
hove	3.0
hovel	2.3
hoveled	0.0
hoveling	0.0
hovelled	0.0
hovels	1.8
hover	3.3
hovered	2.9
hoverer	0.0
hoverers	0.0
hovering	3.4
hovers	2.7
how	6.2
howbeit	1.6
howdah	1.4
howdahs	0.0
howdie	0.0
howdied	0.0
howdies	0.0
howdy	3.1
howdying	0.0
howe	3.5
howes	2.7
however	5.6
howf	0.0
howff	0.0
howffs	0.0
howfs	0.0
howitzer	2.5
howk	0.0
howked	0.0
howking	0.0
howks	0.0
howl	3.2
howled	2.5
howler	2.5
howlers	2.1
howlet	0.0
howlets	0.0
howling	3.3
howls	2.8
hows	2.8
hoy	3.1
hoya	2.6
hoyas	2.0
hoyden	1.2
hoydened	0.0
hoydens	0.0
hoyle	2.6
hoyles	1.1
hoys	1.4
huarache	1.9
huaracho	0.0
hub	4.1
hubbies	1.5
hubbly	0.0
hubbub	2.5
hubbubs	0.0
hubby	3.4
hubcap	1.9
hubcaps	2.2
hubris	2.9
hubrises	0.0
hubs	3.4
huck	2.8
huckle	1.7
huckles	0.0
hucks	1.4
huckster	2.0
huddle	3.1
huddled	3.0
huddler	0.0
huddlers	0.0
huddles	2.0
huddling	2.2
hue	3.5
hued	2.6
hueless	0.0
hues	3.1
huff	3.1
huffed	2.4
huffier	0.0
huffiest	0.0
huffily	1.2
huffing	2.5
huffish	0.0
huffs	2.2
huffy	2.2
hug	4.1
huge	5.1
hugely	3.6
hugeness	1.5
hugeous	0.0
huger	2.0
hugest	2.1
huggable	2.0
hugged	3.4
hugger	2.5
huggers	2.2
hugging	3.5
hugs	3.7
huh	4.3
huic	0.0
huipil	1.2
huipiles	0.0
huipils	0.0
huisache	0.0
hula	3.0
hulas	1.0
hulk	3.7
hulked	1.4
hulkier	0.0
hulkiest	0.0
hulking	2.5
hulks	2.4
hulky	0.0
hull	4.1
hulled	2.3
huller	1.3
hullers	0.0
hulling	1.4
hullo	2.0
hulloa	0.0
hulloaed	0.0
hulloas	0.0
hulloed	0.0
hulloes	0.0
hulloing	0.0
hullos	0.0
hulls	2.9
hum	3.6
human	5.3
humane	3.6
humanely	2.6
humaner	0.0
humanest	0.0
humanise	1.7
humanism	3.0
humanist	3.1
humanity	4.3
humanize	2.5
humanly	2.9
humanoid	3.1
humans	4.6
humate	1.2
humates	0.0
humble	4.1
humbled	3.3
humbler	2.0
humblers	0.0
humbles	2.3
humblest	2.2
humbling	3.1
humbly	3.2
humbug	2.6
humbugs	1.6
humdrum	2.4
humdrums	0.0
humeral	2.2
humerals	0.0
humeri	1.5
humerus	2.7
humic	2.4
humid	3.5
humidify	1.2
humidity	3.8
humidly	0.0
humidor	2.1
humidors	1.3
humified	0.0
humility	3.6
hummable	1.4
hummed	2.4
hummer	2.8
hummers	2.0
humming	3.2
hummock	1.6
hummocks	1.6
hummocky	1.4
hummus	3.0
hummuses	0.0
humor	4.2
humoral	2.1
humored	2.2
humorful	0.0
humoring	1.9
humorist	2.4
humorous	3.6
humors	2.2
humour	3.8
humoured	2.1
humours	2.1
hump	3.4
humpback	2.8
humped	2.4
humph	2.2
humphed	0.0
humphing	0.0
humphs	0.0
humpier	0.0
humpiest	0.0
humping	2.9
humpless	0.0
humps	2.6
humpy	1.8
hums	2.5
humus	2.4
humuses	0.0
humvee	2.5
humvees	2.2
hun	3.4
hunch	3.1
hunched	2.8
hunches	2.3
hunching	1.9
hundred	4.7
hundreds	4.6
hung	4.2
hunger	4.1
hungered	1.9
hungers	2.0
hungover	3.0
hungrier	2.5
hungrily	2.1
hungry	4.5
hunh	1.7
hunk	3.1
hunker	2.4
hunkered	2.2
hunkers	1.6
hunkier	0.0
hunkies	0.0
hunkiest	0.0
hunks	2.5
hunky	2.7
hunnish	1.2
huns	2.9
hunt	4.5
huntable	0.0
hunted	3.6
huntedly	0.0
hunter	4.4
hunters	3.9
hunting	4.4
huntings	1.1
huntress	2.6
hunts	3.4
huntsman	3.0
huntsmen	2.2
hup	2.1
hurdies	0.0
hurdle	3.4
hurdled	1.7
hurdler	2.4
hurdlers	1.7
hurdles	3.5
hurdling	2.1
hurds	0.0
hurl	2.9
hurled	3.1
hurler	2.0
hurlers	1.9
hurley	3.3
hurleys	1.1
hurlies	0.0
hurling	3.1
hurlings	0.0
hurls	2.4
hurly	2.0
hurrah	2.9
hurrahed	0.0
hurrahs	1.4
hurray	2.9
hurrayed	0.0
hurrays	0.0
hurried	3.1
hurrier	0.0
hurriers	0.0
hurries	2.5
hurry	4.1
hurrying	2.7
hurst	3.1
hursts	0.0
hurt	4.9
hurter	1.4
hurters	0.0
hurtful	3.3
hurting	4.1
hurtle	2.0
hurtled	2.0
hurtles	1.8
hurtless	0.0
hurtling	2.6
hurts	4.3
husband	5.0
husbands	3.8
hush	3.5
hushaby	0.0
hushed	2.9
hushedly	0.0
hushes	1.3
hushful	0.0
hushing	1.7
husk	2.8
husked	1.5
husker	2.2
huskers	2.3
huskier	1.2
huskies	3.2
huskiest	0.0
huskily	1.4
husking	1.6
huskings	0.0
husklike	0.0
husks	2.6
husky	3.3
hussar	2.1
hussars	2.5
hussies	1.4
hussy	2.2
hustings	2.4
hustle	3.7
hustled	2.6
hustler	3.0
hustlers	2.6
hustles	2.2
hustling	2.9
huswife	0.0
huswifes	0.0
huswives	0.0
hut	3.8
hutch	3.0
hutched	0.0
hutches	1.7
hutching	0.0
hutlike	0.0
hutment	0.0
hutments	0.0
huts	3.3
hutted	0.0
hutting	0.0
hutzpa	0.0
hutzpah	0.0
hutzpahs	0.0
hutzpas	0.0
huzza	0.0
huzzaed	0.0
huzzah	2.5
huzzahed	0.0
huzzahs	0.0
huzzaing	0.0
huzzas	0.0
hwan	2.8
hyacinth	2.7
hyaena	1.6
hyaenas	1.2
hyaenic	0.0
hyalin	0.0
hyaline	2.2
hyalines	0.0
hyalins	0.0
hyalite	0.0
hyalites	0.0
hyalogen	0.0
hyaloid	1.2
hyaloids	0.0
hybrid	4.1
hybrids	3.4
hybris	1.7
hybrises	0.0
hydatid	1.5
hydatids	0.0
hydra	3.3
hydracid	0.0
hydrae	0.0
hydragog	0.0
hydrant	2.7
hydranth	0.0
hydrants	2.4
hydras	1.5
hydrase	0.0
hydrases	0.0
hydrate	3.0
hydrated	3.3
hydrates	2.4
hydrator	1.3
hydria	1.1
hydriae	0.0
hydric	1.3
hydrid	0.0
hydride	2.5
hydrides	2.0
hydrids	0.0
hydro	3.6
hydrogel	2.3
hydrogen	4.0
hydroid	1.9
hydroids	1.6
hydromel	0.0
hydronic	1.6
hydropic	0.0
hydrops	1.5
hydropsy	0.0
hydros	1.5
hydroski	0.0
hydrosol	1.3
hydrous	1.8
hydroxy	2.7
hydroxyl	2.7
hyena	2.8
hyenas	2.8
hyenic	0.0
hyenine	0.0
hyenoid	0.0
hyetal	0.0
hygeist	0.0
hygeists	0.0
hygieist	0.0
hygiene	3.8
hygienes	0.0
hygienic	2.9
hying	0.0
hyla	1.7
hylas	1.7
hylozoic	0.0
hymen	2.6
hymenal	0.0
hymeneal	1.1
hymenia	0.0
hymenial	0.0
hymenium	1.6
hymens	1.4
hymn	3.6
hymnal	2.3
hymnals	1.9
hymnary	0.0
hymnbook	1.5
hymned	1.1
hymning	0.0
hymnist	0.0
hymnists	0.0
hymnless	0.0
hymnlike	0.0
hymnody	1.6
hymns	3.3
hyoid	2.2
hyoidal	0.0
hyoidean	0.0
hyoids	0.0
hyoscine	1.3
hyp	2.0
hype	4.0
hyped	3.5
hyper	3.7
hypergol	0.0
hyperon	0.0
hyperons	0.0
hyperope	0.0
hypes	2.1
hypha	1.2
hyphae	2.4
hyphal	1.8
hyphemia	0.0
hyphen	2.6
hyphened	0.0
hyphens	2.2
hyping	2.8
hypnic	1.2
hypnoid	0.0
hypnoses	0.0
hypnosis	3.2
hypnotic	3.1
hypo	2.7
hypoacid	0.0
hypoderm	0.0
hypoed	0.0
hypogea	0.0
hypogeal	0.0
hypogean	0.0
hypogene	0.0
hypogeum	1.2
hypogyny	0.0
hypoing	0.0
hyponea	0.0
hyponeas	0.0
hyponoia	0.0
hypopnea	1.4
hypopyon	0.0
hypos	1.5
hypothec	1.1
hypoxia	2.8
hypoxias	0.0
hypoxic	2.4
hyps	0.0
hyraces	0.0
hyracoid	0.0
hyrax	1.6
hyraxes	1.2
hyson	1.5
hysons	0.0
hyssop	2.0
hyssops	0.0
hysteria	3.4
hysteric	2.1
hyte	0.0
iamb	1.4
iambi	0.0
iambic	2.4
iambics	0.0
iambs	1.2
iambus	0.0
iambuses	0.0
iatric	0.0
iatrical	0.0
ibex	2.4
ibexes	0.0
ibices	0.0
ibidem	1.6
ibis	2.8
ibises	1.7
ibogaine	1.9
ice	5.0
iceberg	3.4
icebergs	2.7
iceblink	0.0
iceboat	0.0
iceboats	0.0
icebound	1.9
icebox	2.3
iceboxes	1.2
icecap	1.7
icecaps	1.8
iced	3.5
icefall	1.9
icefalls	0.0
icehouse	2.0
icekhana	0.0
iceless	0.0
icelike	0.0
iceman	2.7
icemen	1.3
ices	2.6
ich	3.2
ichnite	0.0
ichnites	0.0
ichor	1.7
ichorous	0.0
ichors	0.0
ichs	1.1
ichthyic	0.0
icicle	2.4
icicled	0.0
icicles	2.4
icier	1.1
iciest	1.1
icily	1.6
iciness	1.3
icing	3.5
icings	1.5
ick	2.5
icker	0.0
ickers	0.0
ickier	0.0
ickiest	0.0
ickily	0.0
ickiness	1.1
icky	2.8
icon	4.2
icones	1.4
iconic	4.1
iconical	0.0
icons	3.7
icteric	0.0
icterics	0.0
icterus	1.8
ictic	0.0
ictus	1.5
ictuses	0.0
icy	3.5
idea	5.4
ideal	4.4
idealess	0.0
idealise	1.5
idealism	3.1
idealist	2.8
ideality	1.6
idealize	2.1
ideally	3.8
idealogy	1.3
ideals	3.8
ideas	4.8
ideate	1.2
ideated	0.0
ideates	0.0
ideating	0.0
ideation	2.6
ideative	0.0
idem	2.2
identic	1.1
identify	4.6
identity	4.7
ideogram	1.6
ideology	4.0
ides	2.6
idiocies	1.5
idiocy	2.9
idiolect	1.4
idiom	3.0
idioms	2.8
idiot	4.4
idiotic	3.4
idiotism	0.0
idiots	4.0
idle	3.7
idled	2.1
idleness	2.5
idler	2.3
idlers	2.0
idles	2.0
idlesse	0.0
idlesses	0.0
idlest	0.0
idling	2.8
idly	2.9
idocrase	0.0
idol	3.9
idolater	1.6
idolator	1.4
idolatry	2.8
idolise	1.8
idolised	1.9
idoliser	0.0
idolises	1.4
idolism	0.0
idolisms	0.0
idolize	2.5
idolized	2.5
idolizer	0.0
idolizes	2.2
idols	3.5
idoneity	0.0
idoneous	0.0
ids	3.4
idyl	1.4
idylist	0.0
idylists	0.0
idyll	2.4
idyllic	3.0
idyllist	0.0
idylls	1.9
idyls	0.0
iff	2.6
iffier	0.0
iffiest	0.0
iffiness	0.0
iffy	2.8
ifs	3.2
igloo	2.6
igloos	2.0
iglu	1.1
iglus	0.0
ignatia	1.3
ignatias	0.0
igneous	2.8
ignified	0.0
ignifies	0.0
ignify	0.0
ignite	3.4
ignited	3.2
igniter	2.2
igniters	1.4
ignites	2.7
igniting	2.8
ignition	3.7
ignitor	1.6
ignitors	0.0
ignitron	0.0
ignoble	2.2
ignobly	1.3
ignominy	2.3
ignorami	0.0
ignorant	4.0
ignore	4.5
ignored	4.3
ignorer	0.0
ignorers	0.0
ignores	3.6
ignoring	4.0
iguana	2.7
iguanas	2.5
iguanian	0.0
ihram	1.5
ihrams	0.0
ikat	1.9
ikats	0.0
ikebana	1.9
ikebanas	0.0
ikon	2.4
ikons	1.3
ilea	1.6
ileac	0.0
ileal	1.6
ileitis	0.0
ileum	2.0
ileus	1.6
ileuses	0.0
ilex	2.1
ilexes	0.0
ilia	2.5
iliac	2.4
iliad	2.9
iliads	0.0
ilial	0.0
ilium	2.2
ilk	2.9
ilka	1.8
ilks	0.0
ill	4.7
illation	0.0
illative	1.1
illegal	4.7
illegals	3.1
iller	1.6
illest	1.7
illicit	3.4
illinium	0.0
illiquid	2.3
illite	1.4
illites	0.0
illitic	0.0
illness	4.4
illogic	1.8
illogics	0.0
ills	3.0
illume	1.4
illumed	0.0
illumes	0.0
illumine	1.6
illuming	0.0
illusion	3.9
illusive	2.3
illusory	2.8
illuvia	0.0
illuvial	0.0
illuvium	0.0
illy	2.2
ilmenite	1.9
image	4.9
imaged	2.7
imager	2.4
imagers	1.8
imagery	3.8
images	4.8
imaginal	1.7
imagine	4.9
imagined	4.1
imaginer	0.0
imagines	3.1
imaging	3.9
imagings	0.0
imagism	1.4
imagisms	0.0
imagist	1.6
imagists	1.4
imago	2.3
imagoes	0.0
imagos	0.0
imam	3.5
imamate	1.7
imamates	0.0
imams	2.8
imaret	0.0
imarets	0.0
imaum	0.0
imaums	0.0
imbalm	0.0
imbalmed	0.0
imbalmer	0.0
imbalms	0.0
imbark	0.0
imbarked	0.0
imbarks	0.0
imbecile	2.9
imbed	1.4
imbedded	2.3
imbeds	0.0
imbibe	2.3
imbibed	2.2
imbiber	0.0
imbibers	0.0
imbibes	1.4
imbibing	2.1
imbitter	0.0
imblaze	0.0
imblazed	0.0
imblazes	0.0
imbodied	0.0
imbodies	0.0
imbody	0.0
imbolden	0.0
imbosom	0.0
imbosoms	0.0
imbower	0.0
imbowers	0.0
imbrown	0.0
imbrowns	0.0
imbrue	0.0
imbrued	0.0
imbrues	0.0
imbruing	0.0
imbrute	0.0
imbruted	0.0
imbrutes	0.0
imbue	2.4
imbued	2.9
imbues	2.0
imbuing	1.9
imid	0.0
imide	1.4
imides	1.1
imidic	0.0
imido	0.0
imids	0.0
imine	1.7
imines	1.4
imino	1.3
imitable	1.3
imitate	3.3
imitated	2.9
imitates	2.7
imitator	2.2
immane	0.0
immanent	2.3
immature	3.7
immense	3.9
immenser	0.0
immerge	0.0
immerged	0.0
immerges	0.0
immerse	2.9
immersed	3.4
immerses	2.0
immesh	0.0
immeshed	0.0
immeshes	0.0
immies	0.0
imminent	3.7
immingle	0.0
immix	0.0
immixed	0.0
immixes	0.0
immixing	0.0
immobile	2.9
immodest	2.3
immolate	1.7
immoral	3.5
immortal	3.8
immotile	0.0
immune	4.1
immunes	1.4
immunise	1.3
immunity	3.9
immunize	2.1
immure	0.0
immured	1.5
immures	0.0
immuring	0.0
immy	1.6
imp	3.2
impact	4.9
impacted	3.7
impacter	0.0
impactor	2.1
impacts	4.0
impaint	0.0
impaints	0.0
impair	2.9
impaired	3.7
impairer	0.0
impairs	2.6
impala	3.1
impalas	1.8
impale	2.2
impaled	2.8
impaler	2.1
impalers	0.0
impales	1.9
impaling	2.2
impanel	1.4
impanels	0.0
imparity	0.0
impark	0.0
imparked	0.0
imparks	0.0
impart	3.1
imparted	2.8
imparter	0.0
imparts	2.6
impasse	3.0
impasses	1.5
impaste	0.0
impasted	0.0
impastes	0.0
impasto	1.8
impastos	0.0
impavid	0.0
impawn	0.0
impawned	0.0
impawns	0.0
impeach	3.1
impearl	0.0
impearls	0.0
imped	0.0
impede	3.1
impeded	2.9
impeder	0.0
impeders	0.0
impedes	2.5
impeding	2.8
impel	2.4
impelled	2.3
impeller	2.4
impellor	0.0
impels	2.0
impend	0.0
impended	0.0
impends	0.0
imperia	1.8
imperial	4.2
imperil	2.3
imperils	1.8
imperium	2.7
impetigo	1.8
impetus	3.3
imphee	0.0
imphees	0.0
impi	1.5
impiety	1.9
imping	0.0
impinge	2.3
impinged	1.9
impinger	0.0
impinges	1.9
impings	0.0
impious	2.1
impis	1.2
impish	2.1
impishly	1.3
implant	3.5
implants	3.5
implead	0.0
impleads	0.0
impledge	0.0
implicit	3.5
implied	3.9
implies	4.0
implode	2.7
imploded	2.6
implodes	2.1
implore	2.8
implored	2.7
implorer	0.0
implores	2.3
imply	3.8
implying	3.6
impolicy	0.0
impolite	2.6
impone	0.0
imponed	0.0
impones	0.0
imponing	0.0
imporous	0.0
import	4.1
imported	4.0
importer	3.1
imports	3.9
impose	3.9
imposed	4.2
imposer	0.0
imposers	0.0
imposes	3.2
imposing	3.7
impost	2.1
imposted	0.0
imposter	2.9
impostor	2.8
imposts	1.8
impotent	3.0
impound	2.5
impounds	1.5
impower	0.0
impowers	0.0
impregn	0.0
impregns	0.0
impresa	1.3
impresas	0.0
imprese	1.2
impreses	0.0
impress	3.9
imprest	0.0
imprests	0.0
imprimis	1.4
imprint	3.4
imprints	2.7
imprison	2.9
improper	3.6
improv	3.2
improve	4.8
improved	4.6
improver	2.1
improves	3.8
improvs	1.2
imps	2.5
impudent	2.5
impugn	2.1
impugned	2.1
impugner	0.0
impugns	1.1
impulse	3.7
impulsed	1.0
impulses	3.3
impunity	3.2
impure	3.0
impurely	0.0
impurity	2.7
impute	1.9
imputed	2.4
imputer	0.0
imputers	0.0
imputes	1.5
imputing	1.7
inaction	3.1
inactive	3.6
inane	2.7
inanely	1.5
inaner	0.0
inanes	0.0
inanest	0.0
inanity	1.9
inapt	1.6
inaptly	1.1
inarable	0.0
inarch	0.0
inarched	0.0
inarches	0.0
inarm	0.0
inarmed	0.0
inarming	0.0
inarms	0.0
inbeing	0.0
inbeings	0.0
inboard	2.4
inboards	0.0
inborn	2.4
inbound	3.2
inbounds	2.1
inbred	2.9
inbreds	1.9
inbreed	1.4
inbreeds	0.0
inbuilt	2.4
inburst	0.0
inbursts	0.0
inby	0.0
inbye	0.0
incage	0.0
incaged	0.0
incages	0.0
incaging	0.0
incant	0.0
incanted	0.0
incants	0.0
incase	2.9
incased	1.1
incases	0.0
incasing	0.0
incense	3.3
incensed	2.8
incenses	1.6
incenter	0.0
incept	1.3
incepted	1.4
inceptor	1.1
incepts	0.0
incest	3.4
incests	0.0
inch	4.5
inched	2.4
inches	4.3
inching	2.6
inchmeal	0.0
inchoate	2.1
inchworm	1.6
incident	4.5
incipit	1.7
incipits	1.1
incisal	1.2
incise	1.6
incised	2.5
incises	0.0
incising	1.5
incision	3.2
incisive	2.8
incisor	2.2
incisors	2.5
incisory	0.0
incisure	0.0
incitant	0.0
incite	3.1
incited	2.8
inciter	1.2
inciters	1.1
incites	2.5
inciting	3.2
incivil	0.0
inclasp	0.0
inclasps	0.0
incline	3.1
inclined	3.9
incliner	0.0
inclines	2.5
inclip	0.0
inclips	0.0
inclose	1.0
inclosed	1.6
incloser	0.0
incloses	0.0
include	5.2
included	5.0
includes	5.0
incog	1.3
incogs	0.0
income	5.0
incomer	1.2
incomers	1.7
incomes	3.7
incoming	3.9
inconnu	1.4
inconnus	0.0
incony	0.0
incorpse	0.0
increase	5.1
increate	0.0
incross	0.0
incrust	0.0
incrusts	0.0
incubate	2.5
incubi	1.5
incubus	2.5
incudal	0.0
incudate	0.0
incudes	0.0
incult	0.0
incumber	0.0
incur	3.3
incurred	3.6
incurs	2.5
incurve	0.0
incurved	1.6
incurves	0.0
incus	1.7
incuse	1.2
incused	0.0
incuses	0.0
incusing	0.0
indaba	1.9
indabas	0.0
indagate	0.0
indamin	0.0
indamine	0.0
indamins	0.0
indebted	3.2
indecent	3.2
indeed	4.8
indene	0.0
indenes	0.0
indent	2.4
indented	2.6
indenter	1.4
indentor	0.0
indents	2.0
indevout	0.0
index	4.6
indexed	3.3
indexer	2.1
indexers	1.8
indexes	3.3
indexing	3.2
indican	0.0
indicans	0.0
indicant	0.0
indicate	4.3
indices	3.4
indicia	2.0
indicias	0.0
indicium	0.0
indict	2.9
indicted	3.5
indictee	0.0
indicter	0.0
indictor	0.0
indicts	2.0
indie	4.0
indies	3.7
indigen	0.0
indigene	1.4
indigens	0.0
indigent	2.7
indign	0.0
indignly	0.0
indigo	3.3
indigoes	0.0
indigoid	0.0
indigos	1.2
indirect	4.0
indite	1.4
indited	1.2
inditer	0.0
inditers	0.0
indites	0.0
inditing	0.0
indium	2.4
indiums	0.0
indocile	0.0
indol	1.3
indole	2.3
indolent	2.3
indoles	1.6
indols	0.0
indoor	4.1
indoors	3.6
indorse	1.2
indorsed	0.0
indorsee	0.0
indorser	0.0
indorses	0.0
indorsor	0.0
indow	0.0
indowed	0.0
indowing	0.0
indows	0.0
indoxyl	0.0
indoxyls	0.0
indraft	0.0
indrafts	0.0
indrawn	1.1
indri	1.7
indris	0.0
induce	3.6
induced	4.0
inducer	2.1
inducers	1.9
induces	3.1
inducing	3.5
induct	2.2
inducted	3.3
inductee	2.3
inductor	2.4
inducts	1.6
indue	1.0
indued	0.0
indues	0.0
induing	0.0
indulge	3.5
indulged	3.0
indulger	0.0
indulges	2.4
indulin	0.0
induline	0.0
indulins	0.0
indult	1.3
indults	0.0
indurate	0.0
indusia	0.0
indusial	0.0
indusium	1.0
industry	5.2
indwell	0.0
indwells	0.0
indwelt	0.0
inearth	0.0
inearths	0.0
inedible	2.6
inedita	0.0
inedited	0.0
inept	3.1
ineptly	1.8
inequity	2.6
inerrant	1.8
inert	3.1
inertia	3.2
inertiae	0.0
inertial	2.9
inertias	0.0
inertly	0.0
inerts	0.0
inexact	2.2
inexpert	1.5
infall	0.0
infalls	0.0
infamies	1.0
infamous	3.8
infamy	2.9
infancy	3.4
infant	4.0
infanta	2.2
infantas	1.1
infante	2.3
infantes	1.2
infantry	4.0
infants	3.8
infarct	2.1
infarcts	1.5
infare	0.0
infares	0.0
infauna	1.0
infaunae	0.0
infaunal	0.0
infaunas	0.0
infect	3.4
infected	4.1
infecter	0.0
infector	0.0
infects	2.8
infecund	0.0
infeoff	0.0
infeoffs	0.0
infer	3.2
inferior	3.8
infernal	3.0
inferno	3.3
infernos	1.6
inferred	3.1
inferrer	0.0
infers	2.2
infest	2.5
infested	3.4
infester	0.0
infests	1.9
infidel	2.8
infidels	2.9
infield	3.0
infields	0.0
infight	0.0
infights	0.0
infinite	4.2
infinity	3.8
infirm	2.6
infirmed	1.2
infirmly	0.0
infirms	0.0
infix	1.8
infixed	0.0
infixes	1.1
infixing	0.0
infixion	0.0
inflame	2.6
inflamed	3.1
inflamer	0.0
inflames	2.0
inflate	3.0
inflated	3.5
inflater	0.0
inflates	2.3
inflator	1.9
inflect	1.7
inflects	1.2
inflexed	0.0
inflict	3.3
inflicts	2.5
inflight	2.5
inflow	2.9
inflows	2.8
influent	1.8
influx	3.6
influxes	1.8
info	4.6
infold	0.0
infolded	0.0
infolder	0.0
infolds	0.0
inform	4.2
informal	3.9
informed	4.5
informer	3.0
informs	3.5
infos	2.5
infought	0.0
infra	2.9
infract	0.0
infracts	0.0
infrared	3.7
infringe	3.0
infrugal	0.0
infuse	2.8
infused	3.4
infuser	2.0
infusers	1.2
infuses	2.2
infusing	2.5
infusion	3.3
infusive	0.0
ingate	0.0
ingates	0.0
ingather	0.0
ingenue	2.1
ingenues	1.1
ingest	2.8
ingesta	0.0
ingested	3.1
ingests	1.9
ingle	2.4
ingles	2.5
ingoing	1.6
ingot	2.4
ingoted	0.0
ingoting	0.0
ingots	2.6
ingraft	0.0
ingrafts	0.0
ingrain	1.8
ingrains	0.0
ingrate	2.0
ingrates	1.8
ingress	2.8
ingroup	2.2
ingroups	1.1
ingrown	2.5
ingrowth	1.5
inguinal	2.2
ingulf	1.0
ingulfed	0.0
ingulfs	0.0
inhabit	3.3
inhabits	2.8
inhalant	1.9
inhale	3.2
inhaled	3.1
inhaler	2.9
inhalers	2.4
inhales	2.5
inhaling	3.0
inhaul	0.0
inhauler	0.0
inhauls	0.0
inhere	1.6
inhered	0.0
inherent	3.8
inheres	1.3
inhering	0.0
inherit	3.5
inherits	2.8
inhesion	0.0
inhibin	1.4
inhibins	0.0
inhibit	3.3
inhibits	3.1
inhuman	3.3
inhumane	3.1
inhume	0.0
inhumed	0.0
inhumer	0.0
inhumers	0.0
inhumes	0.0
inhuming	0.0
inia	1.5
inimical	2.2
inion	1.1
iniquity	2.7
initial	4.7
initials	3.5
initiate	3.7
inject	3.4
injected	3.7
injector	2.9
injects	2.7
injure	3.3
injured	4.5
injurer	0.0
injurers	0.0
injures	2.9
injuries	4.4
injuring	3.4
injury	4.7
ink	4.1
inkberry	0.0
inkblot	1.8
inkblots	1.4
inked	3.1
inker	1.7
inkers	1.3
inkhorn	0.0
inkhorns	0.0
inkier	0.0
inkiest	0.0
inkiness	0.0
inking	2.6
inkjet	2.5
inkle	1.4
inkles	0.0
inkless	0.0
inklike	0.0
inkling	2.9
inklings	2.0
inkpot	1.3
inkpots	0.0
inks	3.1
inkstand	1.3
inkstone	1.1
inkwell	2.1
inkwells	1.4
inkwood	0.0
inkwoods	0.0
inky	2.6
inlace	0.0
inlaced	0.0
inlaces	0.0
inlacing	0.0
inlaid	2.7
inland	3.8
inlander	1.4
inlands	1.0
inlay	2.7
inlayer	0.0
inlayers	0.0
inlaying	1.3
inlays	2.3
inlet	3.5
inlets	2.6
inlier	1.3
inliers	0.0
inly	1.8
inmate	3.5
inmates	3.8
inmesh	0.0
inmeshed	0.0
inmeshes	0.0
inmost	2.0
inn	4.1
innards	2.5
innate	3.5
innately	2.5
inned	0.0
inner	4.5
innerly	0.0
inners	1.8
innerve	0.0
innerved	0.0
innerves	0.0
inning	3.8
innings	4.0
innless	0.0
innocent	4.5
innovate	3.1
inns	3.1
innuendo	2.9
inocula	0.0
inoculum	2.0
inosite	0.0
inosites	0.0
inositol	2.4
inphase	0.0
inpour	0.0
inpoured	0.0
inpours	0.0
input	4.3
inputs	3.6
inputted	1.9
inquest	3.2
inquests	2.2
inquiet	0.0
inquiets	0.0
inquire	3.4
inquired	3.0
inquirer	3.0
inquires	2.7
inquiry	4.2
inro	1.0
inroad	1.6
inroads	2.9
inrush	1.8
inrushes	0.0
ins	3.9
insane	4.4
insanely	3.3
insaner	0.0
insanest	0.0
insanity	3.7
inscape	1.4
inscapes	0.0
inscribe	2.2
inscroll	0.0
insculp	0.0
insculps	0.0
inseam	2.2
inseams	0.0
insect	3.8
insectan	0.0
insects	4.0
insecure	3.7
insert	4.0
inserted	3.7
inserter	1.6
inserts	3.2
inset	2.9
insets	1.9
insetted	0.0
insetter	0.0
insheath	0.0
inshore	2.7
inshrine	0.0
inside	5.2
insider	3.8
insiders	3.3
insides	3.1
insight	4.2
insights	3.9
insigne	2.1
insignia	3.1
insipid	2.6
insist	4.0
insisted	4.1
insister	0.0
insists	3.7
insnare	0.0
insnared	0.0
insnarer	0.0
insnares	0.0
insofar	3.1
insolate	0.0
insole	2.1
insolent	2.7
insoles	2.3
insomnia	3.4
insomuch	2.2
insoul	0.0
insouled	0.0
insouls	0.0
inspan	0.0
inspans	0.0
inspect	3.6
inspects	2.6
insphere	0.0
inspire	4.0
inspired	4.6
inspirer	1.7
inspires	3.5
inspirit	1.4
instable	1.5
instal	2.0
install	4.1
installs	3.0
instals	0.0
instance	4.6
instancy	0.0
instant	4.3
instants	2.3
instar	2.3
instars	1.9
instate	2.1
instated	2.2
instates	1.0
instead	5.2
instep	2.1
insteps	1.0
instil	2.4
instill	3.0
instills	2.2
instils	1.6
instinct	3.9
instroke	0.0
instruct	3.3
insulant	0.0
insular	3.0
insulars	0.0
insulate	2.8
insulin	3.8
insulins	1.6
insult	4.0
insulted	3.5
insulter	1.2
insults	3.6
insurant	0.0
insure	3.4
insured	3.7
insureds	1.9
insurer	3.5
insurers	3.5
insures	2.5
insuring	2.8
inswathe	0.0
inswept	0.0
intact	4.0
intagli	0.0
intaglio	2.1
intake	4.0
intakes	2.8
intarsia	1.7
integer	3.4
integers	3.0
integral	4.0
intend	4.1
intended	4.7
intender	0.0
intends	3.7
intense	4.4
intenser	0.0
intent	4.3
intently	3.0
intents	3.0
inter	4.2
interact	4.0
interage	0.0
interbed	0.0
intercom	2.9
intercut	1.9
interest	5.2
interim	4.0
interims	1.4
interior	4.5
interlap	0.0
interlay	0.0
intermit	0.0
intermix	2.0
intern	3.7
internal	4.7
interne	1.9
interned	2.8
internee	1.5
internes	1.0
interns	3.4
interred	2.8
interrex	0.0
interrow	0.0
inters	1.7
intersex	2.9
intertie	1.2
interval	3.8
interwar	2.5
inthral	0.0
inthrall	0.0
inthrals	0.0
inthrone	0.0
inti	2.2
intima	1.8
intimacy	3.6
intimae	0.0
intimal	1.4
intimas	0.0
intimate	4.1
intime	1.9
intimist	0.0
intine	0.0
intines	0.0
intis	0.0
intitle	0.0
intitled	1.0
intitles	0.0
intitule	0.0
into	6.1
intomb	0.0
intombed	0.0
intombs	0.0
intonate	0.0
intone	1.7
intoned	2.2
intoner	0.0
intoners	0.0
intones	1.8
intoning	1.8
intort	0.0
intorted	0.0
intorts	0.0
intown	1.5
intraday	2.6
intrados	0.0
intrant	0.0
intrants	0.0
intreat	0.0
intreats	0.0
intrench	0.0
intrepid	3.0
intrigue	3.4
intro	3.8
introfy	0.0
introit	1.7
introits	0.0
intromit	0.0
intron	2.2
introns	2.1
introrse	0.0
intros	2.6
intrude	2.8
intruded	2.5
intruder	3.4
intrudes	2.2
intrust	2.1
intrusts	0.0
intubate	1.7
intuit	2.5
intuited	1.8
intuits	1.3
inturn	1.2
inturned	0.0
inturns	0.0
intwine	0.0
intwined	0.0
intwines	0.0
intwist	0.0
intwists	0.0
inulase	0.0
inulases	0.0
inulin	1.8
inulins	0.0
inundant	0.0
inundate	2.1
inurbane	0.0
inure	1.9
inured	2.2
inures	1.2
inuring	0.0
inurn	0.0
inurned	0.0
inurning	0.0
inurns	0.0
inutile	1.2
invade	3.6
invaded	3.7
invader	3.0
invaders	3.4
invades	2.9
invading	3.5
invalid	3.8
invalids	2.2
invar	1.3
invars	0.0
invasion	4.2
invasive	3.7
invected	0.0
inveigh	1.4
inveighs	1.1
inveigle	1.5
invent	3.6
invented	4.2
inventer	0.0
inventor	3.6
invents	2.7
inverity	0.0
inverse	3.4
inverses	1.9
invert	2.7
inverted	3.4
inverter	2.8
invertor	0.0
inverts	2.2
invest	4.3
invested	4.2
investor	4.0
invests	3.1
inviable	1.1
inviably	0.0
invirile	0.0
inviscid	1.5
invital	0.0
invite	4.3
invited	4.5
invitee	2.1
invitees	2.3
inviter	1.3
inviters	0.0
invites	3.7
inviting	3.9
invocate	0.0
invoice	3.3
invoiced	2.3
invoices	3.1
invoke	3.3
invoked	3.3
invoker	1.4
invokers	0.0
invokes	2.8
invoking	3.1
involute	1.8
involve	4.3
involved	5.1
involver	0.0
involves	4.3
inwall	0.0
inwalled	0.0
inwalls	0.0
inward	3.4
inwardly	2.7
inwards	2.9
inweave	0.0
inweaved	0.0
inweaves	0.0
inwind	0.0
inwinds	0.0
inwound	0.0
inwove	0.0
inwoven	0.0
inwrap	0.0
inwraps	0.0
iodate	1.4
iodated	0.0
iodates	0.0
iodating	0.0
iodation	0.0
iodic	0.0
iodid	0.0
iodide	2.6
iodides	1.6
iodids	0.0
iodin	0.0
iodinate	0.0
iodine	3.2
iodines	0.0
iodins	0.0
iodise	0.0
iodised	1.0
iodises	0.0
iodising	0.0
iodism	0.0
iodisms	0.0
iodize	0.0
iodized	1.9
iodizer	0.0
iodizers	0.0
iodizes	0.0
iodizing	0.0
iodoform	1.2
iodophor	0.0
iodopsin	0.0
iodous	0.0
iolite	1.5
iolites	0.0
ion	4.2
ionic	3.2
ionicity	0.0
ionics	1.2
ionise	1.1
ionised	1.9
ionises	0.0
ionising	1.9
ionium	0.0
ioniums	0.0
ionize	1.9
ionized	2.6
ionizer	1.5
ionizers	0.0
ionizes	1.5
ionizing	2.8
ionogen	0.0
ionogens	0.0
ionomer	1.6
ionomers	1.0
ionone	0.0
ionones	0.0
ions	3.5
iota	3.0
iotacism	0.0
iotas	1.3
ipecac	2.1
ipecacs	0.0
ipomoea	1.7
ipomoeas	0.0
iracund	0.0
irade	0.0
irades	0.0
irate	2.8
irately	0.0
irater	0.0
iratest	0.0
ire	3.2
ired	1.1
ireful	0.0
irefully	0.0
ireless	0.0
irenic	1.3
irenical	0.0
irenics	0.0
ires	1.8
irid	0.0
irides	1.1
iridic	0.0
iridium	2.7
iridiums	0.0
irids	0.0
iring	1.2
iris	3.8
irised	0.0
irises	2.5
irising	0.0
iritic	0.0
iritis	1.2
iritises	0.0
irk	2.4
irked	2.8
irking	1.7
irks	2.6
irksome	2.3
iroko	1.6
irokos	0.0
iron	4.7
ironbark	1.6
ironclad	2.7
irone	0.0
ironed	2.9
ironer	1.1
ironers	0.0
irones	0.0
ironic	3.8
ironical	2.1
ironies	2.4
ironing	3.1
ironings	0.0
ironist	1.2
ironists	0.0
ironize	0.0
ironized	0.0
ironizes	0.0
ironlike	0.0
ironness	0.0
irons	3.3
ironside	2.3
ironware	1.3
ironweed	1.1
ironwood	2.5
ironwork	2.2
irony	3.9
irreal	1.0
irrigate	2.6
irritant	2.7
irritate	3.1
irrupt	0.0
irrupted	0.0
irrupts	0.0
isagoge	0.0
isagoges	0.0
isagogic	0.0
isarithm	0.0
isatin	0.0
isatine	0.0
isatines	0.0
isatinic	0.0
isatins	0.0
isba	1.5
isbas	0.0
ischemia	2.9
ischemic	2.9
ischia	2.1
ischial	1.4
ischium	1.8
island	5.0
islanded	1.1
islander	3.1
islands	4.5
isle	3.8
isled	0.0
isleless	0.0
isles	3.6
islet	2.8
islets	2.8
isling	0.0
ism	3.1
isms	2.5
isobar	1.6
isobare	0.0
isobares	0.0
isobaric	1.6
isobars	1.6
isobath	0.0
isobaths	0.0
isocheim	0.0
isochime	0.0
isochor	0.0
isochore	0.0
isochors	0.0
isochron	1.6
isocline	0.0
isocracy	0.0
isodose	0.0
isogamy	0.0
isogenic	1.4
isogeny	0.0
isogloss	0.0
isogon	0.0
isogonal	0.0
isogone	0.0
isogones	0.0
isogonic	0.0
isogons	0.0
isogony	0.0
isograft	0.0
isogram	0.0
isograms	0.0
isograph	0.0
isogriv	0.0
isogrivs	0.0
isohel	0.0
isohels	0.0
isohyet	0.0
isohyets	0.0
isolable	0.0
isolate	3.6
isolated	4.2
isolates	3.0
isolator	2.1
isolead	0.0
isoleads	0.0
isoline	0.0
isolines	0.0
isolog	0.0
isologs	0.0
isologue	0.0
isomer	2.5
isomeric	1.8
isomers	2.5
isometry	1.6
isomorph	0.0
isonomic	0.0
isonomy	0.0
isopach	0.0
isopachs	0.0
isophote	0.0
isopleth	0.0
isopod	1.8
isopodan	0.0
isopods	1.8
isoprene	1.8
isospin	1.6
isospins	0.0
isospory	0.0
isostasy	1.1
isotach	0.0
isotachs	0.0
isothere	0.0
isotherm	2.0
isotone	0.0
isotones	0.0
isotonic	2.0
isotope	3.1
isotopes	3.1
isotopic	2.7
isotopy	1.2
isotropy	1.6
isotype	1.9
isotypes	1.3
isotypic	0.0
isozyme	1.5
isozymes	1.6
isozymic	0.0
issei	2.3
isseis	0.0
issuable	1.8
issuably	0.0
issuance	3.3
issuant	0.0
issue	5.2
issued	4.7
issuer	3.1
issuers	2.9
issues	5.2
issuing	3.8
isthmi	0.0
isthmian	2.1
isthmic	0.0
isthmoid	0.0
isthmus	2.8
istle	0.0
istles	0.0
italic	2.7
italics	3.1
itch	3.4
itched	1.9
itches	2.5
itchier	0.0
itchiest	0.0
itchily	0.0
itching	3.4
itchings	0.0
itchy	3.3
item	4.6
itemed	0.0
iteming	0.0
itemise	1.2
itemised	1.8
itemises	0.0
itemize	2.3
itemized	2.6
itemizer	0.0
itemizes	1.3
items	4.8
iterance	0.0
iterant	0.0
iterate	2.5
iterated	2.4
iterates	1.9
iterum	0.0
ither	1.6
its	6.1
itself	5.1
ivied	0.0
ivies	1.9
ivories	2.0
ivory	3.9
ivy	3.8
ivylike	0.0
iwis	0.0
ixia	1.5
ixias	0.0
ixodid	0.0
ixodids	0.0
ixora	1.2
ixoras	0.0
ixtle	0.0
ixtles	0.0
izar	1.1
izars	0.0
izzard	2.3
izzards	0.0
jab	3.4
jabbed	2.3
jabber	2.3
jabbered	1.1
jabberer	0.0
jabbers	1.3
jabbing	2.4
jabiru	1.7
jabirus	0.0
jabot	1.3
jabots	0.0
jabs	2.9
jacal	0.0
jacales	0.0
jacals	0.0
jacamar	0.0
jacamars	0.0
jacana	1.4
jacanas	0.0
jacinth	1.2
jacinthe	0.0
jacinths	0.0
jack	4.8
jackal	2.9
jackals	2.6
jackaroo	1.2
jackass	3.3
jackboot	1.6
jackdaw	2.1
jackdaws	1.8
jacked	3.3
jacker	1.7
jackeroo	0.0
jackers	1.6
jacket	4.3
jacketed	2.3
jackets	3.8
jackfish	1.1
jackies	1.2
jacking	2.9
jackleg	0.0
jacklegs	0.0
jackpot	3.5
jackpots	2.2
jackroll	0.0
jacks	3.4
jackstay	0.0
jacky	2.8
jacobin	2.4
jacobins	2.2
jacobus	2.3
jaconet	0.0
jaconets	0.0
jacquard	2.5
jaculate	0.0
jade	3.8
jaded	3.0
jadedly	0.0
jadeite	2.0
jadeites	0.0
jades	2.0
jading	0.0
jadish	0.0
jadishly	0.0
jaditic	0.0
jaeger	2.9
jaegers	2.0
jag	3.0
jager	2.5
jagers	1.4
jagg	0.0
jaggary	0.0
jagged	3.1
jaggeder	0.0
jaggedly	1.0
jagger	3.1
jaggers	1.9
jaggery	2.1
jagghery	0.0
jaggier	0.0
jaggiest	0.0
jagging	1.1
jaggs	0.0
jaggy	1.3
jagless	0.0
jagra	0.0
jagras	0.0
jags	2.8
jaguar	3.5
jaguars	3.3
jail	4.6
jailbait	2.4
jailbird	2.0
jailed	3.6
jailer	2.6
jailers	2.2
jailing	2.5
jailor	2.1
jailors	1.5
jails	3.2
jake	4.2
jakes	2.5
jalap	0.0
jalapeno	2.6
jalapic	0.0
jalapin	0.0
jalapins	0.0
jalaps	0.0
jalop	0.0
jalopies	1.2
jaloppy	0.0
jalops	0.0
jalopy	1.9
jalousie	1.3
jam	4.2
jamb	2.5
jambe	1.4
jambeau	0.0
jambeaux	0.0
jambed	0.0
jambes	1.1
jambing	0.0
jamboree	2.6
jambs	1.9
jammed	3.3
jammer	2.7
jammers	2.4
jammier	0.0
jammies	2.3
jammiest	0.0
jamming	3.3
jammy	2.4
jams	3.4
jane	4.4
janes	2.5
jangle	2.3
jangled	1.8
jangler	0.0
janglers	0.0
jangles	1.5
janglier	0.0
jangling	2.3
jangly	2.0
janiform	0.0
janisary	0.0
janitor	3.2
janitors	2.7
janizary	0.0
janty	0.0
japan	4.9
japanize	0.0
japanned	1.2
japanner	0.0
japans	2.0
jape	1.9
japed	0.0
japer	0.0
japeries	0.0
japers	0.0
japery	0.0
japes	1.7
japing	0.0
japingly	0.0
japonica	2.4
jar	3.9
jarful	0.0
jarfuls	0.0
jargon	3.2
jargoned	0.0
jargonel	0.0
jargons	1.4
jargoon	0.0
jargoons	0.0
jarhead	1.8
jarheads	1.2
jarina	0.0
jarinas	0.0
jarl	2.4
jarldom	0.0
jarldoms	0.0
jarls	1.4
jarosite	1.2
jarovize	0.0
jarrah	2.4
jarrahs	0.0
jarred	2.6
jarring	3.0
jars	3.5
jarsful	0.0
jarvey	0.0
jarveys	0.0
jasmin	2.6
jasmine	3.6
jasmines	1.5
jasmins	0.0
jasper	3.6
jaspers	2.2
jaspery	0.0
jassid	0.0
jassids	0.0
jato	1.6
jatos	0.0
jauk	0.0
jauked	0.0
jauking	0.0
jauks	0.0
jaunce	0.0
jaunced	0.0
jaunces	0.0
jauncing	0.0
jaundice	2.7
jaunt	2.6
jaunted	0.0
jauntier	0.0
jauntily	1.7
jaunting	1.4
jaunts	2.0
jaunty	2.5
jaup	0.0
jauped	0.0
jauping	0.0
jaups	0.0
java	4.0
javas	1.2
javelin	2.9
javelina	1.6
javelins	2.2
jaw	4.0
jawan	1.9
jawans	1.7
jawbone	2.7
jawboned	0.0
jawboner	0.0
jawbones	1.5
jawed	2.5
jawing	1.9
jawlike	0.0
jawline	2.6
jawlines	1.4
jaws	3.6
jay	4.4
jaybird	1.9
jaybirds	1.1
jaygee	0.0
jaygees	0.0
jays	3.5
jayvee	0.0
jayvees	0.0
jaywalk	1.7
jaywalks	0.0
jazz	4.3
jazzed	2.4
jazzer	0.0
jazzers	1.1
jazzes	0.0
jazzier	1.4
jazziest	0.0
jazzily	0.0
jazzing	1.5
jazzlike	0.0
jazzman	1.7
jazzmen	1.4
jazzy	3.0
jealous	4.2
jealousy	3.7
jean	4.4
jeans	4.1
jebel	2.3
jebels	0.0
jee	2.9
jeed	0.0
jeeing	0.0
jeep	3.7
jeeped	0.0
jeepers	2.3
jeeping	0.0
jeepney	2.0
jeepneys	1.6
jeeps	2.8
jeer	2.1
jeered	2.3
jeerer	0.0
jeerers	0.0
jeering	2.4
jeers	2.3
jees	1.4
jeez	3.5
jefe	2.3
jefes	1.1
jehad	1.6
jehads	0.0
jehu	2.1
jehus	0.0
jejuna	0.0
jejunal	1.2
jejune	1.6
jejunely	0.0
jejunity	0.0
jejunum	1.7
jell	2.6
jellaba	0.0
jellabas	0.0
jelled	1.4
jellied	2.0
jellies	2.6
jellify	0.0
jelling	1.5
jells	1.1
jelly	3.8
jellying	0.0
jelutong	1.1
jemadar	1.2
jemadars	0.0
jemidar	0.0
jemidars	0.0
jemmied	0.0
jemmies	0.0
jemmy	1.9
jemmying	0.0
jennet	1.7
jennets	0.0
jennies	1.6
jenny	3.9
jeon	2.7
jeopard	0.0
jeopards	0.0
jeopardy	3.5
jerboa	1.5
jerboas	0.0
jereed	0.0
jereeds	0.0
jeremiad	1.5
jerid	0.0
jerids	0.0
jerk	4.0
jerked	2.9
jerker	2.2
jerkers	1.3
jerkier	0.0
jerkies	0.0
jerkiest	0.0
jerkily	1.4
jerkin	2.2
jerking	3.2
jerkins	1.8
jerks	3.3
jerky	3.1
jeroboam	2.0
jerreed	0.0
jerreeds	0.0
jerrican	0.0
jerrid	0.0
jerrids	0.0
jerries	1.4
jerry	4.3
jerrycan	1.3
jersey	4.7
jerseyed	0.0
jerseys	3.6
jess	3.7
jessant	0.0
jesse	4.0
jessed	0.0
jesses	1.6
jessing	0.0
jest	3.1
jested	1.4
jester	3.0
jesters	2.2
jestful	0.0
jesting	1.9
jestings	0.0
jests	1.9
jesuit	3.2
jesuitic	0.0
jesuitry	0.0
jesuits	3.1
jet	4.3
jetbead	0.0
jetbeads	0.0
jete	1.4
jetes	0.0
jetlike	0.0
jetliner	2.1
jeton	1.1
jetons	1.1
jetport	1.3
jetports	0.0
jets	4.1
jetsam	2.1
jetsams	0.0
jetsom	0.0
jetsoms	0.0
jetted	2.3
jettied	0.0
jettier	0.0
jetties	2.2
jettiest	0.0
jetting	2.5
jettison	2.5
jetton	1.1
jettons	0.0
jetty	3.0
jettying	0.0
jeu	2.3
jeux	2.2
jew	3.9
jewed	1.1
jewel	3.7
jeweled	2.5
jeweler	2.8
jewelers	2.7
jeweling	0.0
jewelled	2.3
jeweller	2.6
jewelry	4.1
jewels	3.6
jewfish	1.2
jewing	0.0
jews	4.5
jezail	0.0
jezails	0.0
jezebel	2.8
jezebels	1.4
jiao	2.3
jib	2.8
jibb	0.0
jibbed	1.0
jibber	1.6
jibbers	0.0
jibbing	1.0
jibboom	0.0
jibbooms	0.0
jibbs	0.0
jibe	2.4
jibed	1.4
jiber	0.0
jibers	0.0
jibes	2.1
jibing	1.3
jibingly	0.0
jibs	1.8
jicama	1.7
jicamas	0.0
jiff	1.9
jiffies	0.0
jiffs	0.0
jiffy	2.6
jig	3.1
jigaboo	1.1
jigaboos	0.0
jigged	1.6
jigger	2.1
jiggered	1.2
jiggers	1.7
jigging	2.0
jiggle	2.7
jiggled	1.8
jiggles	2.0
jigglier	0.0
jiggling	2.4
jiggly	2.2
jigs	2.6
jigsaw	3.1
jigsawed	0.0
jigsawn	0.0
jigsaws	1.6
jihad	3.5
jihads	1.6
jill	3.8
jillion	1.5
jillions	0.0
jills	1.7
jilt	1.6
jilted	2.5
jilter	0.0
jilters	0.0
jilting	1.3
jilts	1.1
jiminy	2.1
jimjams	0.0
jimmied	1.2
jimmies	1.9
jimminy	0.0
jimmy	4.4
jimmying	0.0
jimp	0.0
jimper	0.0
jimpest	0.0
jimply	0.0
jimpy	0.0
jin	4.0
jingal	0.0
jingall	0.0
jingalls	0.0
jingals	0.0
jingko	0.0
jingkoes	0.0
jingle	3.2
jingled	1.5
jingler	0.0
jinglers	0.0
jingles	2.7
jinglier	0.0
jingling	2.2
jingly	1.4
jingo	2.0
jingoes	0.0
jingoish	0.0
jingoism	2.2
jingoist	1.3
jink	1.5
jinked	1.1
jinker	0.0
jinkers	0.0
jinking	1.1
jinks	2.4
jinn	2.6
jinnee	0.0
jinni	1.7
jinns	1.8
jins	1.7
jinx	3.1
jinxed	2.4
jinxes	1.5
jinxing	1.9
jipijapa	0.0
jism	1.8
jisms	0.0
jitney	1.9
jitneys	1.4
jitter	2.5
jittered	0.0
jitters	2.8
jittery	2.7
jiujitsu	1.8
jiujutsu	0.0
jive	3.1
jiveass	0.0
jived	1.3
jiver	0.0
jivers	0.0
jives	1.7
jivey	0.0
jivier	0.0
jiviest	0.0
jiving	1.9
jnana	1.8
jnanas	0.0
joannes	1.9
job	5.5
jobbed	1.5
jobber	2.4
jobbers	2.2
jobbery	0.0
jobbing	2.2
jobless	3.1
jobname	0.0
jobnames	0.0
jobs	5.0
jock	3.3
jockette	0.0
jockey	3.6
jockeyed	1.6
jockeys	3.0
jocko	2.1
jockos	0.0
jocks	2.8
jocose	1.1
jocosely	0.0
jocosity	0.0
jocular	2.2
jocund	1.4
jocundly	0.0
jodhpur	2.6
jodhpurs	1.8
joe	4.8
joes	2.9
joey	3.9
joeys	2.0
jog	3.3
jogged	2.6
jogger	2.7
joggers	2.7
jogging	3.4
joggings	0.0
joggle	1.1
joggled	0.0
joggler	0.0
jogglers	0.0
joggles	0.0
joggling	1.0
jogs	2.4
johannes	3.2
john	5.4
johnboat	0.0
johnnies	1.9
johnny	4.3
johns	3.8
join	5.0
joinable	0.0
joinder	1.6
joinders	0.0
joined	4.7
joiner	2.7
joiners	2.3
joinery	2.6
joining	4.5
joinings	1.0
joins	4.0
joint	4.7
jointed	2.6
jointer	1.8
jointers	1.0
jointing	1.9
jointly	3.8
joints	3.8
jointure	1.6
joist	2.2
joisted	0.0
joisting	0.0
joists	2.6
jojoba	2.2
jojobas	0.0
joke	4.7
joked	3.3
joker	3.7
jokers	2.9
jokes	4.3
jokester	2.0
jokey	2.4
jokier	0.0
jokiest	0.0
jokily	0.0
jokiness	0.0
joking	4.0
jokingly	3.2
joky	0.0
jole	1.4
joles	0.0
jollied	0.0
jollier	1.3
jollies	2.0
jolliest	1.4
jollify	0.0
jollily	0.0
jollity	1.9
jolly	3.6
jollying	0.0
jolt	3.0
jolted	2.5
jolter	0.0
jolters	0.0
joltier	0.0
joltiest	0.0
joltily	0.0
jolting	2.2
jolts	2.3
jolty	0.0
jones	4.7
joneses	2.4
jongleur	1.3
jonquil	1.6
jonquils	1.1
joram	1.8
jorams	0.0
jordan	4.5
jordans	2.9
jorum	0.0
jorums	0.0
joseph	4.5
josephs	2.2
josh	4.3
joshed	0.0
josher	0.0
joshers	0.0
joshes	1.3
joshing	1.9
joss	3.1
josses	0.0
jostle	2.2
jostled	2.3
jostler	0.0
jostlers	0.0
jostles	1.4
jostling	2.4
jot	2.9
jota	2.2
jotas	0.0
jots	1.6
jotted	2.2
jotter	1.6
jotters	0.0
jotting	2.1
jottings	1.7
jotty	0.0
joual	0.0
jouals	0.0
jouk	0.0
jouked	0.0
jouking	0.0
jouks	0.0
joule	2.4
joules	2.5
jounce	1.0
jounced	0.0
jounces	0.0
jouncier	0.0
jouncing	1.0
jouncy	0.0
journal	4.8
journals	3.9
journey	4.7
journeys	3.6
joust	2.5
jousted	1.3
jouster	1.2
jousters	1.0
jousting	2.5
jousts	1.8
jovial	2.7
jovially	1.8
jovialty	0.0
jow	1.9
jowar	1.6
jowars	0.0
jowed	0.0
jowing	0.0
jowl	2.1
jowled	0.0
jowlier	0.0
jowliest	0.0
jowls	2.1
jowly	1.5
jows	0.0
joy	4.5
joyance	0.0
joyances	0.0
joyed	1.6
joyful	3.4
joyfully	2.7
joying	0.0
joyless	2.3
joyous	3.3
joyously	2.4
joypop	0.0
joypops	0.0
joyride	2.5
joyrider	1.1
joyrides	1.4
joyrode	0.0
joys	3.4
joystick	2.9
juba	2.8
jubas	0.0
jubbah	0.0
jubbahs	0.0
jube	1.2
jubes	0.0
jubhah	0.0
jubhahs	0.0
jubilant	2.6
jubilate	1.7
jubile	0.0
jubilee	3.4
jubilees	2.0
jubiles	0.0
judas	3.4
judases	1.0
judder	1.6
juddered	0.0
judders	0.0
judge	5.0
judged	4.0
judger	1.2
judgers	0.0
judges	4.4
judging	4.0
judgment	4.3
judicial	4.1
judo	3.2
judoist	0.0
judoists	0.0
judoka	2.1
judokas	1.2
judos	0.0
jug	3.3
juga	1.8
jugal	1.6
jugate	1.1
jugful	0.0
jugfuls	0.0
jugged	1.5
jugging	1.1
juggle	3.0
juggled	2.2
juggler	2.5
jugglers	2.4
jugglery	1.1
juggles	2.2
juggling	3.2
jughead	2.5
jugheads	0.0
jugs	2.9
jugsful	0.0
jugula	0.0
jugular	2.8
jugulars	0.0
jugulate	0.0
jugulum	0.0
jugum	0.0
jugums	0.0
juice	4.4
juiced	2.6
juicer	2.5
juicers	1.8
juices	3.4
juicier	2.0
juiciest	2.1
juicily	0.0
juicing	2.7
juicy	3.7
jujitsu	2.2
jujitsus	0.0
juju	3.0
jujube	1.9
jujubes	1.5
jujuism	0.0
jujuisms	0.0
jujuist	0.0
jujuists	0.0
jujus	1.1
jujutsu	2.0
jujutsus	0.0
juke	2.8
jukebox	3.0
juked	1.7
jukes	2.3
juking	1.5
julep	2.2
juleps	1.6
julienne	2.3
jumbal	0.0
jumbals	0.0
jumble	2.8
jumbled	2.7
jumbler	0.0
jumblers	0.0
jumbles	1.7
jumbling	1.5
jumbo	3.4
jumbos	1.9
jumbuck	1.1
jumbucks	0.0
jump	4.7
jumped	4.2
jumper	3.7
jumpers	3.3
jumpier	0.0
jumpiest	0.0
jumpily	0.0
jumping	4.2
jumpoff	1.1
jumpoffs	0.0
jumps	3.9
jumpsuit	3.0
jumpy	2.7
jun	3.9
junco	1.9
juncoes	0.0
juncos	1.7
junction	3.9
juncture	3.0
jungle	4.1
jungled	1.1
jungles	3.0
junglier	0.0
jungly	1.3
junior	4.5
juniors	3.4
juniper	3.1
junipers	1.9
junk	4.0
junked	2.0
junker	2.4
junkers	2.2
junket	2.3
junketed	0.0
junketer	0.0
junkets	1.8
junkie	3.3
junkier	0.0
junkies	3.0
junkiest	0.0
junking	1.6
junkman	1.7
junkmen	0.0
junks	2.2
junky	2.4
junkyard	2.8
junta	3.3
juntas	2.1
junto	1.9
juntos	1.8
jupe	1.6
jupes	0.0
jupon	0.0
jupons	0.0
jura	2.6
jural	1.1
jurally	0.0
jurant	0.0
jurants	0.0
jurat	1.6
juratory	0.0
jurats	1.3
jurel	0.0
jurels	0.0
juridic	0.0
juried	2.3
juries	3.1
jurist	2.7
juristic	1.8
jurists	2.8
juror	3.1
jurors	3.5
jury	4.5
jurying	0.0
juryman	1.1
jurymen	0.0
jus	3.1
jussive	1.2
jussives	0.0
just	6.4
justed	1.3
juster	1.6
justers	0.0
justest	0.0
justice	5.0
justices	3.7
justify	4.1
justing	1.3
justle	0.0
justled	0.0
justles	0.0
justling	0.0
justly	2.8
justness	1.5
justs	1.6
jut	2.5
jute	2.8
jutes	1.6
juts	2.4
jutted	1.8
juttied	0.0
jutties	0.0
jutting	2.6
jutty	0.0
juttying	0.0
juvenal	2.2
juvenals	0.0
juvenile	3.9
kaas	1.8
kab	2.2
kabab	1.8
kababs	1.1
kabaka	1.8
kabakas	0.0
kabala	1.6
kabalas	0.0
kabar	1.6
kabars	0.0
kabaya	0.0
kabayas	0.0
kabbala	1.4
kabbalah	2.5
kabbalas	0.0
kabeljou	0.0
kabiki	0.0
kabikis	0.0
kabob	1.9
kabobs	1.9
kabs	1.1
kabuki	2.6
kabukis	0.0
kachina	1.9
kachinas	1.3
kaddish	2.0
kadi	2.0
kadis	1.2
kae	2.1
kaes	1.2
kaf	1.9
kaffir	2.3
kaffirs	1.7
kaffiyeh	0.0
kafir	2.3
kafirs	2.0
kafs	0.0
kaftan	2.0
kaftans	1.6
kagu	1.1
kagus	0.0
kahuna	2.2
kahunas	1.2
kaiak	0.0
kaiaks	0.0
kaif	2.2
kaifs	0.0
kail	2.2
kails	0.0
kailyard	0.0
kain	2.6
kainit	0.0
kainite	0.0
kainites	0.0
kainits	0.0
kains	1.0
kaiser	3.5
kaiserin	1.3
kaisers	1.6
kajeput	0.0
kajeputs	0.0
kaka	2.7
kakapo	1.8
kakapos	0.0
kakas	1.1
kakemono	0.0
kaki	2.2
kakiemon	0.0
kakis	0.0
kalam	2.5
kalams	0.0
kale	3.4
kalends	1.6
kales	1.5
kalewife	0.0
kaleyard	0.0
kalian	1.5
kalians	0.0
kalif	1.4
kalifate	0.0
kalifs	0.0
kalimba	1.4
kalimbas	0.0
kaliph	0.0
kaliphs	0.0
kalium	1.1
kaliums	0.0
kallidin	0.0
kalmia	1.6
kalmias	0.0
kalong	1.1
kalongs	0.0
kalpa	1.9
kalpak	0.0
kalpaks	0.0
kalpas	1.3
kalyptra	0.0
kamaaina	0.0
kamacite	1.0
kamala	3.0
kamalas	0.0
kame	2.2
kames	1.7
kami	3.0
kamik	1.0
kamikaze	2.9
kamiks	0.0
kampong	2.1
kampongs	0.0
kamseen	0.0
kamseens	0.0
kamsin	0.0
kamsins	0.0
kana	2.8
kanas	1.5
kanban	2.0
kanbans	0.0
kane	4.0
kanes	1.7
kangaroo	3.5
kanji	3.0
kanjis	0.0
kantar	2.1
kantars	0.0
kantele	1.1
kanteles	0.0
kaoliang	1.1
kaolin	2.4
kaoline	0.0
kaolines	0.0
kaolinic	0.0
kaolins	0.0
kaon	1.8
kaons	1.3
kapa	2.0
kapas	1.2
kaph	0.0
kaphs	0.0
kapok	1.7
kapoks	0.0
kappa	3.5
kappas	1.8
kaput	2.1
kaputt	1.4
karakul	1.4
karakuls	0.0
karaoke	3.4
karaokes	0.0
karat	2.6
karate	3.5
karates	0.0
karats	1.6
karma	3.9
karmas	2.1
karmic	2.6
karn	2.3
karns	1.8
karoo	2.3
karoos	0.0
kaross	0.0
karosses	0.0
karroo	1.1
karroos	0.0
karst	2.5
karstic	1.5
karsts	1.1
kart	3.3
karting	2.6
kartings	0.0
karts	2.6
karyotin	0.0
kas	2.4
kasbah	2.1
kasbahs	1.0
kasha	2.0
kashas	0.0
kasher	1.6
kashered	0.0
kashers	0.0
kashmir	3.8
kashmirs	0.0
kashrut	1.6
kashruth	0.0
kashruts	0.0
kat	3.6
kata	2.8
katakana	2.3
katas	1.6
katchina	0.0
katcina	0.0
katcinas	0.0
kathodal	0.0
kathode	0.0
kathodes	0.0
kathodic	0.0
kation	0.0
kations	0.0
kats	2.4
katydid	1.6
katydids	1.5
kauri	1.9
kauries	0.0
kauris	0.0
kaury	0.0
kava	2.4
kavakava	0.0
kavas	0.0
kavass	0.0
kavasses	0.0
kay	3.9
kayak	3.2
kayaked	1.6
kayaker	2.1
kayakers	2.3
kayaking	3.0
kayaks	2.6
kayles	0.0
kayo	2.5
kayoed	0.0
kayoes	0.0
kayoing	0.0
kayos	0.0
kays	2.0
kazachki	0.0
kazachok	0.0
kazatski	0.0
kazatsky	0.0
kazoo	2.4
kazoos	1.6
kbar	1.5
kbars	0.0
kea	2.5
keas	1.2
kebab	3.0
kebabs	2.7
kebar	0.0
kebars	0.0
kebbie	0.0
kebbies	0.0
kebbock	0.0
kebbocks	0.0
kebbuck	0.0
kebbucks	0.0
keblah	0.0
keblahs	0.0
kebob	0.0
kebobs	0.0
keck	2.5
kecked	0.0
kecking	0.0
keckle	0.0
keckled	0.0
keckles	0.0
keckling	0.0
kecks	1.2
keddah	0.0
keddahs	0.0
kedge	1.5
kedged	0.0
kedgeree	1.7
kedges	0.0
kedging	0.0
keef	2.4
keefs	0.0
keek	1.6
keeked	0.0
keeking	0.0
keeks	1.2
keel	3.2
keelage	0.0
keelages	0.0
keelboat	1.4
keeled	2.5
keelhale	0.0
keelhaul	1.3
keeling	2.5
keelless	0.0
keels	2.3
keelson	1.3
keelsons	0.0
keen	4.1
keened	0.0
keener	2.6
keeners	0.0
keenest	2.1
keening	1.9
keenly	3.1
keenness	2.2
keens	1.6
keep	5.7
keepable	0.0
keeper	4.0
keepers	3.5
keeping	4.8
keepings	0.0
keeps	4.7
keepsake	2.6
keeshond	1.2
keester	0.0
keesters	0.0
keet	1.6
keets	0.0
keeve	0.0
keeves	0.0
kef	2.0
keffiyeh	1.6
kefir	2.1
kefirs	0.0
kefs	0.0
keg	3.1
kegeler	0.0
kegelers	0.0
kegler	1.0
keglers	0.0
kegling	0.0
keglings	0.0
kegs	2.7
keir	2.6
keirs	0.0
keister	1.9
keisters	0.0
keitloa	0.0
keitloas	0.0
kelep	0.0
keleps	0.0
kelim	0.0
kelims	0.0
kellies	0.0
kelly	4.4
keloid	1.9
keloidal	0.0
keloids	1.6
kelp	2.9
kelped	0.0
kelpie	1.9
kelpies	1.7
kelping	0.0
kelps	1.1
kelpy	0.0
kelson	1.8
kelsons	0.0
kelter	1.1
kelters	0.0
kelvin	3.3
kelvins	1.6
kemp	3.4
kemps	1.8
kempt	1.7
ken	4.2
kenaf	1.3
kenafs	0.0
kench	1.5
kenches	0.0
kendo	2.5
kendos	0.0
kenned	1.1
kennel	3.2
kenneled	1.1
kennels	2.8
kenning	1.6
kennings	1.0
keno	2.4
kenos	0.0
kenosis	1.3
kenotic	1.1
kenotron	0.0
kens	2.1
kent	4.2
kep	2.1
kephalin	0.0
kepi	1.5
kepis	0.0
kepped	0.0
keppen	0.0
kepping	0.0
keps	1.2
kept	5.0
keramic	0.0
keramics	0.0
keratin	2.6
keratins	1.4
keratoid	0.0
keratoma	0.0
keratose	0.0
kerb	2.6
kerbed	0.0
kerbing	1.2
kerbs	2.0
kerchief	2.1
kerchoo	0.0
kerf	1.8
kerfed	0.0
kerfing	0.0
kerfs	0.0
kermes	1.4
kermess	0.0
kermesse	1.0
kermis	1.1
kermises	0.0
kern	3.2
kerne	1.2
kerned	0.0
kernel	3.6
kerneled	0.0
kernels	3.0
kernes	1.3
kerning	1.8
kernite	0.0
kernites	0.0
kerns	2.2
kerogen	1.5
kerogens	0.0
kerosene	3.0
kerosine	1.3
kerplunk	1.4
kerria	0.0
kerrias	0.0
kerries	1.0
kerry	3.9
kersey	2.2
kerseys	0.0
kerygma	1.2
kestrel	2.5
kestrels	1.9
ketch	2.4
ketches	1.3
ketchup	3.5
ketchups	1.3
ketene	1.5
ketenes	0.0
keto	3.0
ketol	0.0
ketols	0.0
ketone	2.6
ketones	2.7
ketonic	0.0
ketose	0.0
ketoses	0.0
ketosis	2.4
ketotic	0.0
kettle	3.5
kettles	2.6
kevel	0.0
kevels	0.0
kevil	0.0
kevils	0.0
kex	1.5
kexes	0.0
key	5.1
keyboard	4.1
keycard	2.0
keycards	1.3
keyed	2.9
keyhole	2.8
keyholes	1.6
keying	2.5
keyless	2.4
keynote	3.5
keynoted	1.2
keynoter	1.2
keynotes	2.2
keypad	2.8
keypads	1.8
keypunch	1.3
keys	4.4
keyset	1.4
keysets	0.0
keyster	0.0
keysters	0.0
keystone	3.5
keyway	1.8
keyways	1.3
keyword	3.3
keywords	3.4
khaddar	0.0
khaddars	0.0
khadi	2.2
khadis	0.0
khaf	0.0
khafs	0.0
khaki	3.0
khakis	2.5
khalif	2.0
khalifa	3.3
khalifas	1.2
khalifs	0.0
khamseen	0.0
khamsin	1.2
khamsins	0.0
khan	4.2
khanate	1.9
khanates	1.3
khans	2.6
khaph	0.0
khaphs	0.0
khat	2.2
khats	0.0
khazen	0.0
khazenim	0.0
khazens	0.0
kheda	1.4
khedah	0.0
khedahs	0.0
khedas	0.0
khedival	0.0
khedive	2.0
khedives	0.0
khet	1.4
kheth	0.0
kheths	0.0
khets	0.0
khi	2.0
khirkah	0.0
khirkahs	0.0
khis	0.0
khoum	0.0
khoums	0.0
kiang	2.0
kiangs	0.0
kiaugh	0.0
kiaughs	0.0
kibbe	1.7
kibbeh	1.3
kibbehs	0.0
kibbes	0.0
kibbi	0.0
kibbis	0.0
kibbitz	0.0
kibble	2.5
kibbled	0.0
kibbles	1.7
kibbling	0.0
kibbutz	2.7
kibe	1.2
kibei	0.0
kibeis	0.0
kibes	0.0
kibitz	1.3
kibitzed	0.0
kibitzer	1.0
kibitzes	0.0
kibla	0.0
kiblah	0.0
kiblahs	0.0
kiblas	0.0
kibosh	2.0
kiboshed	0.0
kiboshes	0.0
kick	4.7
kickable	1.3
kickback	2.7
kickball	2.3
kicked	4.4
kicker	3.4
kickers	2.8
kickier	0.0
kickiest	0.0
kicking	4.2
kickoff	3.4
kickoffs	2.2
kicks	4.1
kickshaw	0.0
kickup	0.0
kickups	0.0
kicky	1.6
kid	5.0
kidded	1.8
kidder	2.6
kidders	0.0
kiddie	2.9
kiddies	2.7
kidding	4.2
kiddish	1.2
kiddo	3.2
kiddoes	0.0
kiddos	2.9
kiddush	1.8
kiddy	2.5
kidlike	0.0
kidnap	3.5
kidnaped	1.6
kidnapee	0.0
kidnaper	0.0
kidnaps	2.6
kidney	4.0
kidneys	3.5
kids	5.3
kidskin	1.0
kidskins	0.0
kidvid	0.0
kidvids	0.0
kief	2.1
kiefs	0.0
kielbasa	2.0
kielbasi	0.0
kielbasy	0.0
kier	2.2
kiers	1.1
kiester	0.0
kiesters	0.0
kif	2.1
kifs	0.0
kike	2.4
kikes	1.8
kilim	1.8
kilims	1.2
kill	5.1
killdee	0.0
killdeer	1.7
killdees	0.0
killed	5.2
killer	4.5
killers	3.9
killick	2.3
killicks	0.0
killie	1.9
killies	0.0
killing	4.9
killings	3.7
killjoy	2.3
killjoys	2.1
killock	0.0
killocks	0.0
kills	4.3
kiln	3.1
kilned	0.0
kilning	0.0
kilns	2.7
kilo	3.1
kilobar	0.0
kilobars	0.0
kilobase	1.2
kilobaud	0.0
kilobit	1.1
kilobits	1.4
kilobyte	1.6
kilogram	3.0
kilomole	0.0
kilorad	0.0
kilorads	0.0
kilos	3.2
kiloton	2.0
kilotons	2.1
kilovolt	1.5
kilowatt	2.8
kilt	2.9
kilted	1.7
kilter	2.5
kilters	0.0
kiltie	1.2
kilties	0.0
kilting	0.0
kiltings	0.0
kilts	2.4
kilty	1.7
kimchee	1.6
kimchees	0.0
kimchi	2.8
kimchis	0.0
kimono	3.0
kimonoed	0.0
kimonos	2.2
kin	3.6
kina	2.3
kinas	0.0
kinase	3.3
kinases	2.6
kind	5.5
kinder	3.3
kindest	2.9
kindle	3.8
kindled	2.5
kindler	1.9
kindlers	0.0
kindles	2.3
kindless	0.0
kindlier	1.0
kindling	2.6
kindly	4.0
kindness	4.0
kindred	3.1
kindreds	1.7
kinds	4.5
kine	2.1
kinema	1.3
kinemas	0.0
kines	1.4
kineses	0.0
kinesic	0.0
kinesics	0.0
kinesis	1.9
kinetic	3.4
kinetics	2.9
kinetin	0.0
kinetins	0.0
kinfolk	2.1
kinfolks	1.1
king	5.2
kingbird	1.5
kingbolt	0.0
kingcup	0.0
kingcups	0.0
kingdom	4.6
kingdoms	3.5
kinged	0.0
kingfish	2.1
kinghood	0.0
kinging	1.1
kingless	0.0
kinglet	1.4
kinglets	1.2
kinglier	0.0
kinglike	0.0
kingly	2.3
kingpin	3.0
kingpins	2.1
kingpost	0.0
kings	4.4
kingship	2.8
kingside	1.5
kingwood	2.1
kinin	1.0
kinins	0.0
kink	3.2
kinkajou	1.2
kinked	1.8
kinkier	1.6
kinkiest	1.7
kinkily	0.0
kinking	1.5
kinks	3.2
kinky	3.4
kino	2.8
kinos	1.2
kins	2.1
kinsfolk	1.4
kinship	3.1
kinships	1.1
kinsman	2.7
kinsmen	2.5
kiosk	3.0
kiosks	2.8
kip	3.0
kipped	0.0
kippen	1.4
kipper	2.3
kippered	1.0
kipperer	0.0
kippers	2.1
kipping	1.9
kips	1.9
kipskin	0.0
kipskins	0.0
kir	2.2
kirigami	1.0
kirk	3.9
kirkman	2.5
kirkmen	0.0
kirks	1.8
kirmess	0.0
kirn	1.8
kirned	0.0
kirning	0.0
kirns	0.0
kirs	1.2
kirsch	2.5
kirsches	0.0
kirtle	1.3
kirtled	0.0
kirtles	0.0
kishka	0.0
kishkas	0.0
kishke	0.0
kishkes	0.0
kismat	1.1
kismats	0.0
kismet	2.3
kismetic	0.0
kismets	0.0
kiss	4.6
kissable	1.9
kissably	0.0
kissed	4.0
kisser	2.7
kissers	1.9
kisses	3.7
kissing	4.0
kissy	2.4
kist	2.0
kistful	0.0
kistfuls	0.0
kists	0.0
kit	4.4
kitchen	4.7
kitchens	3.4
kite	3.5
kited	1.2
kitelike	0.0
kiter	1.2
kiters	0.0
kites	3.0
kith	2.4
kithara	1.1
kitharas	0.0
kithe	0.0
kithed	0.0
kithes	0.0
kithing	0.0
kiths	0.0
kiting	2.1
kitling	0.0
kitlings	0.0
kits	3.8
kitsch	2.7
kitsches	0.0
kitschy	2.2
kitted	2.4
kittel	2.2
kitten	3.6
kittened	0.0
kittens	3.5
kitties	2.9
kitting	1.8
kittle	2.0
kittled	0.0
kittler	1.2
kittles	1.4
kittlest	0.0
kittling	0.0
kitty	4.0
kiva	2.4
kivas	1.6
kiwi	3.3
kiwis	2.9
klatch	1.4
klatches	0.0
klatsch	0.0
klavern	0.0
klaverns	0.0
klaxon	2.1
klaxons	1.8
kleagle	0.0
kleagles	0.0
klepht	0.0
klephtic	0.0
klephts	0.0
klezmer	2.1
klister	0.0
klisters	0.0
klong	1.8
klongs	0.0
kloof	1.8
kloofs	0.0
kludge	1.6
kludges	0.0
kluge	2.0
kluges	0.0
klutz	2.1
klutzes	0.0
klutzier	0.0
klutzy	1.6
klystron	1.6
knack	3.3
knacked	0.0
knacker	1.6
knackers	1.6
knackery	0.0
knacking	0.0
knacks	2.3
knap	1.6
knapped	1.1
knapper	1.3
knappers	0.0
knapping	1.5
knaps	0.0
knapsack	2.4
knapweed	1.5
knar	0.0
knarred	0.0
knarry	0.0
knars	0.0
knaur	0.0
knaurs	0.0
knave	2.5
knavery	1.4
knaves	2.0
knavish	1.3
knawel	0.0
knawels	0.0
knead	2.6
kneaded	2.2
kneader	0.0
kneaders	0.0
kneading	2.5
kneads	1.5
knee	4.3
kneecap	2.5
kneecaps	2.3
kneed	2.4
kneehole	0.0
kneeing	1.8
kneel	3.2
kneeled	2.3
kneeler	1.4
kneelers	1.5
kneeling	3.3
kneels	2.6
kneepad	0.0
kneepads	1.8
kneepan	0.0
kneepans	0.0
knees	4.2
kneesock	0.0
knell	2.6
knelled	0.0
knelling	0.0
knells	0.0
knelt	2.8
knesset	2.8
knessets	0.0
knew	5.2
knickers	3.0
knife	4.4
knifed	2.4
knifer	0.0
knifers	0.0
knifes	2.2
knifing	2.2
knight	4.3
knighted	2.8
knightly	2.4
knights	4.0
knish	1.6
knishes	1.4
knit	3.7
knits	2.6
knitted	3.2
knitter	2.1
knitters	2.2
knitting	3.5
knitwear	2.6
knives	3.8
knob	3.5
knobbed	1.6
knobbier	0.0
knobbly	1.9
knobby	2.1
knoblike	0.0
knobs	3.0
knock	4.3
knocked	4.2
knocker	2.4
knockers	2.4
knocking	3.9
knockoff	2.5
knockout	3.6
knocks	3.6
knoll	2.9
knolled	0.0
knoller	1.3
knollers	0.0
knolling	0.0
knolls	2.2
knolly	0.0
knop	1.6
knopped	0.0
knops	1.3
knosp	0.0
knosps	0.0
knot	3.7
knothole	1.6
knotless	1.1
knotlike	0.0
knots	3.6
knotted	2.9
knotter	1.2
knotters	0.0
knottier	0.0
knottily	0.0
knotting	2.1
knotty	2.5
knotweed	2.1
knout	1.1
knouted	0.0
knouting	0.0
knouts	0.0
know	6.1
knowable	2.2
knower	2.1
knowers	1.4
knowing	4.8
knowings	1.2
known	5.4
knowns	1.9
knows	5.1
knubbier	0.0
knubby	0.0
knuckle	3.2
knuckled	2.1
knuckler	1.2
knuckles	3.3
knuckly	0.0
knur	0.0
knurl	1.2
knurled	1.8
knurlier	0.0
knurling	1.6
knurls	0.0
knurly	0.0
knurs	0.0
koa	2.4
koala	3.0
koalas	2.7
koan	2.1
koans	1.6
koas	0.0
kob	2.0
kobo	2.6
kobold	2.1
kobolds	1.8
kobs	1.2
koel	1.7
koels	0.0
kohl	2.9
kohlrabi	1.8
kohls	2.2
koi	3.1
koine	1.9
koines	0.0
kokanee	1.7
kokanees	0.0
kola	2.5
kolacky	0.0
kolas	1.1
kolbasi	0.0
kolbasis	0.0
kolbassi	0.0
kolhoz	0.0
kolhozes	0.0
kolhozy	0.0
kolinski	0.0
kolinsky	1.5
kolkhos	0.0
kolkhosy	0.0
kolkhoz	1.9
kolkhozy	0.0
kolkoz	0.0
kolkozes	0.0
kolkozy	0.0
kolo	2.5
kolos	1.2
komatik	0.0
komatiks	0.0
komondor	1.1
konk	1.2
konked	0.0
konking	0.0
konks	0.0
koodoo	0.0
koodoos	0.0
kook	2.7
kookie	1.8
kookier	0.0
kookiest	0.0
kooks	2.3
kooky	2.6
kop	2.6
kopeck	1.4
kopecks	1.7
kopek	1.4
kopeks	1.4
koph	0.0
kophs	0.0
kopje	1.5
kopjes	1.0
koppa	1.1
koppas	0.0
koppie	1.2
koppies	0.0
kops	1.8
kor	2.8
korai	1.1
korat	1.5
korats	0.0
kore	2.3
kors	3.0
korun	0.0
koruna	1.6
korunas	0.0
koruny	0.0
kos	3.0
kosher	3.3
koshered	0.0
koshers	0.0
koss	2.3
koto	2.5
kotos	0.0
kotow	0.0
kotowed	0.0
kotower	0.0
kotowers	0.0
kotowing	0.0
kotows	0.0
koumis	0.0
koumises	0.0
koumiss	0.0
koumys	0.0
koumyses	0.0
koumyss	0.0
kouprey	0.0
koupreys	0.0
kouroi	0.0
kouros	1.6
kousso	0.0
koussos	0.0
kowtow	2.2
kowtowed	1.4
kowtower	0.0
kowtows	1.2
kraal	1.9
kraaled	0.0
kraaling	0.0
kraals	1.4
kraft	3.4
krafts	1.3
krait	1.9
kraits	0.0
kraken	2.9
krakens	1.3
krater	1.6
kraters	0.0
kraut	2.4
krauts	1.6
kreep	1.3
kreeps	0.0
kremlin	3.4
kremlins	0.0
kreplach	0.0
kreutzer	1.9
kreuzer	1.9
kreuzers	0.0
krill	2.6
krills	0.0
krimmer	0.0
krimmers	0.0
kris	3.6
krises	0.0
krona	2.2
krone	2.4
kronen	1.7
kroner	2.7
kronor	2.4
kronur	0.0
kroon	1.8
krooni	0.0
kroons	0.0
krubi	0.0
krubis	0.0
krubut	0.0
krubuts	0.0
kruller	0.0
krullers	0.0
krumhorn	0.0
kryolite	0.0
kryolith	0.0
krypton	2.8
kryptons	0.0
kuchen	1.4
kudo	2.4
kudos	3.5
kudu	2.1
kudus	1.6
kudzu	2.1
kudzus	0.0
kue	1.7
kues	0.0
kugel	2.0
kugels	0.0
kukri	1.8
kukris	0.0
kulak	1.9
kulaki	0.0
kulaks	2.0
kultur	2.1
kulturs	0.0
kumiss	0.0
kumisses	0.0
kummel	1.4
kummels	0.0
kumquat	1.9
kumquats	1.7
kumys	0.0
kumyses	0.0
kunzite	1.3
kunzites	0.0
kurbash	0.0
kurgan	1.9
kurgans	1.1
kurta	2.2
kurtas	1.4
kurtosis	1.8
kuru	2.2
kurus	1.6
kusso	0.0
kussos	0.0
kuvasz	0.0
kuvaszok	0.0
kvas	1.2
kvases	0.0
kvass	1.6
kvasses	0.0
kvetch	1.6
kvetched	0.0
kvetches	0.0
kvetchy	0.0
kwacha	1.8
kwanza	1.8
kwanzas	0.0
kyack	0.0
kyacks	0.0
kyak	0.0
kyaks	0.0
kyanise	0.0
kyanised	0.0
kyanises	0.0
kyanite	1.9
kyanites	0.0
kyanize	0.0
kyanized	0.0
kyanizes	0.0
kyar	0.0
kyars	0.0
kyat	1.6
kyats	1.5
kybosh	0.0
kyboshed	0.0
kyboshes	0.0
kylikes	0.0
kylix	1.3
kymogram	0.0
kyphoses	0.0
kyphosis	1.8
kyphotic	0.0
kyrie	3.3
kyries	1.5
kyte	1.9
kytes	0.0
kythe	0.0
kythed	0.0
kythes	0.0
kything	0.0
laager	1.6
laagered	0.0
laagers	0.0
laari	0.0
lab	4.4
labara	0.0
labarum	0.0
labarums	0.0
labdanum	1.4
label	4.4
labeled	3.9
labeler	1.4
labelers	1.1
labeling	3.5
labella	1.5
labelled	3.6
labeller	0.0
labellum	1.6
labels	4.1
labia	2.7
labial	2.4
labially	0.0
labials	1.6
labiate	0.0
labiated	0.0
labiates	0.0
labile	2.1
lability	1.5
labium	1.6
labor	4.8
labored	3.0
laborer	2.9
laborers	3.3
laboring	2.6
laborite	0.0
labors	2.8
labour	4.7
laboured	2.7
labourer	2.9
labours	2.7
labra	1.1
labrador	3.3
labret	1.5
labrets	1.0
labroid	0.0
labroids	0.0
labrum	2.3
labrums	0.0
labrusca	1.4
labs	3.8
laburnum	1.8
lac	3.3
lace	3.8
laced	3.3
laceless	1.2
lacelike	0.0
lacer	1.1
lacerate	1.7
lacers	0.0
lacertid	0.0
laces	3.1
lacewing	1.5
lacewood	0.0
lacework	1.6
lacey	3.3
laches	1.6
lacier	0.0
laciest	0.0
lacily	0.0
laciness	0.0
lacing	2.6
lacings	0.0
lack	4.9
lackaday	0.0
lacked	3.8
lacker	1.5
lackered	0.0
lackers	0.0
lackey	2.9
lackeyed	0.0
lackeys	2.5
lacking	4.1
lacks	3.9
laconic	2.4
laconism	0.0
lacquer	2.9
lacquers	2.2
lacquey	0.0
lacqueys	0.0
lacrimal	2.1
lacrosse	3.4
lacs	2.7
lactam	2.0
lactams	1.6
lactary	0.0
lactase	2.1
lactases	0.0
lactate	2.7
lactated	1.4
lactates	1.1
lacteal	0.0
lacteals	0.0
lactean	0.0
lacteous	0.0
lactic	2.9
lactone	2.0
lactones	1.7
lactonic	0.0
lactose	3.1
lactoses	0.0
lacuna	2.3
lacunae	2.0
lacunal	0.0
lacunar	1.4
lacunars	0.0
lacunary	0.0
lacunas	0.0
lacunate	0.0
lacune	0.0
lacunes	0.0
lacunose	0.0
lacy	3.2
lad	3.9
ladanum	0.0
ladanums	0.0
ladder	4.0
laddered	1.3
ladders	3.2
laddie	2.3
laddies	1.6
lade	2.1
laded	0.0
laden	3.7
ladened	1.0
ladening	0.0
ladens	1.4
lader	1.5
laders	0.0
lades	1.4
ladies	4.6
lading	2.3
ladings	0.0
ladino	2.0
ladinos	0.0
ladle	2.7
ladled	1.6
ladleful	1.2
ladler	0.0
ladlers	0.0
ladles	2.1
ladling	1.5
ladron	1.1
ladrone	0.0
ladrones	1.4
ladrons	0.0
lads	3.9
lady	5.0
ladybird	2.5
ladybug	2.7
ladybugs	2.2
ladyfish	1.2
ladyhood	0.0
ladyish	0.0
ladykin	0.0
ladykins	0.0
ladylike	2.5
ladylove	1.3
ladypalm	0.0
ladyship	2.5
laetrile	1.4
laevo	0.0
lag	3.7
lagan	2.1
lagans	0.0
lagend	0.0
lagends	0.0
lager	3.2
lagered	0.0
lagering	1.0
lagers	2.3
laggard	2.0
laggards	1.9
lagged	3.0
lagger	1.3
laggers	1.1
lagging	3.2
laggings	0.0
lagnappe	0.0
lagoon	3.4
lagoonal	1.4
lagoons	2.8
lags	3.0
laguna	3.2
lagunas	1.4
lagune	1.0
lagunes	0.0
lahar	1.6
lahars	1.4
laic	1.2
laical	0.0
laically	0.0
laich	1.7
laichs	0.0
laicise	0.0
laicised	0.0
laicises	0.0
laicism	0.0
laicisms	0.0
laicize	0.0
laicized	1.2
laicizes	0.0
laics	0.0
laid	4.6
laigh	1.4
laighs	0.0
lain	2.9
lair	3.2
laird	3.2
lairdly	0.0
lairds	1.8
laired	0.0
lairing	0.0
lairs	2.1
laitance	0.0
laith	2.0
laithly	0.0
laities	0.0
laity	2.8
lake	4.8
laked	0.0
lakelike	0.0
lakeport	1.8
laker	2.8
lakers	3.9
lakes	4.1
lakeside	3.1
lakh	3.2
lakhs	3.1
lakier	0.0
lakiest	0.0
laking	1.4
lakings	0.0
laky	0.0
lall	1.9
lallan	1.1
lalland	0.0
lallands	0.0
lallans	0.0
lalled	0.0
lalling	0.0
lalls	0.0
lallygag	0.0
lam	3.4
lama	3.5
lamas	2.5
lamasery	1.4
lamb	4.0
lambast	1.8
lambaste	1.7
lambasts	1.6
lambda	3.1
lambdas	1.7
lambdoid	1.1
lambed	0.0
lambency	0.0
lambent	1.6
lamber	1.1
lambers	1.1
lambert	3.7
lamberts	2.0
lambie	2.2
lambier	0.0
lambies	0.0
lambiest	0.0
lambing	2.3
lambkill	0.0
lambkin	1.4
lambkins	1.1
lamblike	0.0
lambs	3.2
lambskin	2.0
lamby	1.4
lame	4.0
lamed	1.7
lamedh	0.0
lamedhs	0.0
lameds	0.0
lamella	1.8
lamellae	2.0
lamellar	2.1
lamellas	0.0
lamely	1.9
lameness	2.3
lament	3.2
lamented	3.1
lamenter	0.0
laments	2.9
lamer	2.2
lames	2.1
lamest	2.4
lamia	2.4
lamiae	0.0
lamias	1.1
lamina	2.4
laminae	1.8
laminal	1.1
laminar	2.5
laminary	0.0
laminas	0.0
laminate	2.9
laming	1.9
laminose	0.0
laminous	0.0
lamister	0.0
lammed	0.0
lamming	1.6
lamp	4.0
lampad	0.0
lampads	0.0
lampas	1.2
lampases	0.0
lamped	1.0
lampers	0.0
lamping	1.6
lampion	0.0
lampions	0.0
lampoon	2.3
lampoons	2.0
lamppost	2.3
lamprey	2.3
lampreys	2.0
lamps	3.7
lampyrid	0.0
lams	1.6
lamster	0.0
lamsters	0.0
lanai	2.3
lanais	0.0
lanate	0.0
lanated	0.0
lance	3.9
lanced	1.9
lancelet	0.0
lancer	2.9
lancers	2.6
lances	2.6
lancet	3.1
lanceted	0.0
lancets	1.7
lanciers	0.0
lancing	2.1
land	5.2
landau	2.9
landaus	0.0
landed	4.2
lander	3.1
landers	2.7
landfall	3.1
landfill	3.4
landform	2.0
landgrab	1.1
landing	4.4
landings	3.4
landlady	2.9
landler	1.4
landlers	0.0
landless	2.5
landline	3.0
landlord	3.9
landman	2.0
landmark	3.9
landmass	2.5
landmen	0.0
lands	4.4
landside	1.7
landskip	0.0
landslid	0.0
landslip	1.9
landsman	2.1
landsmen	1.0
landward	2.2
lane	4.6
lanely	0.0
lanes	4.0
laneway	2.2
laneways	1.7
lang	3.9
langlauf	0.0
langley	3.4
langleys	0.0
langrage	0.0
langrel	0.0
langrels	0.0
langshan	0.0
langsyne	0.0
language	5.1
langue	2.3
langues	1.8
languet	0.0
languets	0.0
languid	2.5
languish	2.5
languor	1.9
languors	0.0
langur	1.8
langurs	1.6
laniard	0.0
laniards	0.0
laniary	0.0
lanital	0.0
lanitals	0.0
lank	2.0
lanker	0.0
lankest	0.0
lankier	0.0
lankiest	0.0
lankily	0.0
lankly	0.0
lankness	0.0
lanky	2.7
lanner	1.5
lanneret	0.0
lanners	0.0
lanolin	2.2
lanoline	0.0
lanolins	0.0
lanose	0.0
lanosity	0.0
lantana	2.1
lantanas	0.0
lantern	3.6
lanterns	3.2
lanthorn	1.1
lanugo	1.3
lanugos	0.0
lanyard	2.6
lanyards	2.1
lap	4.2
lapboard	0.0
lapdog	2.3
lapdogs	1.8
lapel	2.8
lapeled	0.0
lapelled	0.0
lapels	2.4
lapful	0.0
lapfuls	0.0
lapidary	2.0
lapidate	0.0
lapides	1.1
lapidify	0.0
lapidist	0.0
lapilli	1.6
lapillus	0.0
lapin	2.0
lapins	0.0
lapis	2.8
lapises	0.0
lapped	2.7
lapper	1.4
lappered	0.0
lappers	0.0
lappet	1.4
lappeted	0.0
lappets	1.3
lapping	2.8
laps	3.7
lapsable	0.0
lapse	3.5
lapsed	2.9
lapser	0.0
lapsers	0.0
lapses	2.9
lapsible	0.0
lapsing	2.0
lapsus	1.3
laptop	4.2
laptops	3.5
lapwing	1.9
lapwings	1.6
lar	2.7
larboard	1.9
larcener	0.0
larceny	2.9
larch	2.5
larches	1.5
lard	3.0
larded	1.6
larder	2.5
larders	1.5
lardier	0.0
lardiest	0.0
larding	1.2
lardlike	0.0
lardon	0.0
lardons	1.5
lardoon	0.0
lardoons	0.0
lards	1.1
lardy	1.8
laree	1.2
larees	0.0
lares	1.9
largando	0.0
large	5.4
largely	4.6
larger	4.8
larges	1.9
largess	1.9
largesse	2.3
largest	4.9
largish	1.8
largo	3.0
largos	1.2
lari	2.1
lariat	2.3
lariated	0.0
lariats	1.2
larine	0.0
laris	1.4
lark	3.1
larked	0.0
larker	0.0
larkers	0.0
larkier	0.0
larkiest	0.0
larking	1.8
larkish	0.0
larks	2.4
larksome	0.0
larkspur	2.1
larky	1.1
larrigan	0.0
larrikin	1.7
larrup	0.0
larruped	0.0
larruper	0.0
larrups	0.0
lars	3.4
larum	1.1
larums	0.0
larva	3.0
larvae	3.6
larval	2.9
larvas	0.0
laryngal	0.0
larynges	0.0
larynx	2.7
larynxes	0.0
las	4.3
lasagna	3.1
lasagnas	1.4
lasagne	2.5
lasagnes	0.0
lascar	1.7
lascars	1.7
lase	1.6
lased	0.0
laser	4.2
lasers	3.5
lases	0.0
lash	3.4
lashed	3.0
lasher	1.9
lashers	0.0
lashes	3.4
lashing	3.0
lashings	2.3
lashins	0.0
lashkar	2.4
lashkars	0.0
lasing	2.0
lass	3.1
lasses	2.3
lassie	2.7
lassies	2.1
lasso	2.7
lassoed	1.6
lassoer	0.0
lassoers	0.0
lassoes	0.0
lassoing	1.4
lassos	1.4
last	5.9
lasted	4.1
laster	1.8
lasters	0.0
lasting	4.1
lastings	0.0
lastly	3.7
lasts	3.9
lat	3.1
latakia	2.4
latakias	0.0
latch	3.3
latched	2.8
latches	2.6
latchet	0.0
latchets	0.0
latching	2.6
latchkey	1.8
late	5.3
lated	1.6
lateen	1.5
lateener	0.0
lateens	0.0
lately	4.4
laten	1.3
latency	3.3
latened	0.0
lateness	2.4
latening	0.0
latens	0.0
latent	3.3
latently	1.6
latents	1.3
later	5.5
laterad	0.0
lateral	3.8
laterals	2.1
laterite	2.1
laterize	0.0
latest	4.9
latests	0.0
latewood	0.0
latex	3.4
latexes	0.0
lath	2.1
lathe	2.9
lathed	1.2
lather	2.7
lathered	2.0
latherer	0.0
lathers	1.8
lathery	0.0
lathes	2.3
lathi	1.8
lathier	0.0
lathiest	0.0
lathing	1.4
lathings	0.0
lathis	1.1
laths	1.3
lathwork	0.0
lathy	0.0
lati	1.8
latices	0.0
latigo	1.6
latigoes	0.0
latigos	0.0
latinity	1.0
latinize	0.0
latino	3.8
latinos	3.3
latish	0.0
latitude	3.6
latke	1.4
latkes	1.9
latosol	0.0
latosols	0.0
latria	1.2
latrias	0.0
latrine	2.5
latrines	2.5
lats	2.3
latte	3.3
latten	0.0
lattens	0.0
latter	4.6
latterly	2.8
lattes	2.7
lattice	3.4
latticed	1.8
lattices	2.5
lattin	1.8
lattins	0.0
lauan	1.1
lauans	0.0
laud	2.6
laudable	2.7
laudably	1.5
laudanum	2.2
laudator	0.0
lauded	3.2
lauder	2.9
lauders	0.0
lauding	2.3
lauds	2.5
laugh	4.7
laughed	4.2
laugher	2.1
laughers	1.3
laughing	4.6
laughs	4.1
laughter	4.1
launce	0.0
launces	0.0
launch	4.7
launched	4.6
launcher	3.4
launches	3.9
launder	2.7
launders	1.8
laundry	4.1
laura	4.2
laurae	0.0
lauras	1.2
laureate	3.2
laurel	3.6
laureled	0.0
laurels	2.9
lauwine	0.0
lauwines	0.0
lav	2.6
lava	3.7
lavabo	1.2
lavaboes	0.0
lavabos	0.0
lavage	2.2
lavages	0.0
lavalava	0.0
lavalier	1.5
lavalike	0.0
lavas	2.3
lavation	0.0
lavatory	2.9
lave	2.2
laved	0.0
laveer	0.0
laveered	0.0
laveers	0.0
lavender	3.4
laver	2.6
laverock	0.0
lavers	1.6
laves	1.4
laving	1.0
lavish	3.4
lavished	2.5
lavisher	0.0
lavishes	1.7
lavishly	2.8
lavrock	0.0
lavrocks	0.0
lavs	1.5
law	5.5
lawbook	1.2
lawbooks	0.0
lawed	0.0
lawful	3.6
lawfully	3.1
lawgiver	2.0
lawine	0.0
lawines	0.0
lawing	1.1
lawings	0.0
lawless	3.3
lawlike	0.0
lawmaker	3.1
lawman	2.5
lawmen	2.1
lawn	4.0
lawns	3.2
lawny	0.0
laws	4.9
lawsuit	4.1
lawsuits	3.6
lawyer	4.7
lawyered	1.9
lawyerly	1.6
lawyers	4.4
lax	3.5
laxation	0.0
laxative	2.7
laxer	1.7
laxest	0.0
laxities	0.0
laxity	2.2
laxly	1.2
laxness	1.6
lay	4.6
layabout	1.7
layaway	2.2
layaways	0.0
layed	2.5
layer	4.4
layerage	0.0
layered	3.5
layering	3.0
layers	4.2
layette	1.5
layettes	0.0
laying	4.2
layman	2.9
laymen	2.6
layoff	2.8
layoffs	3.1
layout	4.1
layouts	3.1
layover	2.7
layovers	1.9
lays	3.7
layup	2.9
layups	2.3
laywoman	0.0
laywomen	1.1
lazar	2.8
lazaret	1.0
lazarets	0.0
lazars	0.0
laze	2.2
lazed	1.3
lazes	1.0
lazied	0.0
lazier	2.4
lazies	1.0
laziest	2.5
lazily	2.7
laziness	3.2
lazing	2.2
lazuli	2.4
lazulis	0.0
lazulite	0.0
lazurite	0.0
lazy	4.2
lazying	0.0
lazyish	0.0
lea	3.6
leach	3.2
leachate	2.0
leached	2.2
leacher	0.0
leachers	0.0
leaches	1.9
leachier	0.0
leaching	2.7
leachy	0.0
lead	5.2
leaded	2.6
leaden	2.4
leadenly	0.0
leader	5.0
leaders	4.8
leadier	0.0
leadiest	0.0
leading	5.0
leadings	1.0
leadless	1.1
leadman	0.0
leadmen	0.0
leadoff	2.7
leadoffs	0.0
leads	4.7
leadsman	0.0
leadsmen	0.0
leadwork	0.0
leadwort	0.0
leady	0.0
leaf	4.2
leafage	0.0
leafages	0.0
leafed	2.3
leafier	1.1
leafiest	0.0
leafing	2.1
leafless	2.1
leaflet	3.1
leaflets	3.3
leaflike	1.2
leafs	3.6
leafworm	0.0
leafy	3.3
league	5.1
leagued	1.2
leaguer	2.4
leaguers	2.5
leagues	3.9
leaguing	0.0
leak	4.1
leakage	3.2
leakages	2.1
leaked	4.0
leaker	2.6
leakers	2.3
leakier	0.0
leakiest	0.0
leakily	0.0
leaking	3.7
leakless	0.0
leaks	3.9
leaky	3.1
leal	2.4
leally	0.0
lealties	0.0
lealty	0.0
lean	4.1
leaned	3.4
leaner	2.8
leaners	1.7
leanest	1.7
leaning	3.9
leanings	2.9
leanly	0.0
leanness	1.7
leans	3.3
leant	2.4
leap	3.9
leaped	2.8
leaper	1.8
leapers	1.4
leapfrog	2.6
leaping	3.2
leaps	3.4
leapt	3.0
lear	3.2
learier	0.0
leariest	0.0
learn	5.2
learned	4.8
learner	3.4
learners	3.5
learning	4.9
learns	3.7
learnt	3.9
lears	1.4
leary	2.9
leas	2.4
leasable	1.7
lease	4.2
leased	3.6
leaser	1.3
leasers	1.0
leases	3.4
leash	3.5
leashed	2.1
leashes	2.4
leashing	0.0
leasing	3.5
leasings	0.0
least	5.4
leasts	0.0
leather	4.3
leathern	1.3
leathers	2.7
leathery	2.6
leave	5.3
leaved	2.7
leaven	2.3
leavened	2.3
leavens	1.5
leaver	2.4
leavers	2.9
leaves	4.8
leavier	0.0
leaviest	0.0
leaving	5.0
leavings	1.8
leavy	1.9
leben	2.5
lebens	1.6
lech	2.5
lechayim	0.0
leched	0.0
lecher	1.7
lechered	0.0
lechers	1.1
lechery	1.8
leches	1.6
leching	0.0
lechwe	1.1
lechwes	0.0
lecithin	2.2
lectern	2.4
lecterns	1.5
lectin	2.1
lectins	1.9
lection	1.3
lections	0.0
lector	2.1
lectors	1.4
lecture	4.1
lectured	3.0
lecturer	3.7
lectures	4.0
lecythi	0.0
lecythis	0.0
lecythus	0.0
led	5.1
ledge	3.4
ledger	3.5
ledgers	2.6
ledges	2.7
ledgier	0.0
ledgiest	0.0
ledgy	0.0
lee	4.7
leeboard	0.0
leech	3.2
leeched	1.6
leeches	2.9
leeching	2.1
leek	2.9
leeks	2.7
leer	2.6
leered	1.7
leerier	0.0
leeriest	0.0
leerily	0.0
leering	2.4
leers	1.7
leery	2.6
lees	3.0
leet	2.2
leets	1.0
leeward	2.7
leewards	0.0
leeway	3.0
leeways	0.0
left	5.6
lefter	1.2
leftest	0.0
lefties	2.9
leftish	1.5
leftism	2.2
leftisms	0.0
leftist	3.6
leftists	3.3
leftover	3.4
lefts	2.4
leftward	2.2
leftwing	2.4
lefty	3.2
leg	4.7
legacies	3.0
legacy	4.4
legal	5.1
legalese	2.1
legalise	2.4
legalism	2.2
legalist	1.7
legality	3.4
legalize	3.3
legally	4.2
legals	1.6
legate	2.5
legated	0.0
legatee	1.5
legatees	1.2
legates	2.0
legatine	1.3
legating	0.0
legation	2.6
legato	2.3
legator	0.0
legators	0.0
legatos	0.0
legend	4.4
legendry	1.2
legends	4.1
leger	2.7
legerity	0.0
legers	0.0
leges	1.8
legged	3.5
leggier	0.0
leggiero	0.0
leggiest	0.0
leggin	0.0
legging	2.2
leggings	3.3
leggins	1.5
leggy	2.5
leghorn	2.2
leghorns	1.1
legible	2.8
legibly	1.9
legion	3.9
legions	3.3
legist	0.0
legists	0.0
legit	4.0
legits	0.0
legless	2.3
leglike	0.0
legman	1.4
legmen	0.0
legong	0.0
legongs	0.0
legroom	2.4
legrooms	0.0
legs	4.7
legume	2.6
legumes	2.9
legumin	0.0
legumins	0.0
legwork	2.5
legworks	0.0
lehayim	0.0
lehayims	0.0
lehr	2.1
lehrs	0.0
lehua	1.5
lehuas	0.0
lei	3.2
leis	2.2
leister	1.6
leisters	0.0
leisure	3.9
leisured	1.4
leisures	0.0
lek	2.3
leke	1.6
leks	1.4
leku	0.0
lekvar	0.0
lekvars	0.0
lekythi	0.0
lekythoi	0.0
lekythos	1.0
lekythus	0.0
leman	2.3
lemans	1.9
lemma	2.7
lemmas	1.7
lemmata	0.0
lemming	2.3
lemmings	2.5
lemnisci	0.0
lemon	4.1
lemonade	3.4
lemonish	0.0
lemons	3.3
lemony	2.5
lempira	1.2
lempiras	1.0
lemur	2.6
lemures	0.0
lemurine	0.0
lemuroid	0.0
lemurs	2.6
lend	3.9
lendable	0.0
lender	3.6
lenders	3.7
lending	3.9
lends	3.4
lenes	0.0
length	4.8
lengthen	2.8
lengths	3.9
lengthy	3.9
lenience	1.7
leniency	2.8
lenient	3.1
lenis	1.4
lenities	0.0
lenition	1.3
lenitive	0.0
lenity	1.3
leno	3.0
lenos	0.0
lens	4.2
lense	2.3
lensed	1.9
lenses	3.8
lensing	2.3
lensless	0.0
lensman	1.5
lensmen	1.0
lent	3.8
lentando	0.0
lenten	2.5
lentic	1.3
lenticel	0.0
lentigo	1.1
lentil	2.7
lentils	3.0
lentisk	0.0
lentisks	0.0
lento	2.1
lentoid	0.0
lentos	0.0
leone	3.6
leones	1.6
leonine	1.8
leopard	3.6
leopards	2.9
leotard	2.5
leotards	2.2
leper	2.8
lepers	2.6
lepidote	0.0
leporid	0.0
leporids	0.0
leporine	0.0
leprose	0.0
leprosy	3.0
leprotic	0.0
leprous	1.9
lept	1.6
lepta	0.0
lepton	2.0
leptonic	0.0
leptons	1.9
lesbian	4.2
lesbians	3.6
lesion	3.1
lesioned	1.2
lesions	3.4
less	5.5
lessee	2.6
lessees	2.1
lessen	3.4
lessened	3.0
lessens	2.7
lesser	4.1
lesson	4.5
lessoned	0.0
lessons	4.4
lessor	2.4
lessors	1.9
lest	3.5
let	5.6
letch	1.6
letched	0.0
letches	0.0
letching	0.0
letdown	2.6
letdowns	1.6
lethal	3.9
lethally	2.1
lethals	1.5
lethargy	2.7
lethe	2.0
lethean	1.0
lethes	0.0
lets	4.5
letted	0.0
letter	5.0
lettered	2.7
letterer	1.5
letters	4.7
letting	4.5
lettuce	3.6
lettuces	2.1
letup	1.5
letups	0.0
leu	2.5
leucemia	0.0
leucemic	0.0
leucin	0.0
leucine	2.4
leucines	0.0
leucins	0.0
leucite	1.0
leucites	0.0
leucitic	0.0
leucoma	0.0
leucomas	0.0
leud	0.0
leudes	0.0
leuds	0.0
leukemia	3.5
leukemic	1.8
leukoma	0.0
leukomas	0.0
leukon	0.0
leukons	0.0
leukoses	0.0
leukosis	0.0
leukotic	0.0
lev	3.1
leva	2.1
levant	3.2
levanted	0.0
levanter	0.0
levants	0.0
levator	1.7
levators	0.0
levee	2.8
leveed	0.0
leveeing	0.0
levees	2.6
level	5.4
leveled	3.3
leveler	1.9
levelers	1.5
leveling	3.2
levelled	3.0
leveller	2.1
levelly	0.0
levels	5.0
lever	3.6
leverage	3.9
levered	2.0
leveret	1.3
leverets	0.0
levering	2.0
levers	3.1
leviable	0.0
levied	3.2
levier	0.0
leviers	0.0
levies	3.0
levigate	0.0
levin	3.4
levins	1.8
levirate	1.4
levitate	2.5
levities	0.0
levity	2.6
levo	1.8
levodopa	2.0
levogyre	0.0
levulin	0.0
levulins	0.0
levulose	0.0
levy	3.9
levying	2.4
lewd	3.2
lewder	0.0
lewdest	0.0
lewdly	1.6
lewdness	2.1
lewis	4.5
lewises	1.4
lewisite	1.3
lewisson	0.0
lex	3.5
lexeme	1.4
lexemes	1.6
lexemic	0.0
lexes	0.0
lexica	1.2
lexical	3.0
lexicon	3.1
lexicons	1.8
lexis	2.5
ley	3.0
leys	2.2
lez	2.3
lezzes	0.0
lezzie	1.3
lezzies	1.2
lezzy	1.1
liable	3.9
liaise	2.5
liaised	1.7
liaises	1.6
liaising	2.3
liaison	3.6
liaisons	2.7
liana	2.5
lianas	1.7
liane	2.2
lianes	0.0
liang	3.1
liangs	0.0
lianoid	0.0
liar	4.0
liard	1.6
liards	0.0
liars	3.5
lib	3.8
libation	2.2
libber	1.1
libbers	1.0
libeccio	0.0
libel	3.3
libelant	0.0
libeled	1.7
libelee	0.0
libelees	0.0
libeler	0.0
libelers	0.0
libeling	1.3
libelist	0.0
libelled	1.5
libellee	0.0
libeller	0.0
libelous	2.4
libels	1.8
liber	2.8
liberal	4.7
liberals	4.1
liberate	3.2
libers	0.0
liberty	4.3
libido	3.1
libidos	1.8
liblab	0.0
liblabs	0.0
libra	2.9
librae	0.0
library	4.9
libras	1.7
librate	0.0
librated	0.0
librates	0.0
libretti	1.6
libretto	2.6
libri	2.3
libs	3.2
lice	3.2
licence	4.0
licenced	2.3
licencee	0.0
licencer	0.0
licences	3.3
license	4.5
licensed	4.2
licensee	3.0
licenser	1.1
licenses	3.8
licensor	2.4
licente	0.0
lich	2.5
lichee	0.0
lichees	0.0
lichen	2.8
lichened	0.0
lichenin	0.0
lichens	2.6
liches	1.2
lichi	0.0
lichis	0.0
licht	2.3
lichted	0.0
lichting	0.0
lichtly	0.0
lichts	1.2
licit	1.9
licitly	0.0
lick	3.8
licked	3.3
licker	2.3
lickers	2.0
licking	3.5
lickings	0.0
licks	3.1
lickspit	0.0
licorice	2.9
lictor	1.3
lictors	1.5
lid	3.8
lidar	2.6
lidars	1.1
lidded	2.1
lidding	0.0
lidless	1.5
lido	2.8
lidos	1.4
lids	3.1
lie	4.8
lied	4.2
lieder	2.2
lief	2.2
liefer	0.0
liefest	0.0
liefly	0.0
liege	3.0
liegeman	0.0
liegemen	0.0
lieges	1.1
lien	3.2
lienable	0.0
lienal	0.0
liens	2.7
lientery	0.0
lier	2.4
lierne	0.0
liernes	0.0
liers	1.6
lies	4.7
lieu	3.5
lieus	0.0
lieve	2.0
liever	0.0
lievest	0.0
life	5.9
lifeboat	3.2
lifeful	0.0
lifeless	3.2
lifelike	2.8
lifeline	3.2
lifelong	3.8
lifer	2.5
lifers	2.5
lifetime	4.4
lifeway	1.6
lifeways	1.5
lifework	1.6
lift	4.5
liftable	0.0
lifted	4.1
lifter	2.7
lifters	2.5
liftgate	1.5
lifting	4.1
liftman	0.0
liftmen	0.0
liftoff	2.7
liftoffs	0.0
lifts	3.8
ligament	3.3
ligan	0.0
ligand	3.0
ligands	2.9
ligans	0.0
ligase	2.0
ligases	1.4
ligate	1.4
ligated	1.9
ligates	0.0
ligating	1.6
ligation	2.5
ligative	0.0
ligature	2.8
liger	2.2
ligers	1.4
light	5.3
lighted	3.2
lighten	3.4
lightens	2.3
lighter	4.1
lighters	2.9
lightest	3.0
lightful	1.1
lighting	4.3
lightish	1.2
lightly	4.0
lights	4.6
ligneous	1.0
lignify	0.0
lignin	2.5
lignins	0.0
lignite	2.5
lignites	0.0
lignitic	0.0
ligroin	0.0
ligroine	0.0
ligroins	0.0
ligula	1.2
ligulae	0.0
ligular	0.0
ligulas	0.0
ligulate	1.1
ligule	1.2
ligules	0.0
liguloid	0.0
ligure	1.5
ligures	0.0
likable	3.0
like	6.4
likeable	3.0
liked	4.8
likelier	2.1
likely	5.2
liken	2.6
likened	3.1
likeness	3.3
likening	2.4
likens	2.5
liker	1.8
likers	1.4
likes	4.7
likest	0.0
likewise	4.0
liking	4.0
likings	1.7
likuta	0.0
lilac	3.1
lilacs	2.4
lilied	0.0
lilies	3.1
lilliput	2.1
lilt	2.2
lilted	0.0
lilting	2.3
lilts	1.1
lily	4.0
lilylike	0.0
lima	3.6
limacine	0.0
limacon	0.0
limacons	0.0
liman	2.1
limans	0.0
limas	1.4
limb	3.7
limba	1.5
limbas	0.0
limbate	0.0
limbeck	0.0
limbecks	0.0
limbed	2.2
limber	2.5
limbered	1.4
limberer	0.0
limberly	0.0
limbers	1.4
limbi	0.0
limbic	2.5
limbier	0.0
limbiest	0.0
limbing	1.0
limbless	1.8
limbo	3.3
limbos	0.0
limbs	3.7
limbus	1.7
limbuses	0.0
limby	0.0
lime	3.9
limeade	1.7
limeades	0.0
limed	1.5
limekiln	1.4
limeless	0.0
limen	1.2
limens	0.0
limerick	3.1
limes	2.9
limey	2.1
limeys	1.2
limier	0.0
limiest	0.0
limina	1.2
liminal	2.2
liminess	0.0
liming	1.9
limit	4.7
limitary	0.0
limited	5.0
limiteds	1.4
limiter	2.5
limiters	2.2
limites	1.5
limiting	4.0
limits	4.5
limmer	1.4
limmers	0.0
limn	1.4
limned	1.1
limner	1.2
limners	0.0
limnetic	0.0
limnic	0.0
limning	1.0
limns	0.0
limo	3.3
limonene	1.9
limonite	1.7
limos	2.4
limp	3.4
limpa	1.1
limpas	0.0
limped	2.6
limper	1.3
limpers	0.0
limpest	0.0
limpet	2.2
limpets	2.0
limpid	2.0
limpidly	0.0
limping	3.0
limpkin	0.0
limpkins	0.0
limply	1.9
limpness	1.1
limps	2.2
limpsey	0.0
limpsier	0.0
limpsy	0.0
limuli	0.0
limuloid	0.0
limulus	1.3
limy	1.1
lin	3.8
linable	0.0
linac	1.8
linacs	1.2
linage	1.4
linages	0.0
linalol	0.0
linalols	0.0
linalool	1.7
linchpin	2.3
lindane	1.5
lindanes	0.0
linden	3.2
lindens	1.5
lindies	0.0
lindy	2.8
line	5.5
lineable	0.0
lineage	3.5
lineages	2.8
lineal	2.4
lineally	1.0
linear	4.1
linearly	2.9
lineate	0.0
lineated	1.1
linebred	0.0
linecut	0.0
linecuts	0.0
lined	4.1
lineless	0.0
linelike	0.0
lineman	3.2
linemen	2.9
linen	3.6
linens	2.8
lineny	0.0
liner	3.8
liners	3.4
lines	5.0
linesman	2.6
linesmen	2.0
lineup	4.0
lineups	3.0
liney	1.1
ling	3.5
linga	2.1
lingam	2.0
lingams	0.0
lingas	1.1
lingcod	1.3
lingcods	0.0
linger	3.3
lingered	2.9
lingerer	0.0
lingerie	3.5
lingers	3.0
lingier	0.0
lingiest	0.0
lingo	3.0
lingoes	0.0
lings	2.1
lingua	2.8
linguae	1.6
lingual	2.8
linguals	0.0
linguine	2.2
linguini	1.9
linguist	2.9
lingy	0.0
linier	0.0
liniest	0.0
liniment	1.9
linin	1.2
lining	3.9
linings	2.9
linins	0.0
link	5.0
linkable	1.6
linkage	3.1
linkages	2.9
linkboy	0.0
linkboys	0.0
linked	4.5
linker	2.6
linkers	1.9
linking	4.0
linkman	1.1
linkmen	0.0
links	4.7
linksman	0.0
linksmen	0.0
linkup	2.0
linkups	1.0
linkwork	0.0
linky	2.5
linn	3.1
linnet	2.1
linnets	1.7
linns	0.0
lino	2.8
linocut	1.7
linocuts	1.3
linoleum	2.6
linos	1.4
lins	2.1
linsang	0.0
linsangs	0.0
linseed	2.4
linseeds	1.1
linsey	2.1
linseys	0.0
linstock	0.0
lint	3.0
lintel	2.3
lintels	2.0
linter	1.5
linters	1.1
lintier	0.0
lintiest	0.0
lintless	0.0
lintol	0.0
lintols	0.0
lints	1.1
linty	1.1
linum	1.7
linums	0.0
linuron	0.0
linurons	0.0
liny	0.0
lion	4.2
lioness	2.8
lionfish	2.2
lionise	1.1
lionised	1.2
lioniser	0.0
lionises	0.0
lionize	1.5
lionized	1.8
lionizer	0.0
lionizes	0.0
lionlike	0.0
lions	4.2
lip	4.1
lipase	2.3
lipases	1.6
lipid	3.3
lipide	0.0
lipides	0.0
lipidic	0.0
lipids	3.0
lipin	1.4
lipins	0.0
lipless	1.3
liplike	0.0
lipocyte	0.0
lipoid	1.3
lipoidal	0.0
lipoids	0.0
lipoma	1.8
lipomas	1.4
lipomata	0.0
liposome	1.7
lipped	2.8
lippen	1.1
lippened	0.0
lippens	1.0
lipper	2.0
lippered	0.0
lippers	0.0
lippier	0.0
lippiest	0.0
lipping	1.4
lippings	0.0
lippy	2.2
lips	4.3
lipstick	3.7
liquate	0.0
liquated	0.0
liquates	0.0
liquefy	2.2
liqueur	2.8
liqueurs	2.3
liquid	4.4
liquidly	0.0
liquids	3.5
liquify	1.8
liquor	4.0
liquored	1.6
liquors	2.6
lira	3.0
liras	1.8
lire	2.9
liri	1.3
liripipe	0.0
lirot	0.0
liroth	0.0
lis	3.1
lisente	0.0
lisle	2.6
lisles	0.0
lisp	3.0
lisped	0.0
lisper	0.0
lispers	0.0
lisping	1.9
lisps	1.6
lissom	1.2
lissome	1.2
lissomly	0.0
list	5.3
listable	0.0
listed	4.7
listee	0.0
listees	0.0
listel	0.0
listels	0.0
listen	5.1
listened	4.2
listener	3.5
listens	3.6
lister	3.1
listers	2.3
listing	4.3
listings	3.9
listless	2.5
lists	4.4
lit	4.2
litai	0.0
litanies	1.8
litany	2.9
litas	1.4
litchi	1.8
litchis	0.0
lite	3.5
liter	3.5
literacy	3.9
literal	3.8
literals	2.2
literary	4.3
literate	3.3
literati	2.3
liters	3.2
litharge	1.0
lithe	2.5
lithely	0.0
lithemia	0.0
lithemic	0.0
lither	0.0
lithest	0.0
lithia	2.0
lithias	0.0
lithic	2.2
lithify	0.0
lithium	3.6
lithiums	0.0
litho	2.1
lithoed	0.0
lithoid	0.0
lithoing	0.0
lithos	1.4
lithosol	0.0
litigant	2.3
litigate	2.4
litmus	2.8
litmuses	0.0
litoral	1.4
litotes	1.2
litotic	0.0
litre	3.5
litres	3.2
lits	1.8
litten	2.0
litter	3.7
littered	3.1
litterer	1.1
litters	2.7
littery	0.0
little	5.8
littler	2.4
littles	2.4
littlest	2.7
littlish	0.0
littoral	2.7
litu	0.0
liturgic	0.0
liturgy	3.2
livable	2.8
live	5.5
liveable	2.5
lived	4.9
livelier	2.3
livelily	0.0
livelong	1.6
lively	3.9
liven	2.6
livened	1.8
livener	0.0
liveners	0.0
liveness	1.6
livening	1.6
livens	1.8
liver	4.2
liveried	1.8
liveries	2.3
liverish	0.0
livers	2.8
livery	3.1
lives	5.1
livest	1.7
livetrap	0.0
livid	3.0
lividity	1.7
lividly	0.0
livier	0.0
liviers	0.0
living	5.3
livingly	0.0
livings	2.2
livre	2.4
livres	2.5
livyer	0.0
livyers	0.0
lixivia	0.0
lixivial	0.0
lixivium	0.0
lizard	3.6
lizards	3.2
llama	3.0
llamas	2.8
llano	2.2
llanos	1.9
loach	2.4
loaches	1.6
load	4.6
loaded	4.2
loader	3.1
loaders	2.7
loading	4.1
loadings	2.3
loads	4.2
loadstar	1.2
loaf	3.5
loafed	1.2
loafer	2.4
loafers	2.8
loafing	2.4
loafs	1.7
loam	2.6
loamed	0.0
loamier	0.0
loamiest	0.0
loaming	0.0
loamless	0.0
loams	1.6
loamy	2.2
loan	4.7
loanable	1.4
loaned	3.3
loaner	2.3
loaners	1.6
loaning	2.6
loanings	0.0
loans	4.5
loanword	1.6
loath	2.7
loathe	3.1
loathed	2.7
loather	0.0
loathers	0.0
loathes	2.3
loathful	0.0
loathing	3.2
loathly	0.0
loaves	2.9
lob	3.0
lobar	1.6
lobate	1.5
lobated	0.0
lobately	0.0
lobation	0.0
lobbed	2.4
lobber	0.0
lobbers	0.0
lobbied	3.1
lobbies	3.0
lobbing	2.3
lobby	4.0
lobbyer	0.0
lobbyers	0.0
lobbygow	0.0
lobbying	3.6
lobbyism	0.0
lobbyist	3.1
lobe	3.3
lobed	2.6
lobefin	0.0
lobefins	0.0
lobelia	2.1
lobelias	1.1
lobeline	0.0
lobes	3.1
loblolly	1.9
lobo	2.8
lobos	2.8
lobotomy	2.5
lobs	2.2
lobster	3.6
lobsters	3.0
lobstick	0.0
lobular	1.7
lobulate	0.0
lobule	1.6
lobules	1.5
lobulose	0.0
lobworm	0.0
lobworms	0.0
loca	2.7
local	5.4
locale	3.0
locales	2.9
localise	1.8
localism	2.3
localist	1.5
localite	0.0
locality	3.7
localize	2.5
locally	4.1
locals	4.0
locate	3.9
located	4.9
locater	1.5
locaters	0.0
locates	2.8
locating	3.4
location	4.9
locative	2.2
locator	3.0
locators	2.2
loch	3.5
lochan	1.6
lochans	1.0
lochia	1.1
lochial	0.0
lochs	2.3
loci	2.8
lock	4.5
lockable	2.1
lockage	0.0
lockages	0.0
lockbox	2.2
lockdown	3.5
locked	4.4
locker	4.0
lockers	3.1
locket	2.9
lockets	1.8
locking	3.8
lockjaw	2.2
lockjaws	0.0
locknut	1.3
locknuts	1.1
lockout	3.1
lockouts	2.5
lockram	0.0
lockrams	0.0
locks	3.9
lockstep	2.3
lockup	2.6
lockups	1.7
loco	3.2
locoed	0.0
locoes	0.0
locofoco	0.0
locoing	0.0
locoism	0.0
locoisms	0.0
locomote	0.0
locos	2.5
locoweed	0.0
locular	1.1
loculate	0.0
locule	1.1
loculed	0.0
locules	1.2
loculi	1.0
loculus	1.0
locum	2.6
locums	1.7
locus	3.2
locust	3.0
locusta	1.3
locustae	0.0
locustal	0.0
locusts	2.8
locution	1.5
locutory	0.0
lode	2.7
loden	1.6
lodens	0.0
lodes	1.7
lodestar	2.0
lodge	4.1
lodged	3.5
lodger	2.6
lodgers	2.2
lodges	3.2
lodging	3.4
lodgings	2.9
lodgment	1.3
lodicule	0.0
loess	2.3
loessal	0.0
loesses	0.0
loessial	0.0
loft	3.5
lofted	2.2
lofter	0.0
lofters	0.0
loftier	2.0
loftiest	1.8
loftily	1.8
lofting	1.9
loftless	0.0
loftlike	0.0
lofts	2.6
lofty	3.3
log	4.4
logan	4.0
logania	0.0
logans	1.7
logbook	2.5
logbooks	1.9
loge	2.1
loges	1.3
loggats	0.0
logged	3.6
logger	2.5
loggers	2.7
loggets	0.0
loggia	2.2
loggias	1.4
loggie	1.2
loggier	0.0
loggiest	0.0
logging	3.8
loggings	0.0
loggy	0.0
logia	1.8
logic	4.4
logical	4.1
logician	2.1
logicise	0.0
logicize	0.0
logics	2.5
logier	0.0
logiest	0.0
logily	0.0
loginess	0.0
logion	0.0
logions	0.0
logistic	3.1
logjam	2.1
logjams	1.2
logo	4.3
logogram	1.1
logoi	1.2
logomach	0.0
logos	3.5
logotype	1.8
logotypy	0.0
logroll	0.0
logrolls	0.0
logs	3.8
logway	0.0
logways	0.0
logwood	1.5
logwoods	0.0
logy	1.8
loin	2.8
loins	2.7
loiter	2.4
loitered	1.7
loiterer	1.0
loiters	1.3
loll	2.2
lolled	1.7
loller	0.0
lollers	0.0
lollies	2.3
lolling	2.1
lollipop	3.1
lollop	0.0
lolloped	0.0
lollops	0.0
lolls	1.4
lolly	2.8
lollygag	1.2
lollypop	1.8
lomein	0.0
lomeins	0.0
loment	0.0
lomenta	0.0
loments	0.0
lomentum	0.0
lone	3.9
lonelier	2.1
lonelily	0.0
lonely	4.2
loneness	0.0
loner	3.1
loners	2.4
lonesome	3.1
long	5.8
longan	1.6
longans	0.0
longboat	2.2
longbow	2.3
longbows	1.7
longe	2.0
longed	3.1
longeing	0.0
longer	5.2
longeron	1.0
longers	0.0
longes	1.2
longest	4.2
longhair	2.0
longhand	2.0
longhead	0.0
longhorn	2.7
longies	0.0
longing	3.5
longings	2.3
longish	2.3
longleaf	2.0
longline	2.1
longly	0.0
longness	0.0
longs	3.0
longship	1.6
longsome	0.0
longspur	1.2
longtime	3.7
longueur	1.1
longways	1.4
longwise	0.0
loo	3.3
loobies	0.0
looby	1.7
looed	0.0
looey	1.1
looeys	0.0
loof	1.6
loofa	1.5
loofah	2.0
loofahs	1.3
loofas	0.0
loofs	0.0
looie	0.0
looies	0.0
looing	0.0
look	5.8
lookdown	0.0
looked	5.1
looker	2.5
lookers	2.1
looking	5.6
lookout	3.6
lookouts	2.4
looks	5.4
lookup	2.9
lookups	2.0
loom	3.3
loomed	2.8
looming	3.3
looms	3.2
loon	3.0
looney	3.0
looneys	0.0
loonier	0.0
loonies	2.3
looniest	0.0
loons	2.6
loony	2.8
loop	4.3
looped	3.0
looper	2.5
loopers	1.9
loophole	3.2
loopier	0.0
loopiest	0.0
looping	3.0
loops	3.6
loopy	2.7
loos	2.8
loose	4.5
loosed	2.4
loosely	3.6
loosen	3.4
loosened	3.0
loosener	0.0
loosens	2.4
looser	3.0
looses	2.5
loosest	1.9
loosing	3.1
loot	3.5
looted	3.2
looter	2.0
looters	2.8
looting	3.5
loots	2.1
lop	2.7
lope	2.6
loped	1.5
loper	1.8
lopers	0.0
lopes	2.6
loping	1.9
lopped	2.2
lopper	1.2
loppered	0.0
loppers	1.1
loppier	0.0
loppiest	0.0
lopping	1.9
loppy	0.0
lops	1.7
lopsided	2.9
lopstick	0.0
loquat	1.5
loquats	1.0
loral	2.0
loran	2.2
lorans	0.0
lord	5.1
lorded	1.8
lording	2.0
lordings	0.0
lordless	0.0
lordlier	0.0
lordlike	0.0
lordling	0.0
lordly	2.1
lordoma	0.0
lordomas	0.0
lordoses	0.0
lordosis	1.7
lordotic	0.0
lords	4.1
lordship	3.3
lore	3.5
loreal	2.0
lores	2.1
lorgnon	0.0
lorgnons	0.0
lorica	1.6
loricae	0.0
loricate	0.0
lories	1.1
lorikeet	1.5
lorimer	2.5
lorimers	0.0
loriner	0.0
loriners	0.0
loris	2.3
lorises	1.4
lorn	2.0
lornness	0.0
lorries	2.8
lorry	3.2
lory	2.0
losable	0.0
lose	5.1
losel	0.0
losels	0.0
loser	4.0
losers	3.8
loses	4.1
losing	4.8
losingly	0.0
losings	0.0
loss	5.1
losses	4.5
lossy	2.4
lost	5.4
lostness	1.1
lot	5.6
lota	2.1
lotah	0.0
lotahs	0.0
lotas	0.0
loth	2.1
lothario	2.1
lothsome	0.0
loti	1.8
lotic	1.2
lotion	3.5
lotions	2.6
lotos	1.7
lotoses	0.0
lots	4.9
lotte	3.0
lotted	1.0
lottery	4.0
lottes	0.0
lotting	0.0
lotto	3.2
lottos	0.0
lotus	3.6
lotuses	1.9
louche	1.8
loud	4.5
louden	2.0
loudened	0.0
loudens	0.0
louder	3.8
loudest	3.2
loudish	0.0
loudlier	0.0
loudly	3.8
loudness	2.7
lough	2.8
loughs	1.2
louie	3.4
louies	0.0
louis	4.8
lounge	3.9
lounged	2.0
lounger	2.2
loungers	2.1
lounges	2.9
lounging	2.9
loungy	0.0
loup	2.5
loupe	2.0
louped	0.0
loupen	0.0
loupes	1.3
louping	0.0
loups	1.2
lour	1.7
loured	0.0
louring	0.0
lours	0.0
loury	1.4
louse	2.6
loused	1.3
louses	0.0
lousier	1.0
lousiest	1.3
lousily	0.0
lousing	1.0
lousy	3.3
lout	2.1
louted	0.0
louting	0.0
loutish	1.6
louts	2.1
louver	1.8
louvered	1.8
louvers	2.0
louvre	3.1
louvred	1.3
louvres	1.8
lovable	3.2
lovably	1.4
lovage	1.8
lovages	0.0
lovat	2.2
lovats	0.0
love	5.8
loveable	2.8
loveably	0.0
lovebird	1.8
lovebug	1.5
lovebugs	0.0
loved	5.0
loveless	2.7
lovelier	2.2
lovelies	2.4
lovelily	0.0
lovelock	2.3
lovelorn	2.2
lovely	4.7
lover	4.3
loverly	1.6
lovers	4.2
loves	4.7
lovesick	2.4
lovesome	1.2
lovevine	0.0
loving	4.5
lovingly	3.1
low	5.3
lowball	2.1
lowballs	0.0
lowborn	1.6
lowboy	1.4
lowboys	0.0
lowbred	0.0
lowbrow	2.2
lowbrows	0.0
lowdown	2.6
lowdowns	0.0
lowe	3.6
lowed	1.5
lower	5.1
lowered	3.9
lowering	3.8
lowers	3.4
lowery	2.7
lowes	2.7
lowest	4.4
lowing	2.2
lowings	0.0
lowish	1.5
lowland	3.0
lowlands	2.9
lowlier	0.0
lowliest	1.9
lowlife	2.5
lowlifer	0.0
lowlifes	2.0
lowlight	1.8
lowlives	1.2
lowly	3.3
lown	1.7
lowness	1.4
lowrider	2.0
lows	3.5
lowse	0.0
lox	2.6
loxed	0.0
loxes	0.0
loxing	0.0
loyal	4.2
loyaler	0.0
loyalest	0.0
loyalism	1.6
loyalist	3.0
loyally	2.4
loyalty	4.2
lozenge	2.3
lozenges	2.3
luau	2.4
luaus	1.2
lubber	1.8
lubberly	1.2
lubbers	1.8
lube	3.1
lubes	2.0
lubric	0.0
lubrical	0.0
lucarne	0.0
lucarnes	0.0
luce	3.0
lucence	0.0
lucences	0.0
lucency	0.0
lucent	2.6
lucently	0.0
lucern	0.0
lucerne	2.8
lucernes	0.0
lucerns	0.0
luces	1.4
lucid	3.3
lucidity	2.5
lucidly	1.9
lucifer	3.4
lucifers	1.3
luck	4.9
lucked	2.6
luckie	1.6
luckier	2.6
luckies	1.5
luckiest	3.0
luckily	3.9
lucking	1.7
luckless	2.2
lucks	1.9
lucky	4.8
lucre	2.0
lucres	0.0
luculent	0.0
lude	1.8
ludes	1.5
ludic	1.6
lues	1.1
luetic	0.0
luetics	0.0
luff	2.4
luffa	1.4
luffas	0.0
luffed	0.0
luffing	1.2
luffs	0.0
lug	3.1
luge	2.7
luged	0.0
lugeing	0.0
luger	2.6
lugers	1.6
luges	0.0
luggage	3.8
luggages	1.5
lugged	2.1
lugger	1.9
luggers	1.4
luggie	0.0
luggies	0.0
lugging	2.6
lugs	2.6
lugsail	0.0
lugsails	0.0
lugworm	0.0
lugworms	0.0
lukewarm	3.1
lull	3.1
lullaby	3.1
lulled	2.5
lulling	2.1
lulls	2.3
lulu	3.3
lulus	1.5
lum	2.6
lumbago	1.9
lumbagos	0.0
lumbar	3.1
lumbars	0.0
lumber	3.6
lumbered	2.2
lumberer	0.0
lumbers	1.7
lumen	3.1
lumenal	1.2
lumens	2.6
lumina	2.3
luminal	2.2
luminary	2.4
luminism	0.0
luminist	0.0
luminous	3.2
lummox	1.3
lummoxes	0.0
lump	3.7
lumped	2.9
lumpen	1.8
lumpens	1.0
lumper	1.2
lumpers	1.1
lumpfish	0.0
lumpier	0.0
lumpiest	0.0
lumpily	0.0
lumping	2.4
lumpish	0.0
lumps	3.2
lumpy	2.8
lums	1.8
luna	3.6
lunacies	0.0
lunacy	2.9
lunar	3.8
lunarian	0.0
lunars	1.3
lunas	1.9
lunate	1.7
lunated	0.0
lunately	0.0
lunatic	3.4
lunatics	3.0
lunation	1.4
lunch	4.7
lunched	2.0
luncheon	3.3
luncher	0.0
lunchers	0.0
lunches	3.4
lunching	2.3
lune	2.5
lunes	1.7
lunet	0.0
lunets	0.0
lunette	1.7
lunettes	1.6
lung	4.1
lungan	0.0
lungans	0.0
lunge	2.9
lunged	2.6
lungee	0.0
lungees	0.0
lunger	1.6
lungers	0.0
lunges	2.6
lungfish	1.7
lungful	1.4
lungfuls	0.0
lungi	1.9
lunging	2.4
lungis	1.1
lungs	4.0
lungworm	1.3
lungwort	0.0
lungyi	0.0
lungyis	0.0
lunier	0.0
lunies	0.0
luniest	0.0
lunk	1.5
lunker	1.1
lunkers	0.0
lunkhead	1.1
lunks	0.0
lunt	2.3
lunted	0.0
lunting	0.0
lunts	1.2
lunula	1.3
lunulae	0.0
lunular	0.0
lunulate	0.0
lunule	1.3
lunules	1.1
luny	0.0
lupanar	0.0
lupanars	0.0
lupin	2.9
lupine	2.2
lupines	1.5
lupins	1.7
lupous	0.0
lupulin	0.0
lupulins	0.0
lupus	3.2
lupuses	0.0
lurch	2.8
lurched	2.5
lurcher	1.8
lurchers	1.3
lurches	2.0
lurching	2.2
lurdan	0.0
lurdane	0.0
lurdanes	0.0
lurdans	0.0
lure	3.7
lured	3.3
lurer	0.0
lurers	0.0
lures	2.9
lurid	2.7
luridly	1.4
luring	2.9
lurk	3.1
lurked	2.6
lurker	2.2
lurkers	2.0
lurking	3.5
lurks	2.8
luscious	3.0
lush	3.5
lushed	0.0
lusher	1.6
lushes	1.2
lushest	1.1
lushing	0.0
lushly	1.8
lushness	1.6
lust	3.7
lusted	2.2
luster	3.0
lustered	0.0
lusters	0.0
lustful	2.7
lustier	0.0
lustiest	0.0
lustily	1.9
lusting	2.5
lustra	1.2
lustral	1.3
lustrate	0.0
lustre	3.0
lustred	0.0
lustres	1.3
lustring	0.0
lustrous	2.7
lustrum	1.4
lustrums	0.0
lusts	2.5
lusty	2.8
lusus	1.3
lususes	0.0
lutanist	0.0
lute	2.9
lutea	2.1
luteal	1.9
lutecium	0.0
luted	0.0
lutefisk	1.6
lutein	1.9
luteins	0.0
lutenist	1.3
luteolin	1.2
luteous	0.0
lutes	2.0
lutetium	1.4
luteum	1.8
luthern	0.0
lutherns	0.0
luthier	2.1
luthiers	1.7
luting	1.1
lutings	0.0
lutist	0.0
lutists	0.0
lutz	3.0
lutzes	1.1
luv	3.1
luvs	1.6
lux	3.3
luxate	0.0
luxated	0.0
luxates	0.0
luxating	0.0
luxation	1.4
luxe	3.0
luxes	0.0
luxuries	3.1
luxury	4.3
lwei	0.0
lweis	0.0
lyard	0.0
lyart	0.0
lyase	1.9
lyases	1.1
lycea	0.0
lycee	1.9
lycees	0.0
lyceum	2.6
lyceums	1.4
lychee	2.2
lychees	1.6
lychnis	1.1
lycopene	2.1
lycopod	0.0
lycopods	0.0
lyddite	0.0
lyddites	0.0
lye	2.7
lyes	1.5
lying	4.7
lyingly	0.0
lyings	0.0
lymph	3.2
lymphoid	2.4
lymphoma	3.3
lymphs	0.0
lyncean	0.0
lynch	3.9
lynched	2.8
lyncher	0.0
lynchers	1.2
lynches	1.6
lynching	3.1
lynchpin	2.0
lynx	3.1
lynxes	1.6
lyophile	0.0
lyrate	0.0
lyrated	0.0
lyrately	0.0
lyre	2.6
lyrebird	1.2
lyres	1.6
lyric	3.6
lyrical	3.4
lyricise	0.0
lyricism	2.6
lyricist	2.8
lyricize	0.0
lyrics	4.3
lyriform	0.0
lyrism	0.0
lyrisms	0.0
lyrist	0.0
lyrists	0.0
lysate	1.8
lysates	1.8
lyse	2.1
lysed	1.8
lyses	1.1
lysin	1.0
lysine	2.7
lysines	1.1
lysing	1.2
lysins	0.0
lysis	2.4
lysogen	0.0
lysogens	0.0
lysogeny	0.0
lysosome	1.9
lysozyme	1.9
lyssa	1.9
lyssas	0.0
lytic	2.0
lytta	0.0
lyttae	0.0
lyttas	0.0
maar	2.4
maars	0.0
mabe	1.9
mabes	0.0
mac	4.5
macaber	0.0
macabre	2.9
macaco	1.1
macacos	0.0
macadam	2.3
macadams	1.1
macaque	2.4
macaques	2.5
macaroni	3.1
macaroon	2.0
macaw	2.3
macaws	2.1
maccabaw	0.0
maccaboy	0.0
macchia	1.3
macchie	0.0
maccoboy	0.0
mace	3.3
maced	1.9
macer	1.8
macerate	1.5
macers	0.0
maces	2.0
mach	3.2
mache	2.4
maches	0.0
machete	3.1
machetes	2.5
machine	4.9
machined	2.8
machines	4.5
machismo	2.5
macho	3.3
machos	1.6
machree	1.0
machrees	0.0
machs	1.2
machzor	0.0
machzors	0.0
macing	1.2
mack	3.7
mackerel	3.1
mackinaw	2.2
mackle	1.4
mackled	0.0
mackles	0.0
mackling	0.0
macks	1.7
macle	0.0
macled	0.0
macles	0.0
macon	3.1
macons	0.0
macrame	2.0
macrames	0.0
macro	3.7
macron	3.0
macrons	1.1
macros	2.9
macrural	0.0
macruran	0.0
macs	3.0
macula	2.2
maculae	0.0
macular	2.7
maculas	0.0
maculate	1.2
macule	0.0
maculed	0.0
macules	1.3
maculing	0.0
macumba	1.4
macumbas	0.0
mad	4.7
madam	3.6
madame	3.8
madames	1.0
madams	1.9
madcap	2.4
madcaps	0.0
madded	0.0
madden	3.5
maddened	1.9
maddens	1.8
madder	2.6
madders	1.1
maddest	2.0
madding	2.0
maddish	0.0
made	5.9
madeira	3.0
madeiras	0.0
madhouse	2.7
madly	3.2
madman	3.2
madmen	2.6
madness	4.0
madonna	3.7
madonnas	2.0
madras	3.4
madrases	0.0
madre	2.9
madres	1.7
madrigal	2.5
madrona	1.7
madronas	0.0
madrone	1.6
madrones	0.0
madrono	0.0
madronos	0.0
mads	2.8
maduro	3.0
maduros	1.1
madwoman	2.0
madwomen	1.0
madwort	0.0
madworts	0.0
madzoon	0.0
madzoons	0.0
mae	3.6
maenad	1.6
maenades	0.0
maenadic	0.0
maenads	1.6
maes	2.2
maestoso	1.4
maestri	1.9
maestro	3.3
maestros	2.0
maffia	1.4
maffias	0.0
maffick	0.0
mafficks	0.0
mafia	3.8
mafias	2.1
mafic	2.2
mafiosi	1.9
mafioso	2.3
maftir	0.0
maftirs	0.0
mag	3.7
magazine	4.7
magdalen	2.7
mage	3.1
magenta	3.0
magentas	0.0
mages	2.6
maggot	2.8
maggots	2.9
maggoty	1.3
magi	2.9
magian	1.2
magians	0.0
magic	4.8
magical	4.2
magician	3.5
magicked	1.3
magics	2.2
magilp	0.0
magilps	0.0
magister	2.4
maglev	2.3
maglevs	0.0
magma	3.2
magmas	2.1
magmata	0.0
magmatic	2.3
magnate	3.0
magnates	2.5
magnesia	2.3
magnesic	0.0
magnet	3.7
magnetic	4.2
magneto	3.0
magneton	1.8
magnetos	1.6
magnets	3.4
magnific	1.1
magnify	2.8
magnolia	3.2
magnum	3.4
magnums	2.0
magot	0.0
magots	1.2
magpie	2.9
magpies	2.9
mags	3.0
maguey	1.7
magueys	0.0
magus	2.6
maharaja	2.7
maharani	1.9
mahatma	3.1
mahatmas	1.4
mahimahi	1.1
mahjong	2.6
mahjongg	1.1
mahjongs	0.0
mahoe	0.0
mahoes	0.0
mahogany	3.3
mahonia	1.5
mahonias	0.0
mahout	1.8
mahouts	1.4
mahuang	0.0
mahuangs	0.0
mahzor	0.0
mahzorim	0.0
mahzors	0.0
maid	3.9
maiden	3.8
maidenly	1.3
maidens	2.9
maidhood	0.0
maidish	0.0
maids	3.2
maieutic	0.0
maigre	1.1
maihem	0.0
maihems	0.0
mail	4.7
mailable	1.3
mailbag	2.0
mailbags	1.4
mailbox	3.3
maile	1.9
mailed	3.5
mailer	2.9
mailers	2.5
mailes	0.0
mailing	3.6
mailings	2.5
maill	0.0
mailless	0.0
maillot	2.1
maillots	0.0
maills	0.0
mailman	2.9
mailmen	1.6
mails	3.6
maim	2.6
maimed	2.8
maimer	0.0
maimers	0.0
maiming	2.4
maims	1.6
main	5.2
mainland	4.0
mainline	3.1
mainly	4.6
mainmast	1.9
mains	3.5
mainsail	2.3
mainstay	3.1
maintain	4.7
maintop	0.0
maintops	0.0
maiolica	1.3
mair	2.7
mairs	1.4
maist	0.0
maists	0.0
maize	3.3
maizes	0.0
majagua	0.0
majaguas	0.0
majestic	3.6
majesty	4.0
majolica	2.0
major	5.3
majored	2.8
majoring	3.0
majority	4.9
majorly	2.7
majors	3.8
makable	0.0
makar	2.1
makars	0.0
make	6.1
makeable	1.2
makebate	0.0
makefast	0.0
makeover	3.5
maker	4.2
makers	4.2
makes	5.5
makeup	4.4
makeups	2.0
makimono	0.0
making	5.5
makings	2.8
mako	3.0
makos	1.6
makuta	1.6
malacca	2.8
malaccas	0.0
maladies	2.5
malady	2.5
malaise	2.8
malaises	0.0
malamute	1.9
malanga	1.5
malangas	0.0
malapert	1.1
malaprop	1.5
malar	2.1
malaria	3.6
malarial	2.4
malarian	0.0
malarias	0.0
malarkey	2.4
malarky	1.5
malaroma	0.0
malars	0.0
malate	2.2
malates	0.0
male	4.9
maleate	1.5
maleates	0.0
maledict	0.0
malefic	1.9
malemiut	0.0
malemute	0.0
maleness	2.1
males	4.2
malfed	0.0
malgre	0.0
malic	2.1
malice	3.3
malices	0.0
malign	2.6
maligned	2.7
maligner	0.0
malignly	0.0
maligns	1.1
malihini	0.0
maline	1.1
malines	1.5
malinger	1.2
malison	0.0
malisons	0.0
malkin	2.8
malkins	0.0
mall	4.3
mallard	2.8
mallards	2.2
malled	0.0
mallee	2.2
mallees	0.0
mallei	0.0
malleoli	0.0
mallet	3.0
mallets	2.2
malleus	2.0
malling	2.0
mallow	2.4
mallows	1.8
malls	3.4
malm	2.1
malmier	0.0
malmiest	0.0
malms	0.0
malmsey	1.2
malmseys	0.0
malmy	0.0
malodor	0.0
malodors	0.0
maloti	0.0
malposed	0.0
malt	3.4
maltase	0.0
maltases	0.0
malted	2.4
malteds	0.0
maltha	0.0
malthas	0.0
maltier	0.0
maltiest	0.0
malting	2.1
maltol	1.0
maltols	0.0
maltose	2.0
maltoses	0.0
maltreat	1.3
malts	2.4
maltster	1.2
malty	2.1
malvasia	1.6
mama	4.2
mamaliga	0.0
mamas	2.8
mamba	2.6
mambas	1.6
mambo	2.8
mamboed	0.0
mamboes	0.0
mamboing	0.0
mambos	1.3
mameluke	1.5
mamey	1.2
mameyes	0.0
mameys	0.0
mamie	2.6
mamies	0.0
mamluk	2.0
mamluks	2.0
mamma	3.3
mammae	1.0
mammal	3.3
mammals	3.7
mammary	2.6
mammas	1.7
mammate	0.0
mammati	0.0
mammatus	1.4
mammee	0.0
mammees	0.0
mammer	0.0
mammered	0.0
mammers	0.0
mammet	0.0
mammets	0.0
mammey	0.0
mammeys	0.0
mammie	1.1
mammies	1.4
mammilla	0.0
mammitis	0.0
mammock	0.0
mammocks	0.0
mammon	2.3
mammons	0.0
mammoth	3.4
mammoths	2.6
mammy	2.6
man	5.8
mana	3.3
manacle	1.4
manacled	1.7
manacles	2.0
manage	4.5
managed	4.8
manager	5.0
managers	4.5
manages	3.9
managing	4.4
manakin	1.4
manakins	0.0
manana	2.0
mananas	0.0
manas	2.3
manatee	2.7
manatees	2.4
manatoid	0.0
manche	1.9
manches	1.4
manchet	0.0
manchets	0.0
manciple	0.0
mandala	2.8
mandalas	2.0
mandalic	0.0
mandamus	2.0
mandarin	3.5
mandate	4.0
mandated	3.6
mandates	3.4
mandator	0.0
mandible	2.8
mandioca	0.0
mandola	1.3
mandolas	0.0
mandolin	2.8
mandrake	2.6
mandrel	2.2
mandrels	1.4
mandril	1.0
mandrill	1.7
mandrils	0.0
mane	3.3
maned	1.9
manege	1.3
maneges	0.0
maneless	0.0
manes	2.4
maneuver	3.5
manful	1.4
manfully	2.0
mangabey	1.2
mangaby	0.0
manganic	0.0
mange	2.5
mangel	1.8
mangels	1.7
manger	3.0
mangers	2.0
manges	1.6
mangey	1.1
mangier	0.0
mangiest	0.0
mangily	0.0
mangle	2.4
mangled	2.9
mangler	1.8
manglers	0.0
mangles	1.8
mangling	2.1
mango	3.6
mangoes	2.8
mangold	2.4
mangolds	0.0
mangonel	1.1
mangos	2.4
mangrove	2.9
mangy	2.1
manhole	2.8
manholes	2.1
manhood	3.2
manhoods	1.1
manhunt	3.0
manhunts	1.6
mania	3.4
maniac	3.2
maniacal	2.6
maniacs	2.8
manias	1.8
manic	3.3
manics	1.8
manicure	3.0
manifest	3.7
manifold	3.3
manihot	1.2
manihots	0.0
manikin	1.9
manikins	1.5
manila	3.9
manilas	0.0
manilla	2.3
manillas	0.0
manille	0.0
manilles	0.0
manioc	2.0
manioca	0.0
maniocas	0.0
maniocs	0.0
maniple	1.5
maniples	1.1
manito	1.7
manitos	0.0
manitou	2.4
manitous	0.0
manitu	0.0
manitus	0.0
mankind	3.9
manless	1.0
manlier	1.7
manliest	1.9
manlike	1.4
manlily	0.0
manly	3.7
manmade	2.7
manna	2.8
mannan	1.8
mannans	0.0
mannas	0.0
manned	3.5
manner	4.5
mannered	3.0
mannerly	1.6
manners	3.8
mannikin	1.2
manning	3.9
mannish	2.1
mannite	0.0
mannites	0.0
mannitic	0.0
mannitol	2.2
mannose	2.1
mannoses	0.0
mano	2.9
manor	3.8
manorial	2.2
manors	2.7
manos	2.3
manpack	1.1
manpower	3.5
manque	1.5
manrope	0.0
manropes	0.0
mans	3.7
mansard	1.8
mansards	0.0
manse	2.5
manses	1.2
mansion	4.0
mansions	3.2
manta	2.8
mantas	1.9
manteau	1.4
manteaus	0.0
manteaux	1.1
mantel	2.9
mantelet	0.0
mantels	1.9
mantes	1.4
mantic	1.6
mantid	1.5
mantids	1.6
mantilla	1.7
mantis	3.1
mantises	1.9
mantissa	1.8
mantle	3.6
mantled	2.0
mantles	2.1
mantlet	1.5
mantlets	0.0
mantling	1.7
mantra	3.5
mantrap	1.5
mantraps	0.0
mantras	2.7
mantric	0.0
mantua	2.5
mantuas	0.0
manual	4.3
manually	3.7
manuals	3.4
manuary	0.0
manubria	0.0
manumit	1.3
manumits	0.0
manure	3.2
manured	1.1
manurer	0.0
manurers	0.0
manures	1.7
manurial	0.0
manuring	1.2
manus	2.9
manward	0.0
manwards	0.0
manwise	0.0
many	5.9
manyfold	1.1
map	4.8
maple	3.9
maples	2.6
maplike	0.0
mapmaker	1.8
mappable	1.3
mapped	3.5
mapper	2.3
mappers	1.8
mapping	3.9
mappings	2.6
maps	4.4
maquette	1.7
maqui	1.1
maquis	2.4
mar	4.2
marabou	1.8
marabous	0.0
marabout	1.6
maraca	1.6
maracas	2.1
maranta	1.6
marantas	0.0
marasca	0.0
marascas	0.0
marasmic	0.0
marasmus	1.3
marathon	4.2
maraud	1.3
marauded	0.0
marauder	2.6
marauds	0.0
maravedi	0.0
marble	4.0
marbled	2.7
marbler	0.0
marblers	0.0
marbles	3.2
marblier	0.0
marbling	2.2
marbly	0.0
marc	4.0
marcato	1.7
marcel	3.5
marcels	1.2
march	5.3
marched	3.8
marchen	1.1
marcher	1.9
marchers	2.7
marches	3.4
marchesa	2.2
marchese	2.1
marchesi	1.6
marching	3.8
marcs	1.4
mare	3.6
maremma	1.7
maremme	0.0
marengo	2.2
mares	3.0
margaric	0.0
margarin	0.0
margay	1.2
margays	0.0
marge	3.1
margent	0.0
margents	0.0
marges	0.0
margin	4.3
marginal	3.7
margined	1.9
margins	3.8
margrave	2.1
maria	4.3
mariachi	2.8
marigold	2.8
marimba	2.3
marimbas	1.4
marina	3.8
marinade	2.8
marinara	2.5
marinas	2.5
marinate	2.6
marine	4.5
mariner	3.0
mariners	3.6
marines	3.9
mariposa	2.5
marish	1.1
marishes	0.0
marital	3.6
maritime	4.0
marjoram	2.1
mark	5.0
markdown	2.4
marked	4.5
markedly	3.3
marker	3.9
markers	3.7
market	5.3
marketed	3.6
marketer	3.0
markets	4.6
markhoor	0.0
markhor	1.3
markhors	0.0
marking	4.0
markings	3.5
markka	1.2
markkaa	0.0
markkas	0.0
marks	4.5
marksman	2.9
marksmen	2.5
markup	3.1
markups	2.1
marl	2.6
marled	1.3
marlier	0.0
marliest	0.0
marlin	3.0
marline	1.1
marlines	0.0
marling	2.2
marlings	0.0
marlins	3.2
marlite	0.0
marlites	0.0
marlitic	0.0
marls	1.9
marly	2.3
marmite	2.5
marmites	0.0
marmoset	2.0
marmot	2.4
marmots	1.9
marocain	1.3
maroon	3.4
marooned	2.6
maroons	2.9
marplot	0.0
marplots	0.0
marque	2.6
marquee	3.2
marquees	2.2
marques	2.8
marquess	2.8
marquis	3.5
marquise	2.7
marram	1.3
marrams	0.0
marrano	1.3
marranos	1.4
marred	3.1
marrer	0.0
marrers	0.0
marriage	4.9
married	5.0
marrieds	1.6
marrier	0.0
marriers	0.0
marries	3.3
marring	2.1
marron	2.2
marrons	1.2
marrow	3.5
marrowed	0.0
marrows	1.6
marrowy	0.0
marry	4.4
marrying	3.8
mars	4.3
marsala	2.3
marsalas	0.0
marse	1.5
marses	0.0
marsh	3.9
marshal	3.9
marshall	4.2
marshals	3.2
marshes	3.1
marshier	0.0
marshy	2.6
marsupia	0.0
mart	3.7
martagon	1.1
marted	0.0
martello	1.9
marten	2.7
martens	2.8
martial	4.1
martian	3.4
martians	2.6
martin	4.7
martinet	2.1
marting	1.2
martini	3.3
martinis	2.6
martins	3.1
martlet	1.2
martlets	1.3
marts	2.3
martyr	3.5
martyred	2.9
martyrly	0.0
martyrs	3.4
martyry	0.0
marvel	4.2
marveled	2.6
marvels	2.9
marvy	1.3
maryjane	1.7
marzipan	2.5
mas	3.5
mascara	3.3
mascaras	2.0
mascon	0.0
mascons	0.0
mascot	3.6
mascots	3.0
maser	2.1
masers	1.6
mash	3.5
mashed	3.4
masher	2.2
mashers	1.6
mashes	2.0
mashie	1.3
mashies	0.0
mashing	2.5
mashy	1.1
masjid	2.9
masjids	1.6
mask	4.3
maskable	0.0
masked	3.6
maskeg	0.0
maskegs	0.0
masker	1.8
maskers	1.6
masking	3.1
maskings	0.0
masklike	0.0
masks	3.9
mason	4.1
masoned	0.0
masonic	3.1
masoning	0.0
masonry	3.4
masons	3.0
masque	2.6
masquer	0.0
masquers	1.2
masques	2.0
mass	4.9
massa	3.1
massacre	3.9
massage	4.0
massaged	2.6
massager	2.5
massages	3.1
massas	1.0
masscult	0.0
masse	3.1
massed	2.8
massedly	0.0
masses	3.9
masseter	1.6
masseur	2.4
masseurs	1.7
masseuse	2.6
massicot	0.0
massier	0.0
massiest	0.0
massif	2.6
massifs	1.7
massing	2.6
massive	4.7
massless	2.2
massy	2.2
mast	3.5
mastaba	1.3
mastabah	0.0
mastabas	1.0
masted	2.1
master	4.9
mastered	3.6
masterly	2.5
masters	4.3
mastery	3.6
masthead	2.5
mastic	2.2
mastiche	0.0
mastics	1.1
mastiff	2.6
mastiffs	1.9
masting	1.1
mastitic	0.0
mastitis	2.3
mastix	0.0
mastixes	0.0
mastless	0.0
mastlike	0.0
mastodon	2.5
mastoid	1.9
mastoids	0.0
masts	2.9
masurium	0.0
mat	3.8
matador	2.8
matadors	2.0
match	5.1
matchbox	2.7
matched	4.0
matcher	1.7
matchers	1.4
matches	4.6
matching	4.1
matchup	3.4
matchups	2.9
mate	4.5
mated	2.9
mateless	0.0
matelot	1.1
matelote	0.0
matelots	0.0
mater	3.5
material	5.0
materiel	2.8
maternal	3.8
maters	1.9
mates	4.0
mateship	1.6
matey	2.5
mateys	1.7
math	4.5
maths	3.8
matilda	3.3
matildas	2.0
matin	2.3
matinal	0.0
matinee	2.8
matinees	2.1
matiness	0.0
mating	3.5
matings	1.8
matins	2.0
matless	0.0
matrass	0.0
matres	1.2
matrices	3.2
matrix	4.1
matrixes	1.6
matron	3.0
matronal	0.0
matronly	1.9
matrons	2.1
mats	3.6
matsah	0.0
matsahs	0.0
matt	4.5
matte	3.5
matted	2.8
mattedly	0.0
matter	5.4
mattered	3.5
matters	4.7
mattery	0.0
mattes	2.3
mattin	0.0
matting	2.5
mattings	0.0
mattins	0.0
mattock	1.8
mattocks	1.9
mattoid	0.0
mattoids	0.0
mattrass	0.0
mattress	3.7
matts	2.0
maturate	0.0
mature	4.3
matured	3.4
maturely	2.1
maturer	1.2
matures	2.9
maturest	0.0
maturing	3.1
maturity	3.9
matza	1.5
matzah	1.9
matzahs	0.0
matzas	0.0
matzo	2.2
matzoh	1.5
matzohs	0.0
matzoon	0.0
matzoons	0.0
matzos	1.4
matzot	0.0
matzoth	0.0
maud	3.0
maudlin	2.4
mauds	0.0
mauger	1.6
maugre	0.0
maul	2.9
mauled	2.8
mauler	1.9
maulers	1.4
mauling	2.4
mauls	2.0
maumet	0.0
maumetry	0.0
maumets	0.0
maun	1.9
maund	1.6
maunder	2.0
maunders	0.0
maundies	0.0
maunds	0.0
maundy	2.0
mausolea	1.1
maut	1.7
mauts	0.0
mauve	2.7
mauves	1.5
maven	2.9
mavens	1.8
maverick	3.3
mavie	0.0
mavies	0.0
mavin	1.7
mavins	0.0
mavis	2.9
mavises	0.0
maw	3.0
mawed	0.0
mawing	0.0
mawkish	1.9
mawn	0.0
maws	1.8
max	4.7
maxes	1.9
maxi	3.3
maxicoat	0.0
maxilla	2.5
maxillae	1.6
maxillas	0.0
maxim	3.4
maxima	3.0
maximal	3.1
maximals	1.0
maximin	1.8
maximins	0.0
maximise	3.1
maximite	0.0
maximize	3.6
maxims	2.4
maximum	4.6
maximums	2.3
maxis	2.4
maxixe	0.0
maxixes	0.0
maxwell	3.8
maxwells	1.6
may	6.0
maya	3.9
mayan	3.1
mayapple	0.0
mayas	2.0
maybe	5.5
maybes	2.2
maybush	0.0
mayday	2.9
maydays	0.0
mayed	0.0
mayest	1.9
mayflies	1.9
mayfly	2.0
mayhap	1.9
mayhem	3.5
mayhems	0.0
maying	1.1
mayings	0.0
mayo	3.7
mayor	4.6
mayoral	3.3
mayoress	2.0
mayors	3.4
mayos	1.6
maypole	2.2
maypoles	1.1
maypop	0.0
maypops	0.0
mays	3.0
mayst	1.6
mayvin	0.0
mayvins	0.0
mayweed	0.0
mayweeds	0.0
mazaedia	0.0
mazard	0.0
mazards	0.0
maze	3.6
mazed	1.1
mazedly	0.0
mazelike	0.0
mazer	2.0
mazers	0.0
mazes	2.7
mazier	0.0
maziest	0.0
mazily	0.0
maziness	0.0
mazing	2.0
mazourka	0.0
mazuma	1.1
mazumas	0.0
mazurka	1.8
mazurkas	1.4
mazy	1.9
mazzard	0.0
mazzards	0.0
mbira	1.5
mbiras	0.0
mead	3.4
meadow	3.6
meadows	3.6
meadowy	0.0
meads	2.3
meager	3.0
meagerly	1.2
meagre	2.9
meagrely	1.0
meal	4.5
mealie	1.4
mealier	0.0
mealies	0.0
mealiest	0.0
mealless	0.0
meals	4.2
mealtime	2.3
mealworm	1.5
mealy	2.4
mealybug	1.5
mean	5.5
meander	2.7
meanders	2.5
meaner	2.7
meaners	0.0
meanest	2.9
meanie	2.5
meanies	2.1
meaning	4.9
meanings	3.7
meanly	1.7
meanness	2.5
means	5.4
meant	4.9
meantime	4.0
meany	2.3
measle	1.1
measled	0.0
measles	3.3
measlier	0.0
measly	2.8
measure	4.7
measured	4.2
measurer	1.6
measures	4.7
meat	4.6
meatal	1.2
meatball	2.9
meated	0.0
meathead	2.3
meatier	1.9
meatiest	1.3
meatily	0.0
meatless	2.4
meatloaf	2.8
meatman	0.0
meatmen	0.0
meats	3.5
meatus	1.8
meatuses	0.0
meaty	3.0
mecca	3.4
meccas	1.5
mechanic	3.8
meconium	1.9
med	3.9
medaka	1.7
medakas	0.0
medal	4.4
medaled	1.7
medaling	1.4
medalist	3.2
medalled	1.4
medallic	1.3
medals	4.0
meddle	2.9
meddled	2.3
meddler	1.9
meddlers	1.5
meddles	1.7
meddling	3.3
medevac	2.2
medevacs	1.0
medflies	0.0
medfly	1.3
media	5.3
mediacy	0.0
mediad	0.0
mediae	0.0
medial	3.2
medially	2.1
medials	0.0
median	4.0
medianly	0.0
medians	2.3
mediant	1.3
mediants	0.0
medias	2.6
mediate	3.1
mediated	3.5
mediates	2.6
mediator	3.3
medic	3.4
medicaid	3.7
medical	5.2
medicals	2.0
medicare	3.9
medicate	2.5
medicine	4.7
medick	1.0
medicks	0.0
medico	2.5
medicos	1.6
medics	3.1
medieval	4.0
medii	1.4
medina	3.3
medinas	1.1
mediocre	3.5
meditate	3.3
medium	4.6
mediums	3.1
medius	1.9
medlar	1.6
medlars	1.2
medley	3.3
medleys	1.8
medulla	2.5
medullae	0.0
medullar	0.0
medullas	0.0
medusa	3.1
medusae	1.7
medusal	0.0
medusan	0.0
medusans	0.0
medusas	1.2
medusoid	0.0
meed	1.9
meeds	1.1
meek	3.3
meeker	2.6
meekest	1.1
meekly	2.5
meekness	2.2
meerkat	2.5
meerkats	2.3
meet	5.3
meeter	0.0
meeters	0.0
meeting	5.2
meetings	4.5
meetly	0.0
meetness	0.0
meets	4.4
megabar	0.0
megabars	0.0
megabit	1.8
megabits	2.1
megabuck	0.0
megabyte	2.2
megacity	2.0
megadeal	0.0
megadose	1.0
megadyne	0.0
megahit	1.4
megahits	0.0
megalith	1.7
megalops	1.0
megapod	0.0
megapode	0.0
megapods	0.0
megass	0.0
megasse	0.0
megasses	0.0
megastar	2.4
megaton	2.3
megatons	2.0
megavolt	1.1
megawatt	2.7
megillah	1.6
megilp	0.0
megilph	0.0
megilphs	0.0
megilps	0.0
megohm	0.0
megohms	0.0
megrim	1.1
megrims	0.0
meikle	2.1
meinie	0.0
meinies	0.0
meiny	0.0
meioses	0.0
meiosis	2.6
meiotic	2.1
mel	3.8
melamdim	0.0
melamed	1.9
melamine	2.4
melange	2.3
melanges	0.0
melanian	0.0
melanic	1.2
melanics	0.0
melanin	2.8
melanins	0.0
melanism	1.3
melanist	0.0
melanite	0.0
melanize	0.0
melanoid	0.0
melanoma	3.2
melanous	0.0
meld	2.7
melded	2.3
melder	1.1
melders	0.0
melding	2.5
melds	2.2
melee	3.2
melees	1.6
melic	1.0
melilite	0.0
melilot	0.0
melilots	0.0
melinite	0.0
melisma	1.4
melismas	1.1
mell	2.3
melled	0.0
mellific	0.0
melling	2.0
mellow	3.3
mellowed	2.5
mellower	1.8
mellowly	0.0
mellows	2.0
mells	1.4
melodeon	1.5
melodia	1.5
melodias	0.0
melodic	3.2
melodica	1.6
melodies	3.5
melodise	0.0
melodist	1.2
melodize	0.0
melody	3.8
meloid	0.0
meloids	0.0
melon	3.3
melons	2.9
mels	1.9
melt	4.0
meltable	0.0
meltage	0.0
meltages	0.0
meltdown	3.5
melted	3.8
melter	1.9
melters	1.3
melting	3.8
melton	2.9
meltons	0.0
melts	3.4
mem	2.9
member	5.2
membered	2.2
members	5.3
membrane	3.8
memento	2.9
mementos	2.6
memo	3.8
memoir	3.8
memoirs	3.6
memorial	4.4
memories	4.5
memorise	2.4
memorize	3.2
memory	4.8
memos	3.0
mems	2.6
memsahib	1.4
men	5.5
menace	3.5
menaced	2.3
menacer	0.0
menacers	0.0
menaces	2.2
menacing	3.2
menad	0.0
menads	0.0
menage	2.3
menages	0.0
menarche	1.9
menazon	0.0
menazons	0.0
mend	3.3
mendable	0.0
mended	2.7
mender	1.8
menders	1.4
mendigo	0.0
mendigos	0.0
mending	2.9
mendings	0.0
mends	2.1
menfolk	2.1
menfolks	0.0
menhaden	1.7
menhir	1.4
menhirs	1.4
menial	2.8
menially	0.0
menials	1.1
meninges	2.0
meninx	0.0
meniscal	1.8
menisci	1.3
meniscus	2.8
meno	2.1
menology	0.0
menorah	2.4
menorahs	1.4
mensa	2.7
mensae	0.0
mensal	0.0
mensas	0.0
mensch	2.6
menschen	2.1
mensches	0.0
mense	1.5
mensed	0.0
menseful	0.0
menses	2.2
mensing	1.3
menstrua	0.0
mensural	1.2
menswear	3.0
menta	1.8
mental	4.8
mentally	4.2
menthene	0.0
menthol	2.8
menthols	1.7
mention	4.7
mentions	4.1
mentor	3.9
mentored	2.9
mentors	3.3
mentum	1.2
menu	4.3
menus	3.4
meou	0.0
meoued	0.0
meouing	0.0
meous	0.0
meow	3.3
meowed	1.7
meowing	2.5
meows	2.4
mephitic	1.2
mephitis	1.3
mercapto	1.1
mercer	3.5
mercers	2.1
mercery	0.0
merchant	4.1
mercies	2.7
merciful	3.3
mercuric	1.7
mercury	4.0
mercy	4.2
merde	1.9
merdes	0.0
mere	4.1
merely	4.4
merengue	2.2
merer	0.0
meres	1.8
merest	2.2
merge	3.8
merged	3.7
mergence	0.0
merger	4.0
mergers	3.4
merges	2.9
merging	3.5
meridian	3.4
meringue	2.8
merino	2.9
merinos	1.3
merises	0.0
merisis	0.0
meristem	1.9
meristic	0.0
merit	4.1
merited	2.7
meriting	1.8
merits	3.7
merk	2.1
merks	1.6
merl	2.0
merle	3.0
merles	1.1
merlin	3.4
merlins	1.7
merlon	1.1
merlons	0.0
merlot	2.8
merlots	0.0
merls	0.0
mermaid	3.5
mermaids	2.9
merman	2.4
mermen	1.7
meropia	0.0
meropias	0.0
meropic	0.0
merrier	2.6
merriest	1.4
merrily	2.8
merry	3.8
mesa	3.5
mesally	0.0
mesarch	0.0
mesas	2.2
mescal	1.9
mescals	0.0
mesdames	1.9
meseemed	0.0
meseems	0.0
mesh	3.8
meshed	2.4
meshes	2.7
meshier	0.0
meshiest	0.0
meshing	2.4
meshuga	0.0
meshugah	0.0
meshugga	0.0
meshugge	0.0
meshwork	1.7
meshy	0.0
mesial	1.7
mesially	1.3
mesian	0.0
mesic	2.0
mesmeric	2.1
mesnalty	0.0
mesne	1.5
mesnes	0.0
mesocarp	1.3
mesoderm	2.2
mesoglea	0.0
mesomere	0.0
meson	2.1
mesonic	0.0
mesons	2.0
mesophyl	0.0
mesosome	0.0
mesotron	0.0
mesquit	0.0
mesquite	2.7
mesquits	0.0
mess	4.6
message	5.0
messaged	2.9
messages	4.5
messan	0.0
messans	0.0
messed	4.0
messes	3.2
messiah	3.5
messiahs	2.0
messier	2.8
messiest	1.8
messily	1.9
messing	3.8
messman	0.0
messmate	1.2
messmen	0.0
messuage	1.5
messy	3.9
mestee	0.0
mestees	0.0
mesteso	0.0
mestesos	0.0
mestino	0.0
mestinos	0.0
mestiza	1.6
mestizas	0.0
mestizo	2.3
mestizos	2.0
met	5.1
meta	3.7
metage	0.0
metages	0.0
metal	4.8
metaled	0.0
metaling	0.0
metalise	0.0
metalist	1.3
metalize	0.0
metalled	1.5
metallic	3.8
metals	4.0
metamer	0.0
metamere	0.0
metamers	0.0
metaphor	3.7
metate	1.2
metates	1.1
metazoa	1.4
metazoal	0.0
metazoan	1.7
metazoic	0.0
metazoon	0.0
mete	2.4
meted	2.6
meteor	3.5
meteoric	2.7
meteors	2.9
metepa	0.0
metepas	0.0
meter	4.1
meterage	0.0
metered	2.6
metering	2.9
meters	4.2
metes	1.7
meth	3.6
methadon	0.0
methane	3.5
methanes	0.0
methanol	3.0
methinks	2.8
method	4.8
methodic	1.4
methods	4.7
methoxy	2.0
methoxyl	1.1
meths	1.4
methyl	3.2
methylal	0.0
methylic	0.0
methyls	0.0
meticais	0.0
metical	0.0
meticals	0.0
metier	1.6
metiers	1.5
meting	2.0
metis	2.3
metisse	0.0
metisses	0.0
metonym	1.4
metonyms	0.0
metonymy	1.7
metopae	0.0
metope	1.2
metopes	1.4
metopic	0.0
metopon	0.0
metopons	0.0
metre	3.8
metred	0.0
metres	4.2
metric	3.9
metrical	2.4
metrics	3.5
metrify	0.0
metring	0.0
metrist	0.0
metrists	0.0
metritis	1.0
metro	4.2
metros	2.5
mettle	2.7
mettled	0.0
mettles	0.0
metump	0.0
metumps	0.0
meuniere	0.0
mew	3.0
mewed	1.2
mewing	1.9
mewl	1.1
mewled	0.0
mewler	0.0
mewlers	0.0
mewling	1.9
mewls	0.0
mews	2.7
mezcal	2.2
mezcals	0.0
meze	1.7
mezereon	0.0
mezereum	0.0
mezes	1.1
mezquit	0.0
mezquite	0.0
mezquits	0.0
mezuza	0.0
mezuzah	1.6
mezuzahs	0.0
mezuzas	0.0
mezuzot	0.0
mezuzoth	0.0
mezzo	2.6
mezzos	0.0
mho	1.6
mhos	0.0
miaou	1.1
miaoued	0.0
miaouing	0.0
miaous	0.0
miaow	1.8
miaowed	0.0
miaowing	0.0
miaows	0.0
miasm	0.0
miasma	2.3
miasmal	0.0
miasmas	1.2
miasmata	0.0
miasmic	1.2
miasms	0.0
miaul	0.0
miauled	0.0
miauling	0.0
miauls	0.0
mib	2.7
mibs	1.5
mica	3.0
micas	1.5
micawber	1.8
mice	4.1
micell	0.0
micella	0.0
micellae	0.0
micellar	2.2
micelle	1.8
micelles	2.0
micells	0.0
miche	1.8
miched	0.0
miches	0.0
miching	0.0
mick	3.8
mickey	3.9
mickeys	1.8
mickle	2.2
mickler	1.1
mickles	0.0
micklest	0.0
micks	1.7
micra	2.1
micrify	0.0
micro	4.1
microbar	0.0
microbe	2.6
microbes	3.2
microbic	0.0
microbus	1.6
microdot	1.5
microhm	0.0
microhms	0.0
microlux	0.0
micromho	0.0
micron	2.9
microns	2.7
micros	2.3
micrurgy	0.0
mid	4.8
midair	2.7
midairs	0.0
midbrain	2.1
midcult	0.0
midcults	0.0
midday	3.4
middays	1.1
midden	2.2
middens	1.9
middies	1.5
middle	5.2
middled	1.1
middler	0.0
middlers	0.0
middles	2.1
middling	2.8
middy	1.6
midfield	3.6
midge	2.8
midges	2.3
midget	3.3
midgets	2.6
midgut	1.7
midguts	0.0
midi	3.4
midiron	0.0
midirons	0.0
midis	1.4
midland	3.4
midlands	3.7
midleg	0.0
midlegs	0.0
midlife	2.8
midline	2.6
midlines	0.0
midlives	0.0
midmonth	0.0
midmost	0.0
midmosts	0.0
midnight	4.3
midnoon	0.0
midnoons	0.0
midpoint	2.9
midrange	2.6
midrash	2.4
midrib	2.0
midribs	1.2
midriff	2.4
midriffs	1.3
mids	2.5
midship	1.9
midships	1.7
midsize	2.5
midsized	2.0
midsole	1.8
midsoles	0.0
midspace	0.0
midst	3.9
midstory	0.0
midsts	0.0
midterm	3.3
midterms	3.2
midtown	3.3
midtowns	0.0
midwatch	0.0
midway	3.7
midways	0.0
midweek	2.9
midweeks	0.0
midwife	3.3
midwifed	0.0
midwifes	1.2
midwived	0.0
midwives	3.1
midyear	2.3
midyears	0.0
mien	2.3
miens	0.0
miff	1.9
miffed	2.6
miffier	0.0
miffiest	0.0
miffing	0.0
miffs	0.0
miffy	1.6
mig	3.1
migg	0.0
miggle	0.0
miggles	0.0
miggs	1.5
might	5.7
mightier	2.5
mightily	2.8
mights	1.4
mighty	4.1
mignon	2.7
mignonne	1.3
mignons	1.1
migraine	3.3
migrant	3.8
migrants	3.9
migrate	3.4
migrated	3.3
migrates	2.4
migrator	1.2
migs	2.4
mihrab	1.5
mihrabs	0.0
mijnheer	0.0
mikado	2.5
mikados	0.0
mike	4.8
miked	1.8
mikes	2.6
miking	1.5
mikra	0.0
mikron	1.1
mikrons	0.0
mikvah	1.7
mikvahs	0.0
mikveh	1.6
mikvehs	0.0
mikvoth	0.0
mil	3.7
miladi	0.0
miladies	0.0
miladis	0.0
milady	2.3
milage	1.7
milages	0.0
milch	2.2
milchig	0.0
mild	4.1
milden	1.1
mildened	0.0
mildens	0.0
milder	3.0
mildest	2.2
mildew	2.9
mildewed	1.5
mildews	1.3
mildewy	1.1
mildly	3.4
mildness	1.8
mile	4.6
mileage	3.6
mileages	1.6
milepost	2.2
miler	2.5
milers	1.8
miles	5.0
milesimo	0.0
milfoil	1.4
milfoils	0.0
milia	1.8
miliaria	1.3
miliary	1.5
milieu	2.9
milieus	1.6
milieux	1.3
militant	3.6
military	5.2
militate	1.6
militia	3.9
militias	3.2
milium	0.0
milk	4.7
milked	2.8
milker	1.6
milkers	1.7
milkfish	1.4
milkier	0.0
milkiest	0.0
milkily	0.0
milking	3.2
milkmaid	2.0
milkman	2.5
milkmen	1.9
milks	2.5
milkshed	0.0
milksop	1.3
milksops	0.0
milkweed	2.5
milkwood	1.0
milkwort	0.0
milky	3.5
mill	4.4
millable	0.0
millage	2.0
millages	0.0
millcake	0.0
milldam	0.0
milldams	0.0
mille	2.8
milled	2.9
milleped	0.0
miller	4.5
millers	3.1
milles	1.7
millet	3.0
millets	1.9
milliard	1.5
milliare	0.0
milliary	0.0
millibar	1.2
millieme	0.0
millier	0.0
milliers	0.0
milligal	0.0
millilux	0.0
millime	0.0
millimes	0.0
millimho	0.0
milline	0.0
milliner	2.4
millines	0.0
milling	3.3
millings	0.0
milliohm	0.0
million	5.3
millions	4.6
milliped	0.0
millirem	0.0
millpond	1.6
millrace	1.1
millrun	0.0
millruns	0.0
mills	4.2
millwork	2.2
milneb	0.0
milnebs	0.0
milo	3.6
milord	2.0
milords	0.0
milos	2.8
milpa	1.5
milpas	1.2
milreis	0.0
mils	2.5
milt	2.7
milted	0.0
milter	0.0
milters	0.0
miltier	0.0
miltiest	0.0
milting	0.0
milts	0.0
milty	1.1
mim	2.8
mimbar	0.0
mimbars	0.0
mime	3.1
mimed	2.0
mimeo	1.5
mimeoed	0.0
mimeoing	0.0
mimeos	0.0
mimer	1.1
mimers	0.0
mimes	2.3
mimesis	2.0
mimetic	2.2
mimetite	0.0
mimic	3.5
mimical	0.0
mimicked	2.6
mimicker	0.0
mimicry	2.6
mimics	3.1
miming	2.3
mimosa	2.7
mimosas	2.4
mina	3.4
minable	1.2
minacity	0.0
minae	1.4
minaret	2.4
minarets	2.3
minas	2.8
minatory	1.1
mince	3.0
minced	3.0
mincer	2.0
mincers	0.0
minces	1.4
mincier	0.0
minciest	0.0
mincing	2.3
mincy	1.2
mind	5.4
minded	4.2
minder	2.4
minders	2.1
mindful	3.5
minding	3.1
mindless	3.2
minds	4.5
mindset	3.9
mindsets	2.6
mine	5.0
mineable	1.6
mined	3.4
miner	3.6
mineral	4.0
minerals	3.9
miners	3.9
mines	4.2
mingier	0.0
mingiest	0.0
mingle	3.2
mingled	2.9
mingler	0.0
minglers	0.0
mingles	2.1
mingling	2.9
mingy	1.1
mini	4.4
minibike	1.4
minibus	2.8
minicab	2.1
minicabs	1.6
minicamp	1.9
minicar	1.3
minicars	0.0
minified	1.3
minifies	0.0
minify	1.5
minikin	1.2
minikins	0.0
minilab	1.1
minilabs	0.0
minim	2.0
minima	2.5
minimal	4.1
minimals	0.0
minimax	2.0
minimill	0.0
minimise	3.2
minimize	3.8
minims	1.9
minimum	4.7
minimums	2.7
mining	4.6
minings	0.0
minion	3.0
minions	3.3
minipark	0.0
minis	2.8
minish	1.8
minished	0.0
minishes	0.0
miniski	0.0
miniskis	0.0
minister	5.0
ministry	4.6
minium	1.5
miniums	0.0
minivan	3.1
minivans	2.4
miniver	1.8
minivers	0.0
mink	3.1
minke	2.3
minkes	1.1
minks	2.1
minnies	1.4
minnow	2.6
minnows	2.6
minny	2.2
minor	4.6
minorca	1.9
minorcas	0.0
minored	1.9
minoring	1.7
minority	4.4
minors	3.7
minster	3.0
minsters	1.6
minstrel	2.8
mint	3.9
mintage	2.1
mintages	1.1
minted	3.0
minter	2.4
minters	0.0
mintier	0.0
mintiest	0.0
minting	2.3
mints	3.0
minty	2.7
minuend	0.0
minuends	0.0
minuet	2.4
minuets	2.1
minus	4.0
minuses	2.2
minute	5.0
minuted	1.7
minutely	2.4
minuter	1.0
minutes	5.3
minutest	1.8
minutia	2.0
minutiae	2.6
minutial	0.0
minuting	0.0
minx	2.5
minxes	0.0
minxish	0.0
minyan	1.8
minyanim	0.0
minyans	0.0
mioses	0.0
miosis	1.3
miotic	0.0
miotics	0.0
miquelet	0.0
mir	3.4
miracle	4.1
miracles	3.8
mirador	2.1
miradors	0.0
mirage	3.3
mirages	2.1
mire	2.7
mired	2.8
mires	1.8
mirex	1.1
mirexes	0.0
miri	2.6
mirier	0.0
miriest	0.0
miriness	0.0
miring	1.4
mirk	1.2
mirker	0.0
mirkest	0.0
mirkier	0.0
mirkiest	0.0
mirkily	0.0
mirks	0.0
mirky	0.0
mirliton	0.0
mirror	4.5
mirrored	3.3
mirrors	3.8
mirs	1.7
mirth	2.6
mirthful	1.5
mirths	0.0
miry	1.5
mirza	2.9
mirzas	0.0
mis	3.6
misact	0.0
misacted	0.0
misacts	0.0
misadapt	0.0
misadd	0.0
misadded	0.0
misadds	0.0
misagent	0.0
misaim	0.0
misaimed	0.0
misaims	0.0
misalign	1.1
misally	0.0
misalter	0.0
misandry	1.9
misapply	1.3
misassay	0.0
misate	0.0
misatone	0.0
misaver	0.0
misavers	0.0
misaward	0.0
misbegan	0.0
misbegin	0.0
misbegot	0.0
misbegun	0.0
misbias	0.0
misbill	0.0
misbills	0.0
misbind	0.0
misbinds	0.0
misbound	0.0
misbrand	0.0
misbuild	0.0
misbuilt	0.0
miscall	0.0
miscalls	0.0
miscarry	2.2
miscast	2.1
miscasts	0.0
mischief	3.4
miscible	1.8
miscite	0.0
miscited	0.0
miscites	0.0
misclaim	0.0
misclass	0.0
miscode	0.0
miscoded	0.0
miscodes	0.0
miscoin	0.0
miscoins	0.0
miscolor	0.0
miscook	0.0
miscooks	0.0
miscopy	0.0
miscount	1.4
miscue	1.8
miscued	1.2
miscues	2.0
miscuing	0.0
miscut	0.0
miscuts	0.0
misdate	0.0
misdated	1.1
misdates	0.0
misdeal	1.1
misdeals	0.0
misdealt	0.0
misdeed	1.9
misdeeds	2.8
misdeem	0.0
misdeems	0.0
misdial	0.0
misdials	0.0
misdid	0.0
misdo	0.0
misdoer	0.0
misdoers	0.0
misdoes	0.0
misdoing	0.0
misdone	0.0
misdoubt	0.0
misdraw	0.0
misdrawn	0.0
misdraws	0.0
misdrew	0.0
misdrive	0.0
misdrove	0.0
mise	2.5
misease	0.0
miseases	0.0
miseat	0.0
miseaten	0.0
miseats	0.0
misedit	0.0
misedits	0.0
misenrol	0.0
misenter	0.0
misentry	0.0
miser	2.6
miserere	1.9
miseries	2.5
miserly	2.3
misers	1.8
misery	3.9
mises	2.6
misevent	0.0
misfaith	0.0
misfield	0.0
misfile	0.0
misfiled	1.4
misfiles	0.0
misfire	2.5
misfired	2.1
misfires	2.1
misfit	2.8
misfits	3.0
misfocus	0.0
misform	0.0
misforms	0.0
misframe	0.0
misgauge	0.0
misgave	0.0
misgive	0.0
misgiven	0.0
misgives	0.0
misgrade	0.0
misgraft	0.0
misgrew	0.0
misgrow	0.0
misgrown	0.0
misgrows	0.0
misguess	0.0
misguide	1.7
mishap	3.0
mishaps	2.9
mishear	1.4
misheard	2.4
mishears	0.0
mishit	1.5
mishits	0.0
mishmash	2.3
mishmosh	0.0
misinfer	0.0
misinter	0.0
misjoin	0.0
misjoins	0.0
misjudge	2.2
miskal	0.0
miskals	0.0
miskeep	0.0
miskeeps	0.0
miskept	0.0
miskick	0.0
miskicks	0.0
misknew	0.0
misknow	0.0
misknown	0.0
misknows	0.0
mislabel	1.4
mislabor	0.0
mislaid	2.3
mislain	0.0
mislay	1.3
mislayer	0.0
mislays	0.0
mislead	3.2
misleads	2.2
mislearn	0.0
misled	3.3
mislie	0.0
mislies	0.0
mislight	0.0
mislike	0.0
misliked	0.0
misliker	0.0
mislikes	0.0
mislit	0.0
mislive	0.0
mislived	0.0
mislives	0.0
mislodge	0.0
mislying	0.0
mismade	0.0
mismake	0.0
mismakes	0.0
mismark	0.0
mismarks	0.0
mismatch	3.1
mismate	0.0
mismated	0.0
mismates	0.0
mismeet	0.0
mismeets	0.0
mismet	0.0
mismove	0.0
mismoved	0.0
mismoves	0.0
misname	0.0
misnamed	1.9
misnames	0.0
misnomer	2.7
miso	2.8
misogamy	0.0
misogyny	3.2
misology	0.0
misorder	0.0
misos	0.0
mispage	0.0
mispaged	0.0
mispages	0.0
mispaint	0.0
misparse	0.0
mispart	0.0
misparts	0.0
mispatch	0.0
mispen	0.0
mispens	0.0
misplace	2.3
misplan	0.0
misplans	0.0
misplant	0.0
misplay	1.3
misplays	1.1
misplead	0.0
mispled	0.0
mispoint	0.0
mispoise	0.0
misprice	0.0
misprint	2.2
misprize	0.0
misquote	2.0
misraise	0.0
misrate	0.0
misrated	0.0
misrates	0.0
misread	3.0
misreads	1.7
misrefer	0.0
misrely	0.0
misroute	0.0
misrule	2.2
misruled	0.0
misrules	0.0
miss	5.2
missable	1.3
missaid	0.0
missal	2.4
missals	1.4
missay	0.0
missays	0.0
misseat	0.0
misseats	0.0
missed	4.8
missel	0.0
missels	0.0
missend	0.0
missends	0.0
missense	1.8
missent	0.0
misses	3.9
misset	0.0
missets	0.0
misshape	0.0
misshod	0.0
missies	0.0
missile	4.1
missiles	4.0
missilry	0.0
missing	5.0
mission	4.9
missions	4.2
missis	1.9
missises	0.0
missive	2.4
missives	2.1
missort	0.0
missorts	0.0
missound	0.0
missout	0.0
missouts	0.0
misspace	0.0
misspeak	1.4
misspell	2.3
misspelt	1.9
misspend	0.0
misspent	2.1
misspoke	2.3
misstart	0.0
misstate	1.2
missteer	0.0
misstep	2.6
missteps	2.6
misstop	0.0
misstops	0.0
misstyle	0.0
missuit	0.0
missuits	0.0
missus	2.8
missuses	0.0
missy	3.3
mist	3.7
mistake	4.7
mistaken	4.0
mistaker	0.0
mistakes	4.5
mistbow	0.0
mistbows	0.0
misteach	0.0
misted	1.9
mistend	0.0
mistends	0.0
mister	3.6
misterm	0.0
misterms	0.0
misters	1.9
misteuk	0.0
misthink	0.0
misthrew	0.0
misthrow	0.0
mistier	0.0
mistiest	0.0
mistily	1.1
mistime	1.1
mistimed	1.9
mistimes	0.0
misting	2.1
mistitle	0.0
mistook	3.1
mistouch	0.0
mistrace	0.0
mistrain	0.0
mistral	2.6
mistrals	0.0
mistreat	2.5
mistress	3.9
mistrial	2.6
mistrust	3.1
mistruth	0.0
mistryst	0.0
mists	2.8
mistune	0.0
mistuned	0.0
mistunes	0.0
mistutor	0.0
misty	3.4
mistype	1.4
mistyped	1.8
mistypes	0.0
misunion	0.0
misusage	0.0
misuse	3.5
misused	3.0
misuser	0.0
misusers	0.0
misuses	2.1
misusing	2.7
misvalue	0.0
misword	0.0
miswords	0.0
miswrit	0.0
miswrite	0.0
miswrote	0.0
misyoke	0.0
misyoked	0.0
misyokes	0.0
mite	3.1
miter	2.4
mitered	1.5
miterer	0.0
miterers	0.0
mitering	0.0
miters	1.8
mites	3.1
mither	1.5
mithers	0.0
miticide	0.0
mitier	0.0
mitiest	0.0
mitigate	3.5
mitis	1.6
mitises	0.0
mitogen	2.0
mitogens	1.2
mitoses	1.0
mitosis	2.6
mitotic	2.5
mitral	2.6
mitre	2.6
mitred	1.5
mitres	1.4
mitring	0.0
mitsvah	0.0
mitsvahs	0.0
mitsvoth	0.0
mitt	3.3
mitten	2.5
mittens	2.9
mittimus	1.1
mitts	2.7
mity	1.1
mitzvah	2.9
mitzvahs	2.0
mitzvoth	0.0
mix	4.7
mixable	0.0
mixed	4.6
mixer	3.5
mixers	3.0
mixes	3.5
mixible	0.0
mixing	4.1
mixology	2.1
mixt	1.5
mixture	4.2
mixtures	3.1
mixup	2.2
mixups	1.2
mizen	1.8
mizens	0.0
mizzen	2.0
mizzens	0.0
mizzle	1.2
mizzled	0.0
mizzles	0.0
mizzling	0.0
mizzly	0.0
mnemonic	2.6
moa	3.0
moan	3.4
moaned	2.8
moaner	1.5
moaners	1.3
moanful	0.0
moaning	3.4
moans	3.1
moas	1.9
moat	3.1
moated	1.8
moating	0.0
moatlike	0.0
moats	2.2
mob	4.0
mobbed	2.7
mobber	0.0
mobbers	0.0
mobbing	2.2
mobbish	0.0
mobcap	0.0
mobcaps	0.0
mobile	4.8
mobiles	3.1
mobilise	2.6
mobility	4.0
mobilize	3.2
mobled	0.0
mobocrat	0.0
mobs	3.2
mobster	2.8
mobsters	2.7
moc	2.6
moccasin	2.3
mocha	3.0
mochas	1.7
mochila	1.3
mochilas	0.0
mock	3.9
mockable	0.0
mocked	3.4
mocker	1.6
mockers	1.6
mockery	3.3
mocking	3.5
mocks	3.0
mockup	2.6
mockups	2.1
mocs	2.1
mod	3.9
modal	3.1
modality	2.8
modally	1.0
mode	4.6
model	5.1
modeled	3.5
modeler	2.2
modelers	2.1
modeling	3.9
modelist	0.0
modelled	3.2
modeller	2.0
models	4.7
modem	3.4
modems	2.7
moderate	4.3
moderato	1.8
modern	5.1
moderne	2.5
moderner	1.4
modernly	1.6
moderns	2.2
modes	4.0
modest	4.0
modester	0.0
modestly	3.1
modesty	3.2
modi	3.8
modica	1.7
modicum	2.7
modicums	0.0
modified	4.2
modifier	2.9
modifies	2.8
modify	3.8
modioli	0.0
modiolus	1.2
modish	2.1
modishly	0.0
modiste	1.2
modistes	0.0
mods	3.3
modular	3.5
modulate	2.7
module	3.9
modules	3.7
moduli	2.2
modulo	2.3
modulus	2.8
modus	2.9
mofette	0.0
mofettes	0.0
moffette	0.0
mog	2.4
mogged	0.0
moggie	1.1
moggies	1.2
mogging	0.0
moggy	1.7
mogs	1.7
mogul	3.1
moguls	2.6
mohair	2.4
mohairs	0.0
mohalim	0.0
mohel	1.6
mohelim	0.0
mohels	0.0
mohur	0.0
mohurs	0.0
moidore	0.0
moidores	0.0
moieties	2.3
moiety	2.6
moil	1.4
moiled	0.0
moiler	0.0
moilers	0.0
moiling	0.0
moils	0.0
moira	3.1
moirai	1.1
moire	2.0
moires	0.0
moist	3.7
moisten	2.2
moistens	1.4
moister	1.9
moistest	0.0
moistful	0.0
moistly	0.0
moisture	3.9
mojarra	0.0
mojarras	0.0
mojo	3.3
mojoes	0.0
mojos	1.6
moke	2.0
mokes	1.1
mol	3.2
mola	2.4
molal	0.0
molality	1.3
molar	3.0
molarity	1.6
molars	2.7
molas	1.5
molasses	3.0
mold	3.8
moldable	1.6
molded	3.2
molder	1.7
moldered	0.0
molders	1.6
moldier	0.0
moldiest	0.0
molding	3.2
moldings	2.4
molds	3.1
moldwarp	0.0
moldy	2.7
mole	3.7
molecule	3.7
molehill	2.0
moles	3.1
moleskin	1.8
molest	2.7
molested	3.1
molester	2.7
molests	1.7
molies	0.0
moline	2.6
moll	2.7
mollah	1.6
mollahs	0.0
mollie	2.8
mollies	1.8
mollify	2.0
molls	1.7
mollusc	2.1
molluscs	2.5
mollusk	2.3
mollusks	2.5
molly	3.9
moloch	2.4
molochs	0.0
mols	1.8
molt	2.4
molted	1.7
molten	3.3
moltenly	0.0
molter	1.1
molters	0.0
molting	2.2
molto	2.3
molts	1.7
moly	2.8
molybdic	0.0
mom	5.1
mome	1.8
moment	5.2
momenta	2.1
momently	0.0
momento	2.4
momentos	1.7
moments	4.6
momentum	4.1
momes	0.0
momi	1.6
momism	0.0
momisms	0.0
momma	3.4
mommas	2.0
mommies	2.5
mommy	3.9
moms	3.9
momser	0.0
momsers	0.0
momus	1.6
momuses	0.0
momzer	0.0
momzers	0.0
mon	3.9
monachal	0.0
monacid	0.0
monacids	0.0
monad	2.4
monadal	0.0
monades	0.0
monadic	1.8
monadism	0.0
monads	2.0
monandry	0.0
monarch	3.7
monarchs	3.1
monarchy	3.7
monarda	1.3
monardas	0.0
monas	1.6
monastic	3.1
monaural	1.8
monaxial	0.0
monaxon	0.0
monaxons	0.0
monazite	1.9
monde	3.0
mondes	1.8
mondo	2.8
mondos	0.0
monecian	0.0
monellin	0.0
moneran	0.0
monerans	0.0
monetary	4.1
monetise	2.0
monetize	2.8
money	5.6
moneybag	1.4
moneyed	2.4
moneyer	1.1
moneyers	1.2
moneyman	1.4
moneymen	1.2
moneys	2.7
mongeese	0.0
monger	2.6
mongered	0.0
mongers	2.5
mongo	2.5
mongoe	0.0
mongoes	0.0
mongol	3.0
mongols	3.0
mongoose	2.7
mongos	0.0
mongrel	2.6
mongrels	2.2
mongst	0.0
monicker	1.4
monie	1.8
monied	2.1
monies	3.1
moniker	3.1
monikers	2.0
monish	1.0
monished	0.0
monishes	0.0
monism	2.1
monisms	0.0
monist	1.7
monistic	1.7
monists	0.0
monition	0.0
monitive	0.0
monitor	4.4
monitors	3.8
monitory	1.4
monk	3.9
monkery	0.0
monkey	4.1
monkeyed	0.0
monkeys	3.9
monkfish	2.1
monkhood	1.4
monkish	1.6
monks	3.7
mono	3.5
monoacid	0.0
monocarp	0.0
monocle	2.5
monocled	1.3
monocles	1.4
monocot	1.5
monocots	1.5
monocrat	0.0
monocyte	2.1
monodic	0.0
monodies	0.0
monodist	0.0
monody	1.5
monoecy	0.0
monofil	0.0
monofils	0.0
monofuel	0.0
monogamy	2.8
monogeny	0.0
monogerm	0.0
monoglot	1.2
monogram	3.0
monogyny	0.0
monohull	1.6
monolith	2.8
monolog	1.5
monologs	0.0
monology	0.0
monomer	2.7
monomers	2.5
monomial	1.6
monopode	0.0
monopody	0.0
monopole	2.1
monopoly	3.8
monorail	2.7
monos	1.7
monosome	0.0
monosomy	1.3
monotint	0.0
monotone	2.8
monotony	2.8
monotype	2.3
monoxide	3.3
mons	3.0
monsieur	3.4
monsoon	3.3
monsoons	2.4
monster	4.5
monstera	1.5
monsters	4.2
montage	3.3
montaged	0.0
montages	2.4
montane	2.3
montanes	0.0
monte	3.7
monteith	2.5
montero	2.6
monteros	1.1
montes	2.5
month	5.2
monthly	4.5
months	5.3
monument	3.9
monuron	0.0
monurons	0.0
mony	2.2
moo	3.1
mooch	2.4
mooched	1.3
moocher	1.9
moochers	1.7
mooches	1.3
mooching	2.1
mood	4.4
moodier	1.5
moodiest	1.1
moodily	1.5
moods	3.4
moody	3.7
mooed	1.2
mooing	1.8
mool	1.5
moola	1.9
moolah	2.4
moolahs	0.0
moolas	0.0
mooley	0.0
mooleys	0.0
mools	0.0
moon	4.7
moonbeam	2.2
moonbow	1.2
moonbows	0.0
mooncalf	0.0
moondust	1.5
mooned	1.8
mooneye	0.0
mooneyes	0.0
moonfish	1.0
moonier	0.0
mooniest	0.0
moonily	0.0
mooning	2.2
moonish	0.0
moonless	2.1
moonlet	0.0
moonlets	0.0
moonlike	0.0
moonlit	2.6
moonport	0.0
moonrise	2.4
moons	3.4
moonsail	0.0
moonseed	0.0
moonset	1.5
moonsets	0.0
moonshot	2.1
moonwalk	2.3
moonward	0.0
moonwort	0.0
moony	1.8
moor	3.4
moorage	1.4
moorages	0.0
moorcock	1.8
moored	2.9
moorfowl	0.0
moorhen	1.6
moorhens	1.3
moorier	0.0
mooriest	0.0
mooring	2.8
moorings	2.6
moorish	2.8
moorland	2.7
moors	3.2
moorwort	0.0
moory	0.0
moos	2.4
moose	3.6
moot	3.2
mooted	2.5
mooter	0.0
mooters	0.0
mooting	1.6
moots	1.8
mop	3.4
mopboard	0.0
mope	2.2
moped	2.8
mopeds	2.3
moper	0.0
moperies	0.0
mopers	0.0
mopery	0.0
mopes	1.6
mopey	2.1
mopier	0.0
mopiest	0.0
moping	2.4
mopingly	0.0
mopish	0.0
mopishly	0.0
mopoke	0.0
mopokes	0.0
mopped	2.5
mopper	1.0
moppers	0.0
moppet	1.6
moppets	0.0
mopping	2.8
mops	2.5
mopy	0.0
moquette	1.1
mor	3.2
mora	3.1
morae	1.1
morainal	0.0
moraine	2.7
moraines	2.2
morainic	1.1
moral	4.5
morale	3.7
morales	3.3
moralise	1.2
moralism	1.9
moralist	2.2
morality	3.9
moralize	1.7
morally	3.6
morals	3.6
moras	1.6
morass	2.4
morasses	0.0
morassy	0.0
moratory	0.0
moray	3.0
morays	1.4
morbid	3.3
morbidly	2.6
morbific	0.0
morbilli	0.0
morceau	1.4
morceaux	1.1
mordancy	0.0
mordant	2.2
mordants	1.2
mordent	1.2
mordents	0.0
more	6.4
moreen	1.2
moreens	0.0
morel	2.6
morelle	1.4
morelles	0.0
morello	2.6
morellos	0.0
morels	2.0
moreover	4.2
mores	2.8
moresque	1.2
morgan	4.4
morgans	2.4
morgen	2.4
morgens	1.2
morgue	3.1
morgues	2.0
moribund	2.6
morion	1.3
morions	0.0
morn	3.0
morning	5.3
mornings	3.7
morns	1.2
morocco	3.8
moroccos	0.0
moron	3.8
moronic	2.8
moronism	0.0
moronity	0.0
morons	3.5
morose	2.4
morosely	1.4
morosity	0.0
morph	3.1
morpheme	2.3
morphia	1.6
morphias	0.0
morphic	1.7
morphin	2.3
morphine	3.4
morphins	0.0
morpho	2.0
morphos	1.1
morphs	2.6
morrion	0.0
morrions	0.0
morris	4.2
morrises	1.3
morro	2.5
morros	1.1
morrow	3.4
morrows	1.2
mors	2.2
morse	3.5
morsel	2.6
morseled	0.0
morsels	2.4
mort	3.1
mortal	3.9
mortally	2.8
mortals	3.2
mortar	3.8
mortared	1.7
mortars	3.1
mortary	0.0
mortgage	4.4
mortice	1.4
morticed	0.0
mortices	0.0
mortify	1.8
mortise	2.2
mortised	1.2
mortiser	0.0
mortises	1.4
mortmain	1.5
morts	1.8
mortuary	3.0
morula	1.5
morulae	0.0
morular	0.0
morulas	0.0
mos	3.4
mosaic	3.6
mosaics	2.9
mosasaur	1.5
moschate	0.0
mosey	2.2
moseyed	1.3
moseying	1.4
moseys	0.0
moshav	1.6
moshavim	1.1
mosk	1.5
mosks	0.0
mosque	3.9
mosques	3.4
mosquito	3.6
moss	3.9
mossback	0.0
mossed	1.1
mosser	1.5
mossers	0.0
mosses	2.7
mossier	0.0
mossiest	0.0
mossing	0.0
mosslike	0.0
mosso	1.7
mossy	2.6
most	6.0
moste	1.2
mostest	1.7
mostests	0.0
mostly	4.8
mosts	1.1
mot	3.1
mote	2.6
motel	3.6
motels	2.9
motes	2.4
motet	2.0
motets	2.0
motey	0.0
moth	3.5
mothball	1.8
mother	5.2
mothered	1.9
motherly	2.7
mothers	4.3
mothery	0.0
mothier	0.0
mothiest	0.0
mothlike	0.0
moths	3.2
mothy	0.0
motif	3.4
motific	0.0
motifs	3.3
motile	2.3
motiles	0.0
motility	2.7
motion	4.6
motional	1.4
motioned	2.5
motioner	0.0
motions	3.5
motivate	3.6
motive	3.9
motived	1.3
motives	3.7
motivic	1.6
motiving	0.0
motivity	0.0
motley	3.1
motleyer	0.0
motleys	0.0
motlier	0.0
motliest	0.0
motmot	1.5
motmots	0.0
motor	4.5
motorbus	1.3
motorcar	2.2
motordom	0.0
motored	2.2
motoric	1.3
motoring	3.0
motorise	0.0
motorist	3.1
motorize	0.0
motorman	2.0
motormen	1.3
motors	4.0
motorway	3.5
mots	2.4
mott	3.0
motte	2.5
mottes	0.0
mottle	1.8
mottled	2.8
mottler	0.0
mottlers	0.0
mottles	0.0
mottling	2.0
motto	3.7
mottoes	1.7
mottos	2.0
motts	1.5
mouch	1.3
mouched	0.0
mouches	1.1
mouching	0.0
mouchoir	0.0
moue	1.0
moues	0.0
moufflon	0.0
mouflon	1.3
mouflons	0.0
mouille	0.0
moujik	0.0
moujiks	0.0
moulage	1.1
moulages	0.0
mould	3.5
moulded	3.0
moulder	2.1
moulders	1.4
mouldier	0.0
moulding	2.9
moulds	2.8
mouldy	2.4
moulin	2.7
moulins	1.7
moult	2.2
moulted	1.3
moulter	0.0
moulters	0.0
moulting	2.0
moults	1.6
mound	3.6
mounded	1.6
mounding	1.4
mounds	3.2
mount	4.5
mountain	4.7
mounted	4.3
mounter	1.3
mounters	0.0
mounting	3.9
mounts	3.5
mourn	3.4
mourned	2.9
mourner	2.2
mourners	2.9
mournful	2.7
mourning	3.7
mourns	2.8
mouse	4.3
moused	1.1
mouser	2.1
mousers	1.3
mouses	1.8
mousey	1.9
mousier	0.0
mousiest	0.0
mousily	0.0
mousing	1.7
mousings	0.0
moussaka	1.9
mousse	3.0
moussed	0.0
mousses	1.5
moussing	0.0
mousy	2.0
mouth	4.8
mouthed	3.1
mouther	0.0
mouthers	0.0
mouthful	3.0
mouthier	0.0
mouthily	0.0
mouthing	2.8
mouths	3.7
mouthy	2.3
mouton	2.5
moutons	1.0
movable	3.1
movables	1.4
movably	1.3
move	5.3
moveable	2.8
moveably	0.0
moved	5.0
moveless	0.0
movement	5.0
mover	3.2
movers	3.2
moves	4.6
movie	5.2
moviedom	0.0
movieola	0.0
movies	4.8
moving	5.0
movingly	2.1
moviola	1.0
moviolas	0.0
mow	3.1
mowed	2.8
mower	3.1
mowers	2.6
mowing	3.1
mowings	0.0
mown	2.2
mows	2.0
moxa	1.5
moxas	0.0
moxie	2.5
moxies	0.0
mozetta	0.0
mozettas	0.0
mozette	0.0
mozo	1.8
mozos	0.0
mozzetta	0.0
mozzette	0.0
mridanga	0.0
much	6.0
muchacho	1.6
muches	0.0
muchly	1.5
muchness	1.5
mucid	0.0
mucidity	0.0
mucilage	1.8
mucin	2.0
mucinoid	0.0
mucinous	1.7
mucins	1.4
muck	3.1
mucked	2.1
mucker	1.8
muckers	1.4
muckier	0.0
muckiest	0.0
muckily	0.0
mucking	2.6
muckle	2.0
muckles	0.0
muckluck	0.0
muckrake	0.0
mucks	1.8
muckworm	0.0
mucky	2.3
mucluc	0.0
muclucs	0.0
mucoid	1.4
mucoidal	0.0
mucoids	0.0
mucor	1.4
mucors	0.0
mucosa	2.7
mucosae	1.1
mucosal	2.5
mucosas	0.0
mucose	0.0
mucosity	0.0
mucous	2.8
mucro	0.0
mucrones	0.0
mucus	3.1
mucuses	0.0
mud	4.1
mudcap	0.0
mudcaps	0.0
mudcat	1.2
mudcats	0.0
mudded	1.1
mudder	2.3
mudders	1.4
muddied	2.3
muddier	1.6
muddies	1.8
muddiest	1.1
muddily	0.0
mudding	1.9
muddle	2.8
muddled	2.9
muddler	1.4
muddlers	0.0
muddles	1.9
muddling	2.1
muddly	0.0
muddy	3.6
muddying	2.0
mudfish	1.3
mudflat	1.4
mudflats	2.0
mudflow	1.6
mudflows	1.6
mudguard	1.6
mudhole	1.4
mudholes	0.0
mudlark	1.3
mudlarks	0.0
mudpack	0.0
mudpacks	0.0
mudpuppy	1.0
mudra	2.2
mudras	1.6
mudrock	0.0
mudrocks	0.0
mudroom	1.5
mudrooms	0.0
muds	2.3
mudsill	0.0
mudsills	0.0
mudslide	2.3
mudstone	2.3
mueddin	0.0
mueddins	0.0
muenster	1.9
muesli	2.2
mueslis	0.0
muezzin	1.9
muezzins	0.0
muff	2.7
muffed	2.0
muffin	3.4
muffing	1.1
muffins	3.2
muffle	2.3
muffled	3.0
muffler	2.7
mufflers	2.2
muffles	1.7
muffling	1.8
muffs	2.2
mufti	2.9
muftis	1.5
mug	3.7
mugful	0.0
mugfuls	0.0
mugg	1.3
muggar	0.0
muggars	0.0
mugged	2.9
muggee	0.0
muggees	0.0
mugger	2.5
muggers	2.2
muggier	0.0
muggiest	0.0
muggily	0.0
mugging	2.8
muggings	2.1
muggins	1.6
muggs	1.7
muggur	0.0
muggurs	0.0
muggy	2.5
mugs	3.2
mugwort	1.8
mugworts	0.0
mugwump	1.5
mugwumps	1.2
muhlies	0.0
muhly	1.7
mujik	0.0
mujiks	0.0
mukluk	1.0
mukluks	1.3
muktuk	0.0
muktuks	0.0
mulatto	2.6
mulattos	1.6
mulberry	3.1
mulch	2.9
mulched	1.8
mulches	1.8
mulching	2.2
mulct	0.0
mulcted	0.0
mulcting	0.0
mulcts	0.0
mule	3.4
muled	0.0
mules	3.1
muleta	1.3
muletas	0.0
muleteer	1.2
muley	1.8
muleys	0.0
muling	1.5
mulish	1.4
mulishly	0.0
mull	2.9
mulla	2.2
mullah	2.7
mullahs	2.5
mullas	1.0
mulled	2.5
mullein	1.6
mulleins	0.0
mullen	3.1
mullens	2.2
muller	3.3
mullers	1.3
mullet	3.0
mullets	2.2
mulley	1.4
mulleys	0.0
mulligan	3.1
mulling	2.6
mullion	1.9
mullions	1.8
mullite	1.1
mullites	0.0
mullock	1.2
mullocks	0.0
mullocky	0.0
mulls	2.3
multiage	0.0
multicar	1.2
multifid	0.0
multijet	1.4
multiped	0.0
multiple	4.9
multiply	3.5
multiton	0.0
multiuse	1.5
multure	0.0
multures	0.0
mum	4.4
mumble	2.9
mumbled	2.7
mumbler	1.2
mumblers	0.0
mumbles	2.7
mumbling	2.9
mumbly	1.4
mumm	2.2
mummed	0.0
mummer	1.4
mummers	1.9
mummery	1.9
mummied	0.0
mummies	2.9
mummify	1.5
mumming	1.1
mumms	0.0
mummy	3.6
mummying	0.0
mump	1.3
mumped	0.0
mumper	0.0
mumpers	0.0
mumping	0.0
mumps	2.8
mums	3.4
mumu	1.8
mumus	0.0
mun	3.0
munch	3.1
munched	2.2
muncher	1.9
munchers	1.7
munches	1.9
munchies	2.7
munching	2.9
munchkin	2.7
mundane	3.4
mundungo	0.0
mungo	2.4
mungoose	0.0
mungos	0.0
muni	2.7
muniment	0.0
munis	1.9
munition	2.4
munnion	0.0
munnions	0.0
muns	1.5
munster	3.1
munsters	1.8
muntin	0.0
munting	1.1
muntings	0.0
muntins	1.1
muntjac	1.6
muntjacs	0.0
muntjak	0.0
muntjaks	0.0
muon	2.4
muonic	0.0
muonium	0.0
muoniums	0.0
muons	2.0
mura	2.4
muraenid	0.0
mural	3.5
muralist	1.9
murals	3.1
muras	0.0
murder	4.9
murdered	4.3
murderee	0.0
murderer	3.8
murders	4.0
mure	1.9
mured	0.0
murein	0.0
mureins	0.0
mures	1.5
murex	1.9
murexes	0.0
muriate	0.0
muriated	0.0
muriates	0.0
muricate	0.0
murices	0.0
murid	1.6
murids	0.0
murine	2.5
murines	0.0
muring	0.0
murk	2.2
murker	0.0
murkest	0.0
murkier	1.9
murkiest	1.2
murkily	0.0
murkly	0.0
murks	1.1
murky	3.1
murmur	2.9
murmured	2.5
murmurer	0.0
murmurs	2.8
murphies	0.0
murphy	4.1
murr	2.1
murra	1.3
murrain	1.4
murrains	0.0
murras	0.0
murre	1.3
murrelet	1.6
murres	1.4
murrey	1.4
murreys	0.0
murrha	0.0
murrhas	0.0
murrhine	0.0
murries	0.0
murrine	0.0
murrs	0.0
murry	2.2
murther	0.0
murthers	0.0
mus	3.0
musca	1.8
muscadel	0.0
muscadet	1.4
muscae	0.0
muscat	3.0
muscatel	1.4
muscats	1.1
muscid	0.0
muscids	0.0
muscle	4.4
muscled	2.7
muscles	4.1
muscling	2.0
muscly	1.9
muscular	3.7
muse	3.6
mused	2.7
museful	0.0
muser	1.4
musers	0.0
muses	3.0
musette	1.7
musettes	0.0
museum	4.7
museums	3.9
mush	3.0
mushed	1.8
musher	1.8
mushers	1.8
mushes	1.1
mushier	1.1
mushiest	0.0
mushily	0.0
mushing	1.8
mushroom	3.6
mushy	2.9
music	5.5
musical	4.5
musicale	2.0
musicals	3.2
musician	4.0
musics	2.4
musing	2.6
musingly	0.0
musings	2.9
musjid	0.0
musjids	0.0
musk	3.5
muskeg	1.8
muskegs	0.0
musket	2.9
musketry	1.9
muskets	2.8
muskie	2.3
muskier	0.0
muskies	1.8
muskiest	0.0
muskily	0.0
muskit	0.0
muskits	0.0
muskrat	2.4
muskrats	1.9
musks	1.5
musky	2.4
muslin	2.6
muslins	1.5
muspike	0.0
muspikes	0.0
musquash	0.0
muss	2.4
mussed	1.8
mussel	2.7
mussels	3.1
musses	0.0
mussier	0.0
mussiest	0.0
mussily	0.0
mussing	1.1
mussy	1.6
must	5.7
mustache	3.4
mustang	3.6
mustangs	3.0
mustard	3.7
mustards	1.9
mustardy	1.2
musted	0.0
mustee	0.0
mustees	0.0
muster	3.4
mustered	3.2
musters	2.0
musth	1.5
musths	0.0
mustier	0.0
mustiest	0.0
mustily	0.0
musting	0.0
musts	1.9
musty	2.8
mut	2.8
mutable	2.4
mutably	0.0
mutagen	2.2
mutagens	1.8
mutant	3.6
mutants	3.4
mutase	1.2
mutases	0.0
mutate	2.6
mutated	3.1
mutates	2.2
mutating	2.4
mutation	3.6
mutative	1.0
mutch	2.2
mutches	0.0
mutchkin	0.0
mute	3.7
muted	3.4
mutedly	0.0
mutely	1.6
muteness	1.5
muter	1.4
mutes	2.5
mutest	0.0
muticous	0.0
mutilate	2.5
mutine	0.0
mutined	0.0
mutineer	1.8
mutines	0.0
muting	2.5
mutinied	2.1
mutinies	2.0
mutining	0.0
mutinous	2.2
mutiny	3.3
mutism	1.9
mutisms	0.0
muton	0.0
mutons	0.0
muts	1.4
mutt	2.9
mutter	2.8
muttered	2.8
mutterer	0.0
mutters	2.5
mutton	3.0
muttons	0.0
muttony	0.0
mutts	2.4
mutual	4.3
mutually	3.7
mutuel	1.9
mutuels	0.0
mutular	0.0
mutule	0.0
mutules	0.0
muumuu	1.4
muumuus	1.0
muzhik	1.0
muzhiks	0.0
muzjik	0.0
muzjiks	0.0
muzzier	0.0
muzziest	0.0
muzzily	0.0
muzzle	3.3
muzzled	2.2
muzzler	0.0
muzzlers	0.0
muzzles	2.1
muzzling	1.8
muzzy	2.0
myalgia	1.7
myalgias	0.0
myalgic	1.4
myases	0.0
myasis	0.0
mycele	0.0
myceles	0.0
mycelia	1.8
mycelial	1.7
mycelian	0.0
mycelium	2.5
myceloid	0.0
mycetoma	1.1
mycology	2.2
mycoses	1.2
mycosis	1.6
mycotic	1.3
myelin	2.5
myeline	0.0
myelines	0.0
myelinic	0.0
myelins	0.0
myelitis	1.8
myeloid	2.6
myeloma	2.8
myelomas	0.0
myiases	0.0
myiasis	1.4
mylonite	0.0
myna	1.7
mynah	1.6
mynahs	0.0
mynas	0.0
mynheer	0.0
mynheers	0.0
myoblast	1.3
myogenic	1.8
myograph	0.0
myoid	0.0
myologic	0.0
myology	0.0
myoma	1.2
myomas	0.0
myomata	0.0
myopathy	2.2
myope	0.0
myopes	0.0
myopia	2.6
myopias	0.0
myopic	2.6
myopies	0.0
myopy	0.0
myoscope	0.0
myoses	0.0
myosin	2.4
myosins	1.2
myosis	0.0
myositis	1.9
myosote	0.0
myosotes	0.0
myosotis	1.4
myotic	0.0
myotics	0.0
myotome	0.0
myotomes	0.0
myotonia	1.4
myotonic	1.6
myriad	3.5
myriads	2.0
myriapod	1.0
myrica	1.5
myricas	0.0
myriopod	0.0
myrmidon	1.6
myrrh	2.6
myrrhic	0.0
myrrhs	0.0
myrtle	3.3
myrtles	1.7
myself	5.3
mysid	1.1
mysids	1.1
mysost	0.0
mysosts	0.0
mystagog	0.0
mystery	4.5
mystic	3.6
mystical	3.5
mysticly	0.0
mystics	2.8
mystify	1.9
mystique	3.0
myth	4.1
mythic	3.0
mythical	3.4
mythier	0.0
mythiest	0.0
mythoi	0.0
mythos	2.8
myths	3.8
mythy	0.0
myxedema	1.3
myxocyte	0.0
myxoid	1.2
myxoma	1.4
myxomas	0.0
myxomata	0.0
naan	2.6
naans	1.1
nab	3.1
nabbed	2.8
nabber	0.0
nabbers	0.0
nabbing	2.1
nabe	1.8
nabes	0.0
nabis	1.5
nabob	1.7
nabobery	0.0
nabobess	0.0
nabobish	0.0
nabobism	0.0
nabobs	1.3
nabs	2.0
nacelle	2.2
nacelles	2.1
nachas	0.0
naches	1.4
nacho	3.0
nachos	2.9
nacre	1.7
nacred	0.0
nacreous	1.4
nacres	0.0
nada	3.1
nadas	1.0
nadir	2.9
nadiral	0.0
nadirs	0.0
nae	2.8
naething	0.0
naevi	0.0
naevoid	0.0
naevus	1.1
nag	3.2
nagana	1.2
naganas	0.0
nagged	2.3
nagger	1.3
naggers	0.0
naggier	0.0
naggiest	0.0
nagging	3.3
naggy	1.5
nags	2.4
nah	4.4
naiad	1.8
naiades	0.0
naiads	1.5
naif	2.0
naifs	0.0
nail	4.2
nailed	3.8
nailer	1.8
nailers	1.7
nailfold	0.0
nailhead	1.2
nailing	3.0
nails	4.0
nailset	0.0
nailsets	0.0
nainsook	0.0
naira	2.6
naive	3.8
naively	2.7
naiver	0.0
naives	0.0
naivest	0.0
naivete	2.4
naivetes	0.0
naivety	2.6
naked	4.4
nakeder	0.0
nakedest	0.0
nakedly	2.0
naled	1.1
naleds	0.0
naloxone	2.5
nam	3.7
namable	0.0
name	5.6
nameable	1.1
named	5.0
nameless	3.1
namely	4.0
namer	1.7
namers	1.1
names	4.9
namesake	3.1
nametag	2.2
nametags	1.7
naming	3.9
nan	3.5
nana	3.5
nanas	1.8
nance	2.9
nances	0.0
nancies	1.3
nancy	4.1
nandin	0.0
nandina	1.1
nandinas	0.0
nandins	0.0
nanism	0.0
nanisms	0.0
nankeen	1.2
nankeens	0.0
nankin	1.5
nankins	0.0
nannie	2.0
nannies	2.7
nanny	3.6
nanogram	1.4
nanowatt	0.0
nans	1.8
naoi	0.0
naos	1.6
nap	3.8
napalm	2.8
napalmed	1.1
napalms	0.0
nape	2.6
naperies	0.0
napery	1.0
napes	1.4
naphtha	2.1
naphthas	0.0
naphthol	1.5
naphthyl	1.2
naphtol	0.0
naphtols	0.0
napiform	0.0
napkin	3.2
napkins	3.0
napless	0.0
napoleon	3.8
nappe	1.6
napped	2.3
napper	2.1
nappers	1.3
nappes	1.5
nappie	0.0
nappier	0.0
nappies	2.7
nappiest	0.0
napping	3.0
nappy	2.9
naps	3.1
narc	2.6
narcein	0.0
narceine	0.0
narceins	0.0
narcism	0.0
narcisms	0.0
narcissi	1.6
narcist	0.0
narcists	0.0
narco	2.6
narcos	2.4
narcose	0.0
narcoses	0.0
narcosis	1.9
narcotic	3.0
narcs	1.9
nard	2.1
nardine	0.0
nards	1.4
nares	2.1
narghile	0.0
nargile	0.0
nargileh	0.0
nargiles	0.0
narial	0.0
naric	0.0
narine	2.0
naris	1.3
nark	1.6
narked	1.3
narking	0.0
narks	1.3
narky	1.3
narrate	2.8
narrated	3.3
narrater	0.0
narrates	2.8
narrator	3.8
narrow	4.4
narrowed	3.4
narrower	3.3
narrowly	3.6
narrows	3.1
narthex	1.8
narwal	1.2
narwals	0.0
narwhal	2.3
narwhale	0.0
narwhals	1.9
nary	2.6
nasal	3.5
nasalise	0.0
nasality	1.4
nasalize	0.0
nasally	2.0
nasals	2.0
nascence	0.0
nascency	0.0
nascent	3.1
nasial	0.0
nasion	0.0
nasions	0.0
nastic	0.0
nastier	2.4
nasties	2.3
nastiest	2.6
nastily	1.6
nasty	4.2
natal	3.4
natality	1.3
natant	0.0
natantly	0.0
natation	1.1
natatory	0.0
natch	2.1
nates	1.8
nathless	0.0
nation	4.9
national	5.5
nations	4.8
native	4.7
natively	2.6
natives	3.7
nativism	2.1
nativist	2.2
nativity	3.2
natrium	1.3
natriums	0.0
natron	1.8
natrons	0.0
natter	2.1
nattered	0.0
natters	1.1
nattier	1.1
nattiest	0.0
nattily	1.4
natty	2.8
natural	5.1
naturals	2.6
nature	5.0
natured	3.0
natures	3.0
naturism	2.0
naturist	2.3
naught	3.0
naughts	1.1
naughty	3.8
naumachy	0.0
nauplial	0.0
nauplii	1.1
nauplius	1.4
nausea	3.5
nauseant	0.0
nauseas	1.4
nauseate	1.2
nauseous	3.1
nautch	1.4
nautches	0.0
nautical	3.5
nautili	0.0
nautilus	2.9
navaid	0.0
navaids	1.1
naval	4.2
navally	0.0
navar	1.3
navars	0.0
nave	3.1
navel	3.0
navels	1.6
naves	1.9
navette	1.1
navettes	0.0
navicert	0.0
navies	2.8
navigate	3.7
navvies	1.7
navvy	1.6
navy	4.6
naw	3.2
nawab	2.6
nawabs	1.5
nay	3.4
nays	2.1
naysayer	1.7
nazi	4.3
nazified	0.0
nazifies	0.0
nazify	0.0
nazis	3.9
neap	1.6
neaps	0.0
near	5.3
nearby	4.5
neared	2.8
nearer	3.4
nearest	4.1
nearing	3.4
nearlier	0.0
nearly	5.0
nearness	2.2
nears	2.9
nearside	1.8
neat	4.0
neaten	1.4
neatened	0.0
neatens	0.0
neater	2.4
neatest	2.1
neath	2.8
neatherd	0.0
neatly	3.5
neatness	2.2
neats	1.0
neb	2.8
nebbish	1.4
nebbishy	0.0
nebs	1.5
nebula	3.2
nebulae	2.5
nebular	1.6
nebulas	1.7
nebule	0.0
nebulise	0.0
nebulize	0.0
nebulose	0.0
nebulous	2.8
nebuly	0.0
neck	4.6
neckband	1.6
necked	2.9
necker	2.3
neckers	1.1
necking	2.2
neckings	0.0
necklace	3.9
neckless	1.3
necklike	0.0
neckline	2.7
necks	3.4
necktie	2.5
neckties	2.2
neckwear	1.8
necropsy	2.0
necrose	0.0
necrosed	0.0
necroses	0.0
necrosis	2.9
necrotic	2.5
nectar	3.2
nectars	1.5
nectary	1.3
nee	3.2
need	6.0
needed	5.2
needer	0.0
needers	0.0
needful	2.5
needfuls	0.0
needier	1.4
neediest	2.0
needily	0.0
needing	4.0
needle	4.0
needled	1.8
needler	1.5
needlers	0.0
needles	3.7
needless	3.7
needling	2.2
needs	5.4
needy	3.6
neem	2.4
neems	0.0
neep	1.4
neeps	1.3
negate	3.0
negated	2.8
negater	0.0
negaters	0.0
negates	2.6
negating	2.5
negation	2.8
negative	4.8
negaton	0.0
negatons	0.0
negator	1.2
negators	0.0
negatron	1.0
neglect	3.8
neglects	2.6
neglige	0.0
negligee	1.9
negliges	0.0
negroid	1.9
negroids	1.1
negroni	2.1
negronis	1.2
negus	2.3
neguses	0.0
neif	0.0
neifs	0.0
neigh	2.5
neighbor	4.1
neighed	1.4
neighing	1.9
neighs	1.6
neist	1.1
neither	4.8
nekton	1.2
nektonic	0.0
nektons	0.0
nellie	3.1
nellies	1.4
nelly	3.2
nelson	4.2
nelsons	2.0
nelumbo	1.2
nelumbos	0.0
nema	2.4
nemas	0.0
nematic	2.1
nematode	2.6
nemeses	1.8
nemesis	3.3
nene	2.9
neolith	0.0
neoliths	0.0
neologic	0.0
neology	0.0
neomorph	0.0
neomycin	1.8
neon	3.6
neonatal	3.1
neonate	2.0
neonates	2.3
neoned	0.0
neons	1.8
neophyte	2.3
neoplasm	2.2
neoprene	2.5
neotenic	0.0
neoteny	1.3
neoteric	1.2
neotype	1.2
neotypes	0.0
nepenthe	1.5
nephew	4.0
nephews	3.3
nephric	0.0
nephrism	0.0
nephrite	1.8
nephron	1.7
nephrons	1.5
nepotic	0.0
nepotism	2.9
nepotist	0.0
nerd	3.7
nerdier	1.3
nerdiest	1.7
nerdish	1.1
nerds	3.4
nerdy	3.2
nereid	1.4
nereides	0.0
nereids	1.4
nereis	1.5
neritic	1.2
nerol	0.0
neroli	1.8
nerolis	0.0
nerols	0.0
nerts	0.0
nertz	0.0
nervate	0.0
nerve	4.2
nerved	1.6
nerves	4.0
nervier	0.0
nerviest	0.0
nervily	0.0
nervine	1.2
nervines	0.0
nerving	1.1
nervings	0.0
nervous	4.4
nervule	0.0
nervules	0.0
nervure	1.1
nervures	1.0
nervy	2.2
nescient	0.0
ness	3.6
nesses	1.3
nest	4.1
nestable	0.0
nested	3.0
nester	2.0
nesters	2.1
nesting	3.4
nestle	3.0
nestled	3.0
nestler	1.2
nestlers	0.0
nestles	2.0
nestlike	0.0
nestling	2.4
nestor	2.9
nestors	0.0
nests	3.4
net	4.8
nether	2.9
netless	0.0
netlike	0.0
netop	0.0
netops	0.0
nets	3.8
netsuke	1.7
netsukes	0.0
nett	2.4
nettable	0.0
netted	3.1
netter	2.2
netters	1.4
nettier	0.0
nettiest	0.0
netting	3.2
nettings	0.0
nettle	2.7
nettled	1.2
nettler	0.0
nettlers	0.0
nettles	2.7
nettlier	0.0
nettling	0.0
nettly	0.0
netts	0.0
netty	1.7
network	5.0
networks	4.5
neuk	1.6
neuks	0.0
neum	1.1
neumatic	0.0
neume	0.0
neumes	1.1
neumic	0.0
neums	0.0
neural	3.8
neurally	1.4
neuraxon	0.0
neurine	0.0
neurines	0.0
neuritic	1.2
neuritis	1.9
neuroid	0.0
neuroma	1.9
neuromas	1.2
neuron	3.2
neuronal	3.1
neurone	2.2
neurones	1.7
neuronic	0.0
neurons	3.7
neurosal	0.0
neuroses	2.3
neurosis	2.6
neurotic	3.1
neurula	0.0
neurulae	0.0
neurulas	0.0
neuston	0.0
neustons	0.0
neuter	2.9
neutered	2.8
neuters	1.8
neutral	4.2
neutrals	2.8
neutrino	2.8
neutron	3.4
neutrons	3.0
neve	2.8
never	5.9
neves	2.5
nevi	1.9
nevoid	0.0
nevus	1.9
new	6.2
newborn	3.8
newborns	3.1
newcomer	3.4
newel	1.9
newels	1.2
newer	3.9
newest	4.0
newfound	3.1
newie	0.0
newies	0.0
newish	2.2
newly	4.4
newlywed	2.6
newmown	0.0
newness	2.6
news	5.4
newsboy	2.1
newsboys	2.1
newscast	2.7
newshawk	0.0
newsie	1.2
newsier	0.0
newsies	2.0
newsiest	0.0
newsless	0.0
newsman	2.4
newsmen	2.1
newspeak	2.0
newsreel	2.6
newsroom	3.1
newsy	1.9
newt	3.2
newton	3.9
newtons	2.3
newts	2.2
next	5.7
nextdoor	2.3
nexus	3.6
nexuses	1.1
ngultrum	0.0
ngwee	0.0
niacin	2.5
niacins	0.0
nib	3.1
nibbed	1.2
nibbing	0.0
nibble	2.9
nibbled	2.3
nibbler	1.8
nibblers	1.2
nibbles	2.6
nibbling	2.6
niblick	1.2
niblicks	0.0
niblike	0.0
nibs	2.5
nicad	1.3
nicads	0.0
nice	5.4
nicely	4.1
niceness	2.4
nicer	3.6
nicest	3.5
niceties	2.5
nicety	1.7
niche	3.9
niched	1.3
niches	3.0
niching	0.0
nick	4.6
nicked	2.7
nickel	3.8
nickeled	1.1
nickelic	0.0
nickels	2.8
nicker	1.5
nickered	0.0
nickers	1.4
nicking	2.2
nickle	2.2
nickled	0.0
nickles	1.9
nickling	0.0
nicknack	0.0
nickname	3.9
nicks	3.1
nicol	2.8
nicols	1.7
nicotin	0.0
nicotine	3.5
nicotins	0.0
nictate	0.0
nictated	0.0
nictates	0.0
nidal	2.1
nide	0.0
nided	0.0
nidering	0.0
nides	0.0
nidget	0.0
nidgets	0.0
nidi	0.0
nidified	0.0
nidifies	0.0
nidify	0.0
niding	0.0
nidus	1.8
niduses	0.0
niece	3.8
nieces	3.1
nielli	0.0
niellist	0.0
niello	1.6
nielloed	0.0
niellos	0.0
nieve	1.9
nieves	2.3
niffer	0.0
niffered	0.0
niffers	0.0
niftier	0.0
nifties	0.0
niftiest	0.0
niftily	0.0
nifty	3.2
niggard	1.4
niggards	0.0
nigger	3.4
niggers	3.0
niggle	2.0
niggled	1.3
niggler	0.0
nigglers	0.0
niggles	1.9
niggling	2.3
nigh	3.2
nighed	0.0
nigher	0.0
nighest	0.0
nighing	0.0
nighness	0.0
nighs	0.0
night	5.6
nightcap	2.4
nightie	2.1
nighties	1.7
nightjar	2.0
nightly	3.5
nights	4.5
nighty	2.4
nigrify	0.0
nigrosin	0.0
nihil	2.2
nihilism	2.7
nihilist	2.4
nihility	0.0
nihils	0.0
nil	3.3
nilgai	1.2
nilgais	0.0
nilgau	0.0
nilgaus	0.0
nilghai	0.0
nilghais	0.0
nilghau	0.0
nilghaus	0.0
nill	2.0
nilled	0.0
nilling	0.0
nills	0.0
nils	2.8
nim	2.8
nimbi	0.0
nimble	3.1
nimbler	1.4
nimblest	0.0
nimbly	2.2
nimbus	2.6
nimbused	0.0
nimbuses	0.0
nimiety	0.0
nimious	0.0
nimmed	0.0
nimming	0.0
nimrod	2.6
nimrods	1.6
nims	2.1
nine	4.9
ninebark	0.0
ninefold	1.5
ninepin	0.0
ninepins	1.3
nines	2.8
nineteen	3.6
nineties	3.1
ninety	3.7
ninja	3.9
ninjas	3.0
ninnies	1.5
ninny	1.9
ninnyish	0.0
ninon	1.8
ninons	0.0
ninth	4.1
ninthly	0.0
ninths	1.3
niobate	1.4
niobates	0.0
niobic	0.0
niobium	2.3
niobiums	0.0
niobous	0.0
nip	3.3
nipa	1.9
nipas	0.0
nipped	2.6
nipper	2.3
nippers	2.1
nippier	0.0
nippiest	0.0
nippily	0.0
nipping	2.6
nipple	3.5
nippled	1.3
nipples	3.6
nippy	2.4
nips	2.8
nirvana	3.4
nirvanas	0.0
nirvanic	0.0
nisei	2.1
niseis	0.0
nisi	2.4
nisus	1.8
nit	3.1
nitchie	0.0
nitchies	0.0
nite	3.0
niter	1.4
niterie	0.0
niteries	0.0
niters	0.0
nitery	0.0
nites	1.6
nitid	0.0
nitinol	1.6
nitinols	0.0
niton	1.3
nitons	0.0
nitpick	2.1
nitpicks	1.3
nitpicky	1.7
nitrate	3.2
nitrated	1.4
nitrates	2.7
nitrator	0.0
nitre	1.5
nitres	0.0
nitric	3.0
nitrid	0.0
nitride	2.6
nitrided	0.0
nitrides	1.6
nitrids	0.0
nitrify	0.0
nitril	0.0
nitrile	2.3
nitriles	1.7
nitrils	0.0
nitrite	2.6
nitrites	2.1
nitro	3.2
nitrogen	3.8
nitrolic	0.0
nitros	1.2
nitroso	1.4
nitrosyl	1.2
nitrous	3.0
nits	2.4
nittier	0.0
nittiest	0.0
nitty	2.7
nitwit	2.1
nitwits	1.9
nival	1.2
niveous	0.0
nix	3.0
nixe	0.0
nixed	2.3
nixes	1.7
nixie	1.9
nixies	0.0
nixing	1.8
nixy	0.0
nizam	2.5
nizamate	0.0
nizams	1.1
nob	2.6
nobbier	0.0
nobbiest	0.0
nobbily	0.0
nobble	1.3
nobbled	1.3
nobbler	0.0
nobblers	0.0
nobbles	0.0
nobbling	0.0
nobby	2.2
nobelium	0.0
nobility	3.5
noble	4.2
nobleman	3.0
noblemen	2.7
nobler	2.3
nobles	3.4
noblesse	2.3
noblest	2.5
nobly	2.4
nobodies	2.6
nobody	5.0
nobs	2.0
nocent	0.0
nock	2.3
nocked	1.2
nocking	0.0
nocks	1.2
noctuid	1.2
noctuids	0.0
noctule	0.0
noctules	0.0
noctuoid	0.0
nocturn	1.3
nocturne	2.6
nocturns	0.0
nocuous	0.0
nod	3.7
nodal	2.5
nodality	0.0
nodally	0.0
nodded	3.4
nodder	1.3
nodders	0.0
noddies	1.2
nodding	3.2
noddle	1.5
noddled	0.0
noddles	1.2
noddling	0.0
noddy	2.2
node	3.9
nodes	3.8
nodi	1.0
nodical	0.0
nodose	1.2
nodosity	0.0
nodous	0.0
nods	3.3
nodular	2.1
nodule	2.3
nodules	2.7
nodulose	1.1
nodulous	0.0
nodus	1.3
noel	3.6
noels	1.4
noes	2.4
noesis	1.5
noesises	0.0
noetic	1.8
nog	2.6
nogg	0.0
nogged	0.0
noggin	2.5
nogging	0.0
noggings	0.0
noggins	1.5
noggs	1.2
nogs	1.4
noh	2.7
nohow	1.4
noil	1.4
noils	0.0
noily	0.0
noir	3.5
noirish	1.6
noirs	2.1
noise	4.5
noised	1.1
noises	3.8
noisette	1.7
noisier	2.2
noisiest	2.0
noisily	2.5
noising	0.0
noisome	1.7
noisy	3.7
nolo	2.0
nolos	0.0
nom	3.2
noma	2.5
nomad	3.1
nomadic	3.1
nomadism	1.6
nomads	3.0
nomarch	0.0
nomarchs	0.0
nomarchy	0.0
nomas	1.3
nombles	0.0
nombril	0.0
nombrils	0.0
nome	2.7
nomen	2.2
nomes	1.6
nomina	1.9
nominal	3.6
nominals	1.8
nominate	3.6
nominee	4.0
nominees	3.7
nomism	0.0
nomisms	0.0
nomistic	0.0
nomogram	1.2
nomoi	0.0
nomology	0.0
nomos	2.1
noms	2.5
nona	2.6
nonacid	0.0
nonacids	0.0
nonactor	0.0
nonadult	0.0
nonage	0.0
nonages	0.0
nonagon	1.5
nonagons	0.0
nonart	0.0
nonarts	0.0
nonas	0.0
nonbank	1.7
nonbanks	1.0
nonbasic	1.2
nonbeing	1.0
nonblack	1.5
nonbody	0.0
nonbook	0.0
nonbooks	0.0
nonbrand	0.0
noncash	1.7
nonce	2.4
nonces	1.7
nonclass	0.0
noncling	0.0
noncola	0.0
noncolor	0.0
noncom	1.1
noncoms	1.0
noncrime	0.0
nondairy	1.5
nondance	0.0
nondrug	0.0
none	4.9
nonego	0.0
nonegos	0.0
nonelect	0.0
nonelite	0.0
nonempty	2.0
nonentry	0.0
nonequal	0.0
nones	1.8
nonesuch	1.9
nonet	1.4
nonets	0.0
nonevent	1.2
nonfact	0.0
nonfacts	0.0
nonfan	0.0
nonfans	0.0
nonfarm	2.2
nonfat	2.3
nonfatal	1.9
nonfatty	0.0
nonfinal	0.0
nonfluid	0.0
nonfocal	0.0
nonfood	1.3
nonfuel	0.0
nongame	1.2
nongay	0.0
nongays	0.0
nonglare	0.0
nongreen	0.0
nonguest	0.0
nonguilt	0.0
nonhardy	0.0
nonheme	0.0
nonhero	0.0
nonhome	0.0
nonhuman	2.5
nonideal	1.1
nonimage	0.0
nonionic	2.0
noniron	0.0
nonissue	1.5
nonjuror	0.0
nonjury	0.0
nonlabor	0.0
nonleafy	0.0
nonlegal	0.0
nonlife	1.0
nonlives	0.0
nonlocal	1.8
nonmajor	0.0
nonman	0.0
nonmeat	0.0
nonmen	0.0
nonmetal	1.5
nonmetro	0.0
nonmodal	0.0
nonmoney	0.0
nonmoral	0.0
nonmusic	0.0
nonnaval	0.0
nonnews	0.0
nonnovel	0.0
nonobese	0.0
nonohmic	0.0
nonoily	0.0
nonowner	0.0
nonpagan	0.0
nonpaid	0.0
nonpapal	0.0
nonpar	0.0
nonparty	0.0
nonpast	0.0
nonpasts	0.0
nonpeak	0.0
nonplay	0.0
nonplays	0.0
nonplus	0.0
nonpoint	1.8
nonpolar	1.9
nonpoor	0.0
nonprint	0.0
nonpros	0.0
nonquota	0.0
nonrated	0.0
nonrigid	0.0
nonrival	0.0
nonroyal	0.0
nonrural	0.0
nonself	0.0
nonsense	4.2
nonsked	0.0
nonskeds	0.0
nonskid	1.2
nonskier	0.0
nonslip	1.3
nonsolar	0.0
nonsolid	0.0
nonstick	2.3
nonstop	3.4
nonstory	0.0
nonstyle	0.0
nonsuch	1.7
nonsugar	0.0
nonsuit	1.0
nonsuits	0.0
nontax	1.2
nontaxes	0.0
nontidal	0.0
nontitle	0.0
nontonal	0.0
nontoxic	2.3
nontrump	0.0
nontruth	0.0
nonunion	2.0
nonuple	0.0
nonuples	0.0
nonurban	0.0
nonuse	1.1
nonuser	0.0
nonusers	1.4
nonuses	0.0
nonusing	0.0
nonvalid	0.0
nonviral	1.1
nonvocal	0.0
nonvoter	0.0
nonwar	0.0
nonwars	0.0
nonwhite	2.4
nonwoody	0.0
nonword	0.0
nonwords	0.0
nonwork	0.0
nonwoven	1.9
nonyl	0.0
nonyls	0.0
nonzero	2.5
noo	2.7
noodge	0.0
noodged	0.0
noodges	0.0
noodging	0.0
noodle	3.4
noodled	1.0
noodles	3.7
noodling	2.0
nook	3.2
nookies	0.0
nooklike	0.0
nooks	2.6
nooky	1.1
noon	4.1
noonday	2.1
noondays	0.0
nooning	0.0
noonings	0.0
noons	1.7
noontide	1.3
noontime	2.1
noose	3.0
noosed	0.0
nooser	0.0
noosers	0.0
nooses	1.9
noosing	0.0
nopal	1.7
nopals	0.0
nope	4.3
nor	4.8
nordic	3.5
nori	2.6
noria	1.6
norias	0.0
noris	1.5
norite	0.0
norites	0.0
noritic	0.0
norland	2.2
norlands	0.0
norm	3.9
normal	5.0
normalcy	2.8
normally	4.6
normals	2.6
normande	1.2
normed	1.9
normless	0.0
norms	3.8
north	5.3
norther	2.1
northern	4.8
northers	0.0
northing	1.2
norths	2.1
nos	3.5
nose	4.5
nosebag	0.0
nosebags	0.0
noseband	1.4
nosed	3.1
nosedive	2.4
nosegay	1.4
nosegays	1.0
noseless	1.2
noselike	0.0
noses	3.5
nosey	2.5
nosh	2.2
noshed	0.0
nosher	0.0
noshers	0.0
noshes	0.0
noshing	1.6
nosier	0.0
nosiest	0.0
nosily	0.0
nosiness	1.4
nosing	2.3
nosings	0.0
nosology	1.2
nostoc	1.4
nostocs	0.0
nostril	2.8
nostrils	3.1
nostrum	2.3
nostrums	1.6
nosy	2.9
not	6.7
nota	2.5
notable	4.1
notables	2.6
notably	4.0
notal	0.0
notarial	1.9
notaries	2.4
notarize	1.5
notary	3.1
notate	1.7
notated	2.1
notates	0.0
notating	1.3
notation	3.5
notch	3.8
notched	3.0
notcher	0.0
notchers	0.0
notches	2.9
notching	2.4
note	5.0
notebook	3.7
notecase	0.0
noted	4.7
notedly	0.0
noteless	0.0
notepad	2.9
notepads	2.0
noter	1.3
noters	0.0
notes	4.8
nother	2.6
nothing	5.5
nothings	2.8
notice	4.9
noticed	4.6
noticer	0.0
noticers	0.0
notices	3.9
noticing	3.6
notified	3.8
notifier	1.7
notifies	2.7
notify	3.7
noting	4.0
notion	4.2
notional	2.6
notions	3.5
notornis	0.0
notturni	0.0
notturno	1.2
notum	1.2
nougat	2.6
nougats	0.0
nought	2.5
noughts	1.9
noumena	1.2
noumenal	1.3
noumenon	1.5
noun	3.6
nounal	0.0
nounally	0.0
nounless	0.0
nouns	3.3
nourish	2.9
nous	3.0
nouses	0.0
nouveau	3.1
nouvelle	2.7
nova	3.9
novae	2.0
novalike	0.0
novas	2.1
novation	2.0
novel	4.6
novelise	0.0
novelist	3.6
novelize	0.0
novella	3.1
novellas	2.5
novelle	1.5
novelly	0.0
novels	4.1
novelty	3.7
novena	2.1
novenae	0.0
novenas	1.4
novercal	0.0
novice	3.4
novices	2.9
now	6.2
nowadays	4.1
noway	1.9
noways	0.0
nowhere	4.4
nowheres	1.1
nowise	1.3
nowness	1.3
nows	2.0
nowt	2.4
nowts	0.0
noxious	2.9
noyade	0.0
noyades	0.0
nozzle	3.2
nozzles	2.8
nth	2.9
nuance	3.1
nuanced	3.3
nuances	3.2
nub	2.5
nubbier	0.0
nubbiest	0.0
nubbin	1.5
nubbins	1.4
nubble	0.0
nubbles	0.0
nubblier	0.0
nubbly	1.0
nubby	1.6
nubia	2.5
nubias	0.0
nubile	2.2
nubility	0.0
nubilose	0.0
nubilous	0.0
nubs	2.0
nucellar	0.0
nucelli	0.0
nucellus	0.0
nucha	0.0
nuchae	0.0
nuchal	2.0
nuchals	0.0
nucleal	0.0
nuclear	4.7
nuclease	2.0
nucleate	1.6
nuclei	3.2
nuclein	0.0
nucleins	0.0
nucleoid	1.3
nucleole	0.0
nucleoli	1.3
nucleon	2.1
nucleons	1.9
nucleus	3.6
nuclide	1.9
nuclides	2.2
nuclidic	0.0
nude	4.0
nudely	0.0
nudeness	0.0
nuder	0.0
nudes	3.2
nudest	0.0
nudge	3.2
nudged	2.7
nudger	0.0
nudgers	0.0
nudges	2.4
nudging	2.6
nudicaul	0.0
nudie	2.2
nudies	1.5
nudism	2.0
nudisms	0.0
nudist	2.8
nudists	2.2
nudities	0.0
nudity	3.4
nudnick	0.0
nudnicks	0.0
nudnik	0.0
nudniks	0.0
nudzh	0.0
nudzhed	0.0
nudzhes	0.0
nudzhing	0.0
nugatory	1.4
nugget	3.2
nuggets	3.5
nuggety	1.1
nuisance	3.5
nuke	3.3
nuked	2.4
nukes	3.1
nuking	2.0
null	3.7
nullah	1.9
nullahs	1.0
nulled	1.7
nullify	2.9
nulling	1.2
nullity	2.0
nulls	1.9
numb	3.5
numbat	1.1
numbats	0.0
numbed	2.5
number	5.6
numbered	3.8
numberer	0.0
numbers	5.0
numbest	0.0
numbfish	0.0
numbing	2.9
numbles	0.0
numbly	1.5
numbness	2.9
numbs	2.1
numen	1.6
numeracy	2.6
numeral	2.8
numerals	3.0
numerary	1.1
numerate	1.5
numeric	3.0
numerics	1.5
numerous	4.7
numina	1.1
numinous	2.0
nummary	0.0
nummular	0.0
numskull	1.3
nun	3.6
nunatak	1.3
nunataks	1.1
nunchaku	1.7
nuncio	2.3
nuncios	1.2
nuncle	1.2
nuncles	0.0
nunlike	0.0
nunnery	2.5
nunnish	0.0
nuns	3.5
nuptial	2.6
nuptials	2.5
nurd	0.0
nurds	0.0
nurl	0.0
nurled	0.0
nurling	0.0
nurls	0.0
nurse	4.4
nursed	2.9
nurser	1.1
nursers	0.0
nursery	3.9
nurses	4.1
nursing	4.3
nursings	0.0
nursling	1.2
nurtural	0.0
nurture	3.3
nurtured	3.1
nurturer	1.7
nurtures	2.3
nus	2.8
nut	4.0
nutant	0.0
nutate	0.0
nutated	0.0
nutates	0.0
nutating	0.0
nutation	1.5
nutbrown	1.2
nutcase	2.5
nutcases	1.9
nutgall	0.0
nutgalls	0.0
nutgrass	0.0
nuthatch	2.0
nuthouse	1.6
nutlet	0.0
nutlets	1.1
nutlike	0.0
nutmeat	0.0
nutmeats	0.0
nutmeg	3.0
nutmegs	1.9
nutpick	0.0
nutpicks	0.0
nutria	1.8
nutrias	0.0
nutrient	3.5
nuts	4.3
nutsedge	1.0
nutshell	3.4
nutsier	0.0
nutsiest	0.0
nutsy	1.2
nutted	2.1
nutter	2.8
nutters	2.3
nuttier	1.8
nuttiest	1.4
nuttily	0.0
nutting	2.5
nuttings	0.0
nutty	3.2
nutwood	0.0
nutwoods	0.0
nuzzle	2.2
nuzzled	2.0
nuzzler	0.0
nuzzlers	0.0
nuzzles	1.9
nuzzling	2.1
nyala	1.6
nyalas	0.0
nylghai	0.0
nylghais	0.0
nylghau	0.0
nylghaus	0.0
nylon	3.4
nylons	2.5
nymph	2.9
nympha	1.1
nymphae	0.0
nymphal	1.6
nymphean	0.0
nymphet	1.4
nymphets	1.1
nympho	2.2
nymphos	1.4
nymphs	2.8
nystatin	1.5
oaf	2.2
oafish	1.7
oafishly	0.0
oafs	1.4
oak	4.2
oaken	1.9
oaklike	0.0
oakmoss	1.5
oaks	3.6
oakum	1.5
oakums	0.0
oar	2.9
oared	1.6
oarfish	1.9
oaring	0.0
oarless	0.0
oarlike	0.0
oarlock	0.0
oarlocks	0.0
oars	3.0
oarsman	1.7
oarsmen	2.0
oases	2.4
oasis	3.6
oast	1.7
oasts	0.0
oat	2.9
oatcake	1.4
oatcakes	1.7
oaten	1.6
oater	0.0
oaters	0.0
oath	4.0
oaths	2.9
oatlike	0.0
oatmeal	3.4
oatmeals	0.0
oats	3.4
oaves	0.0
obconic	0.0
obduracy	1.4
obdurate	2.0
obe	3.0
obeah	1.8
obeahism	0.0
obeahs	0.0
obedient	3.2
obeisant	0.0
obeli	0.0
obelia	0.0
obelias	0.0
obelise	0.0
obelised	0.0
obelises	0.0
obelisk	2.8
obelisks	2.2
obelism	0.0
obelisms	0.0
obelize	0.0
obelized	0.0
obelizes	0.0
obelus	1.3
obes	1.8
obese	3.7
obesely	0.0
obesity	3.8
obey	3.8
obeyable	0.0
obeyed	3.0
obeyer	0.0
obeyers	0.0
obeying	3.0
obeys	2.7
obi	3.4
obia	0.0
obias	0.0
obiism	0.0
obiisms	0.0
obis	1.3
obit	2.4
obits	2.0
obituary	3.4
object	4.6
objected	3.5
objector	2.5
objects	4.5
objet	2.0
objets	2.0
oblast	2.6
oblasti	0.0
oblasts	1.8
oblate	2.2
oblately	0.0
oblates	1.6
oblation	2.0
oblatory	0.0
obligate	2.6
obligati	0.0
obligato	1.1
oblige	3.1
obliged	3.8
obligee	1.6
obligees	0.0
obliger	0.0
obligers	0.0
obliges	2.5
obliging	2.6
obligor	1.8
obligors	1.4
oblique	3.2
obliqued	0.0
obliques	1.9
oblivion	3.3
oblong	2.9
oblongly	0.0
oblongs	1.4
obloquy	1.3
oboe	2.7
oboes	1.9
oboist	1.7
oboists	0.0
obol	1.3
obole	0.0
oboles	0.0
oboli	1.2
obols	1.1
obolus	0.0
obovate	2.0
obovoid	1.3
obscene	3.5
obscener	0.0
obscure	3.9
obscured	3.2
obscurer	0.0
obscures	2.6
obsequy	0.0
observe	4.1
observed	4.4
observer	3.9
observes	3.3
obsess	2.9
obsessed	4.1
obsesses	2.1
obsessor	0.0
obsidian	3.0
obsolete	3.6
obstacle	3.7
obstruct	3.1
obtain	4.4
obtained	4.5
obtainer	0.0
obtains	3.0
obtect	0.0
obtected	0.0
obtest	0.0
obtested	0.0
obtests	0.0
obtrude	1.0
obtruded	0.0
obtruder	0.0
obtrudes	0.0
obtund	0.0
obtunded	1.0
obtunds	0.0
obturate	0.0
obtuse	3.0
obtusely	1.8
obtuser	0.0
obtusest	0.0
obtusity	0.0
obverse	2.6
obverses	0.0
obvert	0.0
obverted	0.0
obverts	0.0
obviable	0.0
obviate	2.1
obviated	1.8
obviates	1.8
obviator	0.0
obvious	4.6
obvolute	0.0
oca	2.4
ocarina	2.5
ocarinas	1.1
ocas	1.2
occasion	4.4
occident	2.1
occipita	0.0
occiput	1.7
occiputs	0.0
occlude	1.8
occluded	2.2
occludes	1.4
occlusal	2.1
occult	3.3
occulted	1.4
occulter	0.0
occultly	0.0
occults	1.1
occupant	3.1
occupied	4.3
occupier	2.6
occupies	3.5
occupy	3.9
occur	4.5
occurred	4.6
occurs	4.3
ocean	4.7
oceanaut	0.0
oceanic	3.4
oceans	3.8
ocellar	1.1
ocellate	0.0
ocelli	2.0
ocellus	1.6
oceloid	0.0
ocelot	2.3
ocelots	1.7
ocher	2.0
ochered	0.0
ochering	0.0
ocherous	1.2
ochers	0.0
ochery	0.0
ochone	0.0
ochre	2.7
ochrea	0.0
ochreae	0.0
ochred	0.0
ochreous	2.1
ochres	1.4
ochring	0.0
ochroid	0.0
ochrous	0.0
ochry	0.0
ocker	1.8
ockers	0.0
ocotillo	1.6
ocrea	0.0
ocreae	0.0
ocreate	0.0
octad	0.0
octadic	0.0
octads	0.0
octagon	2.9
octagons	1.5
octal	2.1
octan	1.1
octane	3.1
octanes	0.0
octangle	0.0
octanol	1.4
octanols	0.0
octans	0.0
octant	1.5
octantal	0.0
octants	1.1
octarchy	0.0
octaval	0.0
octave	3.1
octaves	2.6
octavo	2.3
octavos	0.0
octet	2.2
octets	1.7
octette	0.0
octettes	0.0
octonary	0.0
octopi	1.9
octopod	1.2
octopods	0.0
octopus	3.5
octoroon	1.3
octroi	1.4
octrois	0.0
octuple	1.5
octupled	0.0
octuples	0.0
octuplet	0.0
octuplex	0.0
octuply	0.0
octyl	1.5
octyls	0.0
ocular	2.9
ocularly	0.0
oculars	1.0
oculi	1.7
oculist	1.6
oculists	0.0
oculus	3.2
odalisk	0.0
odalisks	0.0
odd	4.4
oddball	2.8
oddballs	2.1
odder	2.1
oddest	2.6
oddish	1.6
oddities	2.7
oddity	2.8
oddly	3.6
oddment	0.0
oddments	1.4
oddness	1.9
odds	4.3
ode	3.3
odea	0.0
odeon	2.6
odeons	0.0
odes	2.5
odeum	1.1
odeums	0.0
odic	0.0
odious	2.8
odiously	1.0
odist	0.0
odists	0.0
odium	2.0
odiums	0.0
odograph	0.0
odometer	2.5
odometry	1.1
odonate	0.0
odonates	0.0
odontoid	1.1
odor	3.5
odorant	1.9
odorants	1.6
odored	0.0
odorful	0.0
odorize	0.0
odorized	0.0
odorizes	0.0
odorless	2.5
odorous	2.0
odors	3.0
odour	3.0
odourful	0.0
odours	2.5
ods	2.5
odyl	0.0
odyle	0.0
odyles	0.0
odyls	0.0
odyssey	3.5
odysseys	1.7
oecology	0.0
oedema	2.2
oedemas	0.0
oedemata	0.0
oedipal	2.1
oedipean	0.0
oeillade	0.0
oenology	1.5
oenomel	0.0
oenomels	0.0
oersted	1.4
oersteds	0.0
oes	2.2
oestrin	0.0
oestrins	0.0
oestriol	0.0
oestrone	0.0
oestrous	0.0
oestrum	0.0
oestrums	0.0
oestrus	1.6
oeuvre	2.8
oeuvres	2.6
ofay	0.0
ofays	0.0
off	5.9
offal	2.5
offals	0.0
offbeat	2.8
offbeats	0.0
offcast	0.0
offcasts	0.0
offcut	0.0
offcuts	1.6
offed	2.1
offence	4.0
offences	3.6
offend	3.6
offended	3.9
offender	3.7
offends	3.0
offense	4.3
offenses	3.6
offer	5.0
offered	4.9
offerer	1.4
offerers	0.0
offering	4.6
offeror	1.9
offerors	1.4
offers	4.7
offhand	2.6
office	5.4
officer	5.0
officers	4.9
offices	4.5
official	5.1
offing	2.6
offings	0.0
offish	2.0
offishly	0.0
offkey	0.0
offload	2.8
offloads	1.8
offprint	1.3
offramp	1.7
offramps	0.0
offs	3.7
offset	4.0
offsets	2.9
offshoot	3.0
offshore	3.9
offside	3.2
offsides	2.1
offstage	2.6
offtrack	1.1
oft	3.2
often	5.4
oftener	1.6
oftenest	0.0
ofter	1.5
oftest	0.0
ofttimes	1.6
ogam	1.1
ogams	0.0
ogdoad	1.1
ogdoads	0.0
ogee	1.9
ogees	0.0
ogham	1.6
oghamic	0.0
oghamist	0.0
oghams	0.0
ogival	1.3
ogive	1.6
ogives	0.0
ogle	2.7
ogled	1.9
ogler	0.0
oglers	0.0
ogles	1.5
ogling	2.3
ogre	3.1
ogreish	0.0
ogreism	0.0
ogreisms	0.0
ogres	2.5
ogress	1.4
ogresses	0.0
ogrish	0.0
ogrishly	0.0
ogrism	0.0
ogrisms	0.0
ohed	0.0
ohia	1.4
ohias	0.0
ohing	0.0
ohm	3.0
ohmage	0.0
ohmages	0.0
ohmic	1.9
ohmmeter	1.3
ohms	2.6
oho	2.2
ohs	2.4
oidia	0.0
oidium	1.1
oil	5.1
oilbird	0.0
oilbirds	0.0
oilcamp	0.0
oilcamps	0.0
oilcan	0.0
oilcans	0.0
oilcloth	1.6
oilcup	0.0
oilcups	0.0
oiled	3.1
oiler	2.4
oilers	3.3
oilhole	0.0
oilholes	0.0
oilier	1.6
oiliest	0.0
oilily	0.0
oiliness	1.7
oiling	2.3
oilman	2.2
oilmen	1.7
oilpaper	0.0
oilproof	0.0
oils	3.9
oilseed	2.1
oilseeds	2.1
oilskin	1.4
oilskins	1.1
oilstone	0.0
oiltight	0.0
oilway	0.0
oilways	0.0
oily	3.4
oink	2.3
oinked	0.0
oinking	1.2
oinks	1.1
oinology	0.0
oinomel	0.0
oinomels	0.0
ointment	3.0
oiticica	1.1
oka	2.6
okapi	1.9
okapis	1.0
okas	0.0
okay	5.1
okayed	2.0
okaying	1.2
okays	1.7
oke	2.5
okeh	1.8
okehs	0.0
okes	1.6
okeydoke	0.0
okra	2.6
okras	0.0
old	5.8
olden	2.8
older	4.9
oldest	4.2
oldie	2.6
oldies	3.1
oldish	1.6
oldness	1.4
olds	4.0
oldsquaw	0.0
oldster	1.2
oldsters	1.7
oldstyle	1.3
oldwife	0.0
oldwives	0.0
oldy	1.4
ole	3.7
olea	1.8
oleander	2.2
oleaster	0.0
oleate	1.4
oleates	0.0
olefin	2.2
olefine	0.0
olefines	0.0
olefinic	0.0
olefins	1.9
oleic	2.2
olein	1.1
oleine	0.0
oleines	0.0
oleins	0.0
oleo	2.0
oleos	0.0
oles	1.8
oleum	1.8
oleums	0.0
olibanum	0.0
oligarch	2.7
oligomer	1.7
oliguria	1.1
olio	2.0
olios	0.0
olivary	1.2
olive	4.1
olives	3.4
olivine	2.4
olivines	0.0
olivinic	0.0
olla	2.0
ollas	1.0
ologies	1.1
ologist	1.3
ologists	0.0
ology	2.0
oloroso	1.6
olorosos	0.0
olympiad	2.6
omasa	0.0
omasum	0.0
omber	0.0
ombers	0.0
ombre	2.6
ombres	1.4
omega	3.8
omegas	1.8
omelet	2.6
omelets	2.2
omelette	2.9
omen	3.1
omened	1.2
omening	0.0
omens	2.8
omenta	0.0
omental	1.4
omentum	1.6
omentums	0.0
omer	2.9
omers	1.6
omicron	2.4
omicrons	0.0
omikron	0.0
omikrons	0.0
ominous	3.4
omission	3.3
omissive	0.0
omit	3.1
omits	2.7
omitted	3.5
omitter	0.0
omitters	0.0
omitting	2.9
omniarch	0.0
omnibus	3.1
omnific	0.0
omniform	0.0
omnimode	0.0
omnivora	0.0
omnivore	2.2
omophagy	0.0
omphali	0.0
omphalos	1.4
oms	2.4
onager	1.4
onagers	1.1
onagri	0.0
onanism	1.4
onanisms	0.0
onanist	0.0
onanists	0.0
onboard	3.5
once	5.5
oncidium	1.4
oncogene	2.3
oncology	3.4
oncoming	3.1
ondogram	0.0
one	6.5
onefold	0.0
oneiric	1.4
oneness	2.8
onerier	0.0
oneriest	0.0
onerous	2.9
onery	0.0
ones	5.1
oneself	3.5
onetime	2.6
ongoing	4.3
onion	3.9
onions	3.8
oniony	1.4
onium	1.1
onlooker	2.3
only	6.1
onrush	1.6
onrushes	0.0
ons	3.6
onset	3.7
onsets	1.7
onshore	3.0
onside	2.8
onstage	3.5
onstream	1.5
ontic	1.3
onto	4.8
ontogeny	1.9
ontology	2.9
onus	3.0
onuses	0.0
onward	3.5
onwards	3.6
onyx	3.0
onyxes	0.0
oocyst	1.2
oocysts	1.6
oocyte	2.2
oocytes	2.3
oodles	2.4
oodlins	0.0
oogamete	0.0
oogamies	0.0
oogamous	0.0
oogamy	0.0
oogenies	0.0
oogeny	0.0
oogonia	1.2
oogonial	0.0
oogonium	0.0
ooh	3.8
oohed	1.1
oohing	1.6
oohs	1.9
oolachan	0.0
oolite	1.6
oolites	0.0
oolith	0.0
ooliths	0.0
oolitic	1.6
oologic	0.0
oologies	0.0
oologist	0.0
oology	0.0
oolong	2.4
oolongs	1.2
oomiac	0.0
oomiack	0.0
oomiacks	0.0
oomiacs	0.0
oomiak	0.0
oomiaks	0.0
oompah	1.6
oompahed	0.0
oompahs	0.0
oomph	2.6
oomphs	0.0
oophyte	0.0
oophytes	0.0
oophytic	0.0
oops	3.7
oorali	0.0
ooralis	0.0
oorie	0.0
oosperm	0.0
oosperms	0.0
oosphere	0.0
oospore	0.0
oospores	1.2
oosporic	0.0
oot	2.7
ootheca	1.1
oothecae	0.0
oothecal	0.0
ootid	0.0
ootids	0.0
oots	1.2
ooze	2.8
oozed	2.3
oozes	2.6
oozier	0.0
ooziest	0.0
oozily	0.0
ooziness	0.0
oozing	2.9
oozy	1.8
opacify	0.0
opacity	2.8
opah	1.1
opahs	0.0
opal	3.2
opalesce	0.0
opaline	1.7
opalines	0.0
opals	2.3
opaque	3.4
opaqued	0.0
opaquely	1.3
opaquer	0.0
opaques	1.2
opaquest	0.0
opaquing	0.0
ope	2.6
oped	2.1
open	5.5
openable	1.5
opencast	2.1
opened	4.8
opener	3.9
openers	3.0
openest	0.0
opening	4.9
openings	3.7
openly	4.1
openness	3.4
opens	4.4
openwork	1.9
opera	4.3
operable	2.6
operably	1.2
operand	2.2
operands	2.1
operant	2.2
operants	0.0
operas	3.2
operate	4.5
operated	4.3
operates	4.1
operatic	2.9
operator	4.3
opercele	0.0
opercula	1.3
opercule	0.0
operetta	2.4
operon	2.1
operons	1.5
operose	0.0
opes	1.6
ophidian	1.6
ophite	0.0
ophites	0.0
ophitic	0.0
opiate	2.9
opiated	0.0
opiates	2.8
opiating	0.0
opine	2.3
opined	2.7
opines	2.5
oping	1.3
opining	2.1
opinion	4.9
opinions	4.4
opioid	3.3
opioids	3.0
opium	3.5
opiumism	0.0
opiums	0.0
opossum	2.5
opossums	2.2
oppidan	0.0
oppidans	0.0
oppilant	0.0
oppilate	0.0
opponent	4.2
oppose	3.9
opposed	4.5
opposer	1.6
opposers	1.7
opposes	3.4
opposing	4.0
opposite	4.6
oppress	2.9
oppugn	0.0
oppugned	0.0
oppugner	0.0
oppugns	0.0
ops	3.8
opsin	1.6
opsins	1.3
opsonic	0.0
opsonify	0.0
opsonin	0.0
opsonins	0.0
opsonize	0.0
opt	3.9
optative	1.7
opted	3.8
optic	3.6
optical	4.1
optician	2.4
opticist	0.0
optics	3.6
optima	2.5
optimal	3.9
optime	1.3
optimes	0.0
optimise	2.6
optimism	3.7
optimist	3.0
optimize	3.3
optimum	3.5
optimums	0.0
opting	3.3
option	4.8
optional	3.9
optioned	2.5
optionee	0.0
options	4.7
opts	2.7
opulence	2.7
opulency	0.0
opulent	2.9
opuntia	1.9
opuntias	0.0
opus	3.2
opuscula	1.4
opuscule	0.0
opuses	0.0
oquassa	0.0
oquassas	0.0
ora	3.1
orach	1.1
orache	0.0
oraches	0.0
oracle	3.7
oracles	2.6
oracular	1.9
orad	0.0
oral	4.3
oralism	0.0
oralisms	0.0
oralist	0.0
oralists	0.0
orality	1.7
orally	3.1
orals	1.7
orang	2.7
orange	4.6
orangery	2.0
oranges	3.5
orangey	2.0
orangier	0.0
orangish	1.5
orangs	1.0
orangy	1.2
orate	1.5
orated	1.0
orates	0.0
orating	1.1
oration	2.6
orations	2.1
orator	2.9
oratorio	2.5
orators	2.3
oratory	2.9
oratress	0.0
oratrix	0.0
orb	3.3
orbed	1.4
orbier	0.0
orbiest	0.0
orbing	0.0
orbit	4.0
orbital	3.6
orbitals	2.6
orbited	2.2
orbiter	2.9
orbiters	2.2
orbiting	3.3
orbits	3.3
orbs	2.8
orby	1.4
orc	3.0
orca	2.9
orcas	2.7
orcein	0.0
orceins	0.0
orchard	3.6
orchards	3.2
orchid	3.3
orchids	3.1
orchil	0.0
orchils	0.0
orchis	1.8
orchises	0.0
orchitic	0.0
orchitis	1.3
orcin	0.0
orcinol	0.0
orcinols	0.0
orcins	0.0
orcs	3.0
ordain	2.5
ordained	3.5
ordainer	0.0
ordains	1.8
ordeal	3.5
ordeals	2.4
order	5.5
ordered	4.7
orderer	1.1
orderers	0.0
ordering	4.0
orderly	3.4
orders	4.7
ordinal	2.7
ordinals	1.7
ordinand	0.0
ordinary	4.4
ordinate	2.9
ordines	1.3
ordnance	3.4
ordo	2.4
ordos	1.8
ordure	1.4
ordures	0.0
ore	4.1
oread	1.3
oreads	0.0
orectic	0.0
orective	0.0
oregano	2.8
oreganos	0.0
oreide	0.0
oreides	0.0
ores	3.0
orfray	0.0
orfrays	0.0
organ	4.1
organa	2.2
organdie	0.0
organdy	1.4
organic	4.4
organics	2.8
organise	3.5
organism	3.6
organist	2.9
organize	4.0
organon	1.7
organons	0.0
organs	4.0
organum	1.8
organums	0.0
organza	2.1
organzas	0.0
orgasm	3.7
orgasmic	2.6
orgasms	3.2
orgastic	1.1
orgeat	1.3
orgeats	0.0
orgiac	0.0
orgic	0.0
orgies	2.8
orgone	1.8
orgones	0.0
orgulous	0.0
orgy	3.2
oribatid	0.0
oribi	1.1
oribis	0.0
oriel	2.5
oriels	0.0
orient	3.4
oriental	3.7
oriented	4.1
orients	1.9
orifice	2.8
orifices	2.4
origami	2.9
origamis	0.0
origan	0.0
origans	0.0
origanum	1.4
origin	4.5
original	5.2
origins	4.0
orinasal	0.0
oriole	2.4
orioles	3.3
orison	1.7
orisons	1.3
orle	1.3
orles	0.0
orlop	1.1
orlops	0.0
ormer	1.2
ormers	0.0
ormolu	1.7
ormolus	0.0
ornament	3.3
ornate	3.2
ornately	2.0
ornerier	0.0
ornery	2.3
ornis	0.0
ornithes	0.0
ornithic	0.0
orogenic	2.0
orogeny	2.1
oroide	0.0
oroides	0.0
orology	0.0
orometer	0.0
orotund	1.2
orphan	3.6
orphaned	3.2
orphans	3.5
orphic	1.9
orphical	0.0
orphrey	0.0
orphreys	0.0
orpiment	1.2
orpin	0.0
orpine	0.0
orpines	0.0
orpins	0.0
orra	1.3
orreries	0.0
orrery	2.0
orrice	0.0
orrices	0.0
orris	1.8
orrises	0.0
ors	2.6
ort	2.4
orthicon	1.1
ortho	2.8
orthodox	3.9
orthoepy	0.0
orthoses	1.5
orthosis	1.5
orthotic	1.9
ortolan	1.7
ortolans	1.2
orts	1.4
oryx	2.5
oryxes	0.0
orzo	1.8
orzos	0.0
osar	0.0
oscine	0.0
oscines	0.0
oscinine	0.0
oscitant	0.0
oscula	1.1
osculant	0.0
oscular	0.0
osculate	0.0
oscule	0.0
oscules	0.0
osculum	1.0
ose	2.3
oses	2.1
osier	1.5
osiers	0.0
osmatic	0.0
osmic	0.0
osmics	0.0
osmious	0.0
osmium	2.0
osmiums	0.0
osmol	0.0
osmolal	0.0
osmolar	0.0
osmole	0.0
osmoles	0.0
osmols	0.0
osmose	1.5
osmosed	0.0
osmoses	0.0
osmosing	0.0
osmosis	2.8
osmotic	2.5
osmous	0.0
osmund	2.0
osmunda	1.4
osmundas	0.0
osmunds	0.0
osnaburg	0.0
osprey	2.9
ospreys	2.7
ossa	1.9
ossein	0.0
osseins	0.0
osseous	1.9
ossia	1.3
ossicle	0.0
ossicles	1.8
ossific	0.0
ossified	2.1
ossifier	0.0
ossifies	1.0
ossify	1.3
ossuary	1.9
osteal	0.0
osteitic	0.0
osteitis	1.6
osteoid	1.4
osteoids	0.0
osteoma	1.1
osteomas	0.0
osteoses	0.0
osteosis	0.0
ostia	2.3
ostiary	0.0
ostinato	1.8
ostiolar	0.0
ostiole	0.0
ostioles	0.0
ostium	1.5
ostler	1.8
ostlers	0.0
ostmark	0.0
ostmarks	0.0
ostomies	0.0
ostomy	2.0
ostoses	0.0
ostosis	0.0
ostraca	1.4
ostracod	1.5
ostracon	1.1
ostrich	3.0
otalgia	0.0
otalgias	0.0
otalgic	0.0
otalgies	0.0
otalgy	0.0
other	6.2
others	5.4
otic	1.9
otiose	1.3
otiosely	0.0
otiosity	0.0
otitic	0.0
otitides	0.0
otitis	2.2
otocyst	0.0
otocysts	0.0
otolith	1.5
otoliths	1.5
otology	1.6
otoscope	1.4
otoscopy	0.0
ototoxic	1.1
ottar	1.2
ottars	0.0
ottava	1.2
ottavas	0.0
otter	3.4
otters	3.1
otto	3.7
ottoman	3.6
ottomans	3.0
ottos	1.6
ouabain	1.5
ouabains	0.0
ouch	3.6
ouched	0.0
ouches	0.0
ouching	0.0
oud	2.4
ouds	0.0
ought	4.3
oughted	0.0
oughting	0.0
oughts	1.5
ouguiya	0.0
ouistiti	0.0
ounce	3.8
ounces	3.5
ouph	0.0
ouphe	0.0
ouphes	0.0
ouphs	0.0
our	6.1
ourang	1.1
ourangs	0.0
ourari	0.0
ouraris	0.0
ourebi	0.0
ourebis	0.0
ourie	0.0
ours	4.2
ourself	2.5
ousel	0.0
ousels	0.0
oust	2.9
ousted	3.2
ouster	2.7
ousters	0.0
ousting	2.6
ousts	1.8
out	6.4
outact	0.0
outacted	0.0
outacts	0.0
outadd	0.0
outadded	0.0
outadds	0.0
outage	3.3
outages	3.1
outargue	0.0
outask	0.0
outasked	0.0
outasks	0.0
outate	0.0
outback	3.2
outbacks	0.0
outbake	0.0
outbaked	0.0
outbakes	0.0
outbark	0.0
outbarks	0.0
outbawl	0.0
outbawls	0.0
outbeam	0.0
outbeams	0.0
outbeg	0.0
outbegs	0.0
outbid	2.6
outbids	1.2
outbitch	0.0
outblaze	0.0
outbleat	0.0
outbless	0.0
outbloom	0.0
outbluff	0.0
outblush	0.0
outboard	2.9
outboast	0.0
outbound	3.0
outbox	1.8
outboxed	1.5
outboxes	0.0
outbrag	0.0
outbrags	0.0
outbrave	0.0
outbrawl	0.0
outbreak	4.0
outbred	1.4
outbreed	1.0
outbribe	0.0
outbuild	0.0
outbuilt	0.0
outbulk	0.0
outbulks	0.0
outbully	0.0
outburn	0.0
outburns	0.0
outburnt	0.0
outburst	3.1
outbuy	0.0
outbuys	0.0
outby	0.0
outbye	0.0
outcaper	0.0
outcast	3.1
outcaste	1.3
outcasts	2.8
outcatch	0.0
outcavil	0.0
outcharm	0.0
outcheat	0.0
outchid	0.0
outchide	0.0
outclass	1.9
outclimb	0.0
outclomb	0.0
outcoach	0.0
outcome	4.3
outcomes	4.1
outcook	0.0
outcooks	0.0
outcount	0.0
outcrawl	0.0
outcried	0.0
outcries	1.9
outcrop	2.8
outcrops	2.8
outcross	1.2
outcrow	0.0
outcrows	0.0
outcry	3.2
outcurse	0.0
outcurve	0.0
outdance	0.0
outdare	0.0
outdared	0.0
outdares	0.0
outdate	1.1
outdated	3.7
outdates	0.0
outdid	2.4
outdo	2.7
outdodge	0.0
outdoer	0.0
outdoers	0.0
outdoes	1.8
outdoing	2.0
outdone	2.8
outdoor	4.2
outdoors	3.7
outdrag	0.0
outdrags	0.0
outdrank	0.0
outdraw	1.1
outdrawn	0.0
outdraws	0.0
outdream	0.0
outdress	0.0
outdrew	1.3
outdrink	1.3
outdrive	1.2
outdrop	0.0
outdrops	0.0
outdrove	0.0
outdrunk	0.0
outduel	0.0
outduels	0.0
outearn	0.0
outearns	0.0
outeat	0.0
outeaten	0.0
outeats	0.0
outecho	0.0
outed	2.9
outer	4.2
outers	1.8
outfable	0.0
outface	0.0
outfaced	0.0
outfaces	0.0
outfall	2.0
outfalls	1.5
outfast	0.0
outfasts	0.0
outfawn	0.0
outfawns	0.0
outfeast	0.0
outfeel	0.0
outfeels	0.0
outfelt	0.0
outfield	3.1
outfight	1.4
outfind	0.0
outfinds	0.0
outfire	0.0
outfired	0.0
outfires	0.0
outfish	0.0
outfit	4.2
outfits	3.8
outflank	2.2
outflew	0.0
outflies	0.0
outflow	3.0
outflown	0.0
outflows	2.6
outfly	0.0
outfool	0.0
outfools	0.0
outfoot	0.0
outfoots	0.0
outfound	0.0
outfox	1.7
outfoxed	1.7
outfoxes	0.0
outfrown	0.0
outgain	0.0
outgains	0.0
outgas	1.0
outgave	0.0
outgive	0.0
outgiven	0.0
outgives	0.0
outglare	0.0
outglow	0.0
outglows	0.0
outgnaw	0.0
outgnawn	0.0
outgnaws	0.0
outgo	1.3
outgoes	0.0
outgoing	3.6
outgone	0.0
outgrew	2.5
outgrin	0.0
outgrins	0.0
outgross	0.0
outgroup	2.2
outgrow	2.7
outgrown	2.8
outgrows	1.7
outguess	1.2
outguide	0.0
outgun	1.6
outguns	0.0
outgush	0.0
outhaul	0.0
outhauls	0.0
outhear	0.0
outheard	0.0
outhears	0.0
outhit	1.3
outhits	0.0
outhomer	0.0
outhouse	2.6
outhowl	0.0
outhowls	0.0
outhumor	0.0
outhunt	0.0
outhunts	0.0
outing	3.5
outings	3.1
outjinx	0.0
outjump	0.0
outjumps	0.0
outjut	0.0
outjuts	0.0
outkeep	0.0
outkeeps	0.0
outkept	0.0
outkick	0.0
outkicks	0.0
outkill	0.0
outkills	0.0
outkiss	0.0
outlaid	0.0
outlain	0.0
outland	2.3
outlands	1.9
outlast	2.8
outlasts	1.8
outlaugh	0.0
outlaw	3.5
outlawed	3.2
outlawry	1.5
outlaws	3.2
outlay	2.8
outlays	2.5
outleap	0.0
outleaps	0.0
outleapt	0.0
outlearn	0.0
outlet	4.0
outlets	4.0
outlie	0.0
outlier	2.9
outliers	2.8
outlies	0.0
outline	3.9
outlined	3.9
outliner	1.5
outlines	3.6
outlive	2.7
outlived	2.8
outliver	0.0
outlives	1.8
outlook	4.1
outlooks	2.5
outlove	0.0
outloved	0.0
outloves	0.0
outlying	3.1
outman	1.1
outmans	0.0
outmarch	0.0
outmatch	1.4
outmode	0.0
outmoded	2.5
outmodes	0.0
outmost	1.5
outmove	0.0
outmoved	0.0
outmoves	0.0
outpace	2.4
outpaced	2.4
outpaces	2.0
outpaint	0.0
outpass	0.0
outpitch	0.0
outpity	0.0
outplan	0.0
outplans	0.0
outplay	2.1
outplays	1.4
outplod	0.0
outplods	0.0
outplot	0.0
outplots	0.0
outpoint	1.2
outpoll	0.0
outpolls	0.0
outport	1.3
outports	1.1
outpost	3.4
outposts	3.0
outpour	1.5
outpours	0.0
outpower	0.0
outpray	0.0
outprays	0.0
outpreen	0.0
outpress	0.0
outprice	0.0
outpull	0.0
outpulls	0.0
outpunch	0.0
outpush	0.0
output	4.4
outputs	3.4
outquote	0.0
outrace	1.4
outraced	1.1
outraces	0.0
outrage	3.8
outraged	3.6
outrages	2.5
outraise	0.0
outran	2.1
outrance	1.1
outrang	0.0
outrange	0.0
outrank	2.0
outranks	2.0
outrate	0.0
outrated	0.0
outrates	0.0
outrave	0.0
outraved	0.0
outraves	0.0
outre	1.9
outreach	3.7
outread	0.0
outreads	0.0
outride	1.2
outrider	1.8
outrides	0.0
outright	3.8
outring	0.0
outrings	0.0
outrival	0.0
outroar	0.0
outroars	0.0
outrock	0.0
outrocks	0.0
outrode	0.0
outroll	0.0
outrolls	0.0
outroot	0.0
outroots	0.0
outrow	0.0
outrowed	0.0
outrows	0.0
outrun	3.0
outrung	0.0
outruns	1.7
outrush	0.0
outs	3.9
outsail	1.0
outsails	0.0
outsang	0.0
outsat	0.0
outsavor	0.0
outsaw	0.0
outscold	0.0
outscoop	0.0
outscore	2.1
outscorn	0.0
outsee	0.0
outseen	0.0
outsees	0.0
outsell	2.1
outsells	1.7
outsert	0.0
outserts	0.0
outserve	0.0
outset	3.4
outsets	0.0
outshame	0.0
outshine	2.5
outshone	2.1
outshoot	1.6
outshot	2.0
outshout	0.0
outside	5.2
outsider	3.5
outsides	2.1
outsight	0.0
outsin	0.0
outsing	0.0
outsings	0.0
outsins	0.0
outsit	0.0
outsits	0.0
outsize	2.0
outsized	2.4
outsizes	0.0
outskate	0.0
outskirt	1.6
outsleep	0.0
outslept	0.0
outslick	0.0
outsmart	2.7
outsmile	0.0
outsmoke	0.0
outsnore	0.0
outsoar	0.0
outsoars	0.0
outsold	2.4
outsole	1.7
outsoles	1.1
outspan	1.3
outspans	0.0
outspeak	0.0
outsped	0.0
outspeed	0.0
outspell	0.0
outspelt	0.0
outspend	1.8
outspent	2.0
outspoke	0.0
outstand	1.2
outstare	0.0
outstart	0.0
outstate	1.1
outstay	1.4
outstays	1.1
outsteer	0.0
outstood	0.0
outstrip	2.3
outstudy	0.0
outstunt	0.0
outsulk	0.0
outsulks	0.0
outsung	0.0
outswam	0.0
outsware	0.0
outswear	0.0
outswim	0.0
outswims	0.0
outswore	0.0
outsworn	0.0
outswum	0.0
outtake	2.3
outtakes	2.6
outtalk	0.0
outtalks	0.0
outtask	0.0
outtasks	0.0
outtell	0.0
outtells	0.0
outthank	0.0
outthink	1.4
outthrew	0.0
outthrob	0.0
outthrow	0.0
outtold	0.0
outtower	0.0
outtrade	0.0
outtrick	0.0
outtrot	0.0
outtrots	0.0
outtrump	0.0
outturn	1.6
outturns	0.0
outvalue	0.0
outvaunt	0.0
outvie	0.0
outvied	0.0
outvies	0.0
outvoice	0.0
outvote	1.6
outvoted	2.1
outvotes	0.0
outvying	0.0
outwait	0.0
outwaits	0.0
outwalk	0.0
outwalks	0.0
outwar	0.0
outward	3.5
outwards	3.0
outwars	0.0
outwash	1.8
outwaste	0.0
outwatch	0.0
outwear	1.8
outwears	0.0
outweary	0.0
outweep	0.0
outweeps	0.0
outweigh	3.3
outwent	0.0
outwept	0.0
outwhirl	0.0
outwile	0.0
outwiled	0.0
outwiles	0.0
outwill	0.0
outwills	0.0
outwind	0.0
outwinds	0.0
outwish	0.0
outwit	2.5
outwits	1.5
outwore	0.0
outwork	1.9
outworks	1.6
outworn	1.4
outwrit	0.0
outwrite	0.0
outwrote	0.0
outyell	0.0
outyells	0.0
outyelp	0.0
outyelps	0.0
outyield	0.0
ouzel	1.5
ouzels	0.0
ouzo	2.0
ouzos	0.0
ova	3.2
oval	4.0
ovality	0.0
ovally	0.0
ovalness	0.0
ovals	2.5
ovarial	0.0
ovarian	3.5
ovaries	3.2
ovariole	0.0
ovaritis	0.0
ovary	2.9
ovate	2.6
ovately	0.0
ovation	3.3
ovations	2.3
oven	4.0
ovenbird	0.0
ovenlike	0.0
ovens	3.2
ovenware	0.0
over	6.1
overable	0.0
overact	1.4
overacts	1.1
overage	2.3
overaged	1.2
overages	1.9
overall	4.9
overalls	3.0
overapt	0.0
overarch	0.0
overarm	1.4
overate	1.4
overawe	1.3
overawed	2.0
overawes	0.0
overbake	0.0
overbear	1.4
overbeat	0.0
overbed	0.0
overbet	0.0
overbets	0.0
overbid	1.5
overbids	0.0
overbig	0.0
overbill	0.0
overbite	2.1
overblew	0.0
overblow	1.2
overboil	0.0
overbold	0.0
overbook	1.4
overbore	0.0
overborn	0.0
overbred	0.0
overburn	0.0
overbusy	0.0
overbuy	0.0
overbuys	0.0
overcall	1.2
overcame	3.3
overcast	3.0
overcoat	2.8
overcold	0.0
overcome	4.3
overcook	2.2
overcool	0.0
overcoy	0.0
overcram	0.0
overcrop	0.0
overcure	0.0
overcut	1.0
overcuts	0.0
overdare	0.0
overdear	0.0
overdeck	0.0
overdid	2.2
overdo	2.8
overdoer	0.0
overdoes	1.6
overdog	0.0
overdogs	0.0
overdone	2.8
overdose	3.6
overdraw	1.6
overdrew	0.0
overdry	0.0
overdub	1.6
overdubs	1.8
overdue	3.5
overdye	0.0
overdyed	0.0
overdyes	0.0
overeasy	0.0
overeat	2.3
overeats	0.0
overed	0.0
overedit	0.0
overfar	0.0
overfast	0.0
overfat	0.0
overfear	0.0
overfed	2.0
overfeed	1.6
overfill	1.8
overfish	0.0
overflew	1.3
overflow	3.4
overfly	1.5
overfond	0.0
overfoul	0.0
overfree	0.0
overfull	1.5
overfund	0.0
overgild	0.0
overgilt	0.0
overgird	0.0
overgirt	0.0
overglad	0.0
overgoad	0.0
overgrew	0.0
overgrow	1.5
overhand	2.4
overhang	2.8
overhard	0.0
overhate	0.0
overhaul	3.6
overhead	3.9
overheap	0.0
overhear	2.6
overheat	2.7
overheld	0.0
overhigh	0.0
overhold	0.0
overholy	0.0
overhope	0.0
overhot	0.0
overhung	1.7
overhunt	0.0
overhype	1.6
overidle	0.0
overing	1.1
overjoy	0.0
overjoys	0.0
overjust	0.0
overkeen	0.0
overkill	3.0
overkind	0.0
overlade	0.0
overlaid	2.8
overlain	2.3
overland	3.2
overlap	3.7
overlaps	3.0
overlate	0.0
overlax	0.0
overlay	3.2
overlays	2.7
overleaf	1.7
overleap	0.0
overlend	0.0
overlent	0.0
overlet	0.0
overlets	0.0
overlewd	0.0
overlie	1.6
overlies	2.0
overlit	0.0
overlive	0.0
overload	3.5
overlong	2.1
overlook	3.5
overlord	3.0
overloud	0.0
overlove	0.0
overlush	0.0
overly	3.8
overman	2.1
overmans	0.0
overmany	0.0
overmeek	0.0
overmelt	0.0
overmen	0.0
overmild	0.0
overmilk	0.0
overmine	0.0
overmix	1.1
overmuch	1.7
overnear	0.0
overneat	0.0
overnew	0.0
overnice	0.0
overpaid	2.9
overpass	3.0
overpast	0.0
overpay	2.4
overpays	1.3
overpert	0.0
overplan	0.0
overplay	2.1
overplot	0.0
overplus	0.0
overply	0.0
overpump	0.0
overran	2.7
overrank	0.0
overrash	0.0
overrate	2.0
overrich	0.0
override	3.4
overrife	0.0
overripe	2.1
overrode	2.3
overrude	0.0
overruff	0.0
overrule	2.7
overrun	3.4
overruns	2.6
overs	3.6
oversad	0.0
oversale	0.0
oversalt	0.0
oversave	0.0
oversaw	3.2
oversea	2.3
overseas	4.3
oversee	3.5
overseed	0.0
overseen	3.1
overseer	2.9
oversees	3.3
oversell	2.0
overset	1.4
oversets	0.0
oversew	0.0
oversewn	0.0
oversews	0.0
overshoe	0.0
overshot	2.4
oversick	0.0
overside	1.3
oversize	2.7
overslip	0.0
overslow	0.0
oversoak	0.0
oversoft	0.0
oversold	2.5
oversoon	0.0
oversoul	1.6
overspin	0.0
overstay	2.1
overstep	2.4
overstir	0.0
oversuds	0.0
oversup	0.0
oversups	0.0
oversure	0.0
overt	3.3
overtake	3.3
overtalk	0.0
overtame	0.0
overtart	0.0
overtask	0.0
overtax	1.5
overthin	0.0
overtime	3.9
overtip	0.0
overtips	0.0
overtire	0.0
overtly	3.2
overtoil	0.0
overtone	2.3
overtook	3.0
overtop	1.9
overtops	0.0
overtrim	0.0
overture	3.0
overturn	3.2
overurge	0.0
overuse	3.0
overused	2.8
overuses	1.2
overview	4.1
overvote	0.0
overwarm	0.0
overwary	0.0
overweak	0.0
overwear	0.0
overween	0.0
overwet	0.0
overwets	0.0
overwide	0.0
overwily	0.0
overwind	0.0
overwise	0.0
overword	0.0
overwore	0.0
overwork	2.6
overworn	0.0
overzeal	0.0
ovibos	0.0
ovicidal	0.0
ovicide	0.0
ovicides	0.0
oviducal	0.0
oviduct	2.1
oviducts	1.5
oviform	0.0
ovine	1.7
ovines	0.0
ovipara	0.0
oviposit	1.5
ovisac	0.0
ovisacs	0.0
ovoid	2.4
ovoidal	0.0
ovoids	1.0
ovoli	0.0
ovolo	1.3
ovolos	0.0
ovonic	0.0
ovonics	0.0
ovular	1.4
ovulary	0.0
ovulate	2.2
ovulated	1.8
ovulates	1.1
ovule	1.8
ovules	2.0
ovum	2.4
owe	4.1
owed	3.9
owes	3.7
owing	3.7
owl	3.9
owlet	1.8
owlets	1.4
owlish	1.3
owlishly	0.0
owllike	0.0
owls	3.4
own	5.7
ownable	0.0
owned	4.8
owner	4.8
owners	4.7
owning	3.8
owns	4.2
owse	0.0
owsen	0.0
oxalate	2.3
oxalated	0.0
oxalates	1.5
oxalic	2.0
oxalis	1.7
oxalises	0.0
oxazepam	1.3
oxazine	0.0
oxazines	0.0
oxblood	1.8
oxbloods	0.0
oxbow	2.2
oxbows	0.0
oxcart	1.5
oxcarts	0.0
oxen	2.9
oxes	1.2
oxeye	0.0
oxeyes	0.0
oxford	4.4
oxfords	2.3
oxheart	0.0
oxhearts	0.0
oxid	0.0
oxidable	0.0
oxidant	2.5
oxidants	2.2
oxidase	2.7
oxidases	1.5
oxidasic	0.0
oxidate	0.0
oxidated	0.0
oxidates	0.0
oxide	3.7
oxides	2.9
oxidic	0.0
oxidise	1.6
oxidised	2.0
oxidiser	1.3
oxidises	1.4
oxidize	2.4
oxidized	2.9
oxidizer	2.3
oxidizes	2.1
oxids	0.0
oxim	0.0
oxime	1.7
oximes	1.1
oxims	0.0
oxlip	0.0
oxlips	0.0
oxo	2.5
oxpecker	0.0
oxtail	2.1
oxtails	1.4
oxter	0.0
oxters	0.0
oxtongue	0.0
oxy	2.8
oxyacid	0.0
oxyacids	0.0
oxygen	4.2
oxygenic	1.3
oxygens	1.5
oxymora	0.0
oxymoron	2.7
oxyphil	0.0
oxyphile	0.0
oxyphils	0.0
oxysalt	0.0
oxysalts	0.0
oxysome	0.0
oxysomes	0.0
oxytocic	1.1
oxytocin	2.8
oxytone	0.0
oxytones	0.0
oyer	1.8
oyers	0.0
oyes	0.0
oyesses	0.0
oyez	1.6
oyster	3.5
oystered	0.0
oysterer	0.0
oysters	3.3
ozonate	0.0
ozonated	0.0
ozonates	0.0
ozone	3.4
ozones	0.0
ozonic	0.0
ozonide	0.0
ozonides	0.0
ozonise	0.0
ozonised	0.0
ozonises	0.0
ozonize	0.0
ozonized	1.1
ozonizer	0.0
ozonizes	0.0
ozonous	0.0
pablum	1.7
pablums	0.0
pabular	0.0
pabulum	1.3
pabulums	0.0
pac	3.9
paca	2.1
pacas	1.0
pace	4.4
paced	3.6
pacer	2.7
pacers	3.3
paces	3.2
pacha	2.4
pachadom	0.0
pachalic	0.0
pachas	0.0
pachinko	2.4
pachisi	0.0
pachisis	0.0
pachouli	0.0
pachuco	1.3
pachucos	0.0
pacific	4.6
pacified	2.5
pacifier	2.6
pacifies	1.5
pacifism	2.6
pacifist	3.1
pacify	2.7
pacing	3.4
pack	4.7
packable	1.9
package	4.5
packaged	3.5
packager	1.8
packages	4.0
packed	4.3
packer	3.3
packers	3.8
packet	3.8
packeted	0.0
packets	3.5
packing	4.1
packings	1.6
packly	0.0
packman	1.6
packmen	0.0
packness	0.0
packs	3.9
packsack	0.0
packwax	0.0
pacs	2.9
pact	3.7
paction	0.0
pactions	0.0
pacts	2.6
pad	4.0
padauk	1.2
padauks	0.0
padded	3.2
padder	1.2
padders	0.0
paddies	2.4
padding	3.2
paddings	1.1
paddle	3.5
paddled	2.5
paddler	1.8
paddlers	2.1
paddles	2.9
paddling	2.9
paddock	3.1
paddocks	2.5
paddy	3.6
padi	2.4
padis	0.0
padishah	1.6
padle	0.0
padles	0.0
padlock	2.7
padlocks	2.3
padnag	0.0
padnags	0.0
padouk	0.0
padouks	0.0
padre	3.1
padres	3.2
padri	1.2
padrone	1.7
padrones	0.0
padroni	0.0
pads	3.8
padshah	0.0
padshahs	0.0
paduasoy	0.0
paean	2.4
paeanism	0.0
paeans	1.7
paella	2.6
paellas	1.3
paeon	1.1
paeons	0.0
paesan	0.0
paesani	0.0
paesano	1.2
paesanos	0.0
paesans	0.0
pagan	3.6
pagandom	0.0
paganise	0.0
paganish	0.0
paganism	2.8
paganist	0.0
paganize	0.0
pagans	3.0
page	5.1
pageant	3.5
pageants	2.8
pageboy	1.7
pageboys	0.0
paged	2.5
pager	2.6
pagers	2.3
pages	4.6
paginal	0.0
paginate	0.0
paging	3.0
pagings	0.0
pagod	0.0
pagoda	2.9
pagodas	2.4
pagods	0.0
pagurian	0.0
pagurid	0.0
pagurids	0.0
pah	2.8
pahlavi	2.2
pahlavis	0.0
pahoehoe	1.1
paid	5.1
paik	2.0
paiked	0.0
paiking	0.0
paiks	0.0
pail	2.8
pailful	0.0
pailfuls	0.0
paillard	1.4
pails	2.1
pailsful	0.0
pain	5.0
painch	0.0
painches	0.0
pained	2.9
painful	4.3
paining	2.0
painless	3.2
pains	3.8
paint	4.5
painted	4.3
painter	3.9
painters	3.6
paintier	0.0
painting	4.6
paints	3.7
painty	1.2
pair	4.7
paired	3.8
pairing	3.6
pairings	3.0
pairs	4.1
paisa	2.3
paisan	1.2
paisana	0.0
paisanas	0.0
paisano	1.5
paisanos	1.0
paisans	0.0
paisas	1.3
paise	2.2
paisley	3.3
paisleys	1.2
pajama	2.8
pajamaed	0.0
pajamas	3.3
pakeha	1.9
pakehas	0.0
pal	4.0
palabra	1.8
palabras	1.9
palace	4.5
palaced	0.0
palaces	3.3
paladin	3.0
paladins	2.5
palais	2.9
palatal	2.4
palatals	0.0
palate	3.4
palates	2.4
palatial	2.6
palatine	2.8
palaver	2.2
palavers	0.0
palazzi	1.6
palazzo	3.0
palazzos	1.4
pale	4.1
palea	1.3
paleae	0.0
paleal	0.0
paled	2.3
paleface	1.7
palely	1.4
paleness	1.8
paleosol	1.3
paler	2.9
pales	2.7
palest	2.0
palestra	1.5
palet	1.4
paletot	0.0
paletots	0.0
palets	0.0
palette	3.7
palettes	3.0
paleways	0.0
palewise	0.0
palfrey	2.2
palfreys	0.0
palier	0.0
paliest	0.0
palikar	0.0
palikars	0.0
palimony	1.4
paling	2.2
palings	1.4
palinode	0.0
palisade	2.5
palish	0.0
pall	2.9
palladia	1.1
palladic	0.0
palled	1.4
pallet	3.1
pallets	3.0
pallette	1.9
pallia	0.0
pallial	1.7
palliate	1.3
pallid	2.4
pallidly	0.0
pallier	0.0
palliest	0.0
palling	1.8
pallium	1.8
palliums	0.0
pallor	2.2
pallors	0.0
palls	1.4
pally	2.4
palm	4.2
palmar	2.2
palmary	0.0
palmate	1.6
palmated	0.0
palmed	2.2
palmer	4.0
palmers	2.2
palmette	1.4
palmetto	2.7
palmier	1.3
palmiest	0.0
palming	2.0
palmist	1.2
palmists	0.0
palmitin	0.0
palmlike	0.0
palms	3.5
palmy	1.6
palmyra	2.7
palmyras	0.0
palomino	2.3
palooka	1.6
palookas	0.0
palp	2.2
palpable	3.2
palpably	2.2
palpal	1.3
palpate	1.7
palpated	1.6
palpates	0.0
palpator	0.0
palpebra	0.0
palpi	2.0
palps	2.0
palpus	1.2
pals	3.6
palship	0.0
palships	0.0
palsied	1.3
palsies	1.3
palsy	3.2
palsying	0.0
palter	1.4
paltered	0.0
palterer	0.0
palters	0.0
paltrier	0.0
paltrily	0.0
paltry	2.9
paludal	0.0
paludism	0.0
paly	1.8
pam	3.6
pampa	2.3
pampas	2.3
pampean	0.0
pampeans	0.0
pamper	2.8
pampered	3.0
pamperer	0.0
pampero	0.0
pamperos	0.0
pampers	2.4
pamphlet	3.3
pams	1.7
pan	4.4
panacea	2.8
panacean	0.0
panaceas	1.4
panache	2.7
panaches	0.0
panada	1.1
panadas	0.0
panama	3.9
panamas	0.0
panatela	0.0
panbroil	0.0
pancake	3.4
pancaked	1.7
pancakes	3.6
pancetta	2.3
panchax	0.0
pancreas	3.1
panda	3.6
pandani	0.0
pandanus	1.9
pandas	3.1
pandect	0.0
pandects	0.0
pandemic	3.7
pander	2.6
pandered	2.0
panderer	1.3
panders	2.0
pandied	0.0
pandies	0.0
pandit	2.8
pandits	2.1
pandoor	0.0
pandoors	0.0
pandora	3.4
pandoras	1.7
pandore	0.0
pandores	0.0
pandour	0.0
pandours	0.0
pandowdy	0.0
pandura	0.0
panduras	0.0
pandy	1.8
pandying	0.0
pane	3.1
paned	2.0
panel	4.5
paneled	2.5
paneling	2.6
panelist	2.7
panelled	2.6
panels	4.1
panes	2.9
panetela	0.0
panfish	1.7
panfried	0.0
panfries	0.0
panfry	0.0
panful	0.0
panfuls	0.0
pang	3.1
panga	1.8
pangas	1.2
panged	0.0
pangen	0.0
pangene	0.0
pangenes	0.0
pangens	0.0
panging	0.0
pangolin	2.4
pangs	2.6
panhuman	0.0
panic	4.3
panicked	3.4
panicky	2.6
panicle	1.9
panicled	0.0
panicles	2.0
panics	2.8
panicum	2.0
panicums	0.0
panier	1.3
paniers	0.0
panmixes	0.0
panmixia	0.0
panmixis	0.0
panne	1.7
panned	3.0
pannes	0.0
pannier	2.0
panniers	2.1
pannikin	0.0
panning	2.8
panocha	1.0
panochas	0.0
panoche	1.2
panoches	0.0
panoply	2.3
panoptic	1.4
panorama	3.4
panpipe	1.1
panpipes	1.4
pans	3.5
pansies	2.4
pansophy	0.0
pansy	2.8
pant	3.2
panted	1.9
pantheon	3.2
panther	3.6
panthers	3.8
pantie	1.6
panties	3.7
pantile	0.0
pantiled	0.0
pantiles	1.4
panting	3.0
panto	2.4
pantofle	0.0
pantos	1.4
pantoum	0.0
pantoums	0.0
pantries	2.2
pantry	3.2
pants	4.5
pantsuit	2.3
panty	3.0
panzer	2.9
panzers	2.0
pap	3.3
papa	3.9
papacies	0.0
papacy	3.0
papain	1.7
papains	0.0
papal	3.4
papally	0.0
papas	2.5
papaw	1.7
papaws	0.0
papaya	2.9
papayan	0.0
papayas	1.9
paper	5.1
paperboy	2.2
papered	2.2
paperer	0.0
paperers	0.0
papering	1.9
papers	4.6
papery	2.1
paphian	0.0
paphians	0.0
papilla	2.0
papillae	2.2
papillar	0.0
papillon	2.5
papist	2.0
papistic	0.0
papistry	0.0
papists	1.9
papoose	2.1
papooses	0.0
pappi	1.7
pappier	0.0
pappies	0.0
pappiest	0.0
pappoose	0.0
pappose	0.0
pappous	0.0
pappus	2.3
pappy	2.6
paprica	0.0
papricas	0.0
paprika	3.0
paprikas	0.0
paps	2.2
papula	0.0
papulae	0.0
papular	1.5
papule	1.2
papules	2.0
papulose	0.0
papyral	0.0
papyri	2.3
papyrian	0.0
papyrine	0.0
papyrus	2.9
par	4.2
para	3.9
parable	3.1
parables	2.7
parabola	2.4
parachor	0.0
parade	4.2
paraded	2.9
parader	0.0
paraders	0.0
parades	3.3
paradigm	3.6
parading	2.8
paradise	4.2
parador	1.8
paradors	0.0
parados	0.0
paradox	3.6
paradrop	0.0
paraffin	2.7
paraform	0.0
paragoge	0.0
paragon	3.0
paragons	2.1
parakeet	2.5
parakite	0.0
parallax	2.9
parallel	4.3
paralyse	2.1
paralyze	2.6
parament	0.0
paramo	1.7
paramos	0.0
paramour	2.4
parang	2.2
parangs	0.0
paranoea	0.0
paranoia	3.4
paranoic	1.1
paranoid	3.7
parapet	2.7
parapets	2.1
paraph	0.0
paraphs	0.0
paraquat	1.7
paraquet	0.0
paras	2.7
parasang	0.0
parashah	0.0
parasite	3.5
parasol	2.6
parasols	2.1
paravane	0.0
parawing	0.0
parazoan	0.0
parboil	1.4
parboils	0.0
parcel	3.7
parceled	1.8
parcels	3.4
parcener	0.0
parch	1.4
parched	2.9
parches	0.0
parchesi	0.0
parching	1.3
parchisi	0.0
pard	2.0
pardah	0.0
pardahs	0.0
pardee	2.2
pardi	1.9
pardie	0.0
pardine	0.0
pardner	1.9
pardners	1.1
pardon	3.8
pardoned	3.1
pardoner	1.4
pardons	2.9
pards	1.3
pardy	1.8
pare	2.8
parecism	0.0
pared	2.8
pareira	0.0
pareiras	0.0
parent	4.6
parental	3.8
parented	1.9
parents	5.2
pareo	1.1
pareos	0.0
parer	1.6
parerga	0.0
parergon	0.0
parers	0.0
pares	2.2
pareses	0.0
paresis	1.8
paretic	1.1
paretics	0.0
pareu	0.0
pareus	0.0
pareve	1.2
parfait	2.5
parfaits	1.7
parflesh	0.0
parfocal	0.0
parge	0.0
parged	0.0
parges	0.0
parget	0.0
pargeted	0.0
pargets	0.0
parging	0.0
pargings	0.0
pargo	1.5
pargos	0.0
parhelia	1.1
parhelic	0.0
pariah	2.8
pariahs	2.1
parian	1.8
parians	0.0
paries	0.0
parietal	2.8
parietes	0.0
paring	2.5
parings	1.4
paris	4.8
parises	0.0
parish	4.1
parishes	3.3
parities	1.4
parity	3.4
park	5.2
parka	2.8
parkas	2.1
parked	3.9
parker	4.2
parkers	2.4
parking	4.5
parkings	1.1
parkland	3.1
parklike	1.3
parks	4.3
parkway	3.4
parkways	2.0
parlance	2.8
parlando	1.1
parlante	0.0
parlay	2.6
parlayed	2.1
parlays	1.8
parle	2.2
parled	0.0
parles	1.2
parley	2.6
parleyed	1.1
parleyer	0.0
parleys	1.4
parling	1.2
parlor	3.3
parlors	2.7
parlour	3.1
parlours	2.3
parlous	1.8
parodic	2.0
parodied	2.5
parodies	2.9
parodist	1.4
parodoi	0.0
parodos	0.0
parody	3.8
parol	1.8
parole	3.8
paroled	2.7
parolee	2.2
parolees	2.2
paroles	2.2
paroling	1.1
parols	0.0
paronym	0.0
paronyms	0.0
paroquet	0.0
parotic	0.0
parotid	2.0
parotids	0.0
parotoid	0.0
parous	0.0
paroxysm	1.8
parquet	2.5
parquets	0.0
parr	3.0
parral	1.6
parrals	0.0
parred	1.5
parrel	0.0
parrels	0.0
parridge	0.0
parried	2.4
parries	1.8
parring	1.0
parritch	0.0
parroket	0.0
parrot	3.5
parroted	1.8
parroter	0.0
parrots	3.0
parroty	0.0
parrs	1.4
parry	3.4
parrying	2.0
pars	2.9
parsable	0.0
parse	3.0
parsec	1.9
parsecs	2.2
parsed	2.4
parser	2.6
parsers	2.0
parses	2.0
parsing	2.9
parsley	3.3
parsleys	0.0
parslied	0.0
parsnip	2.4
parsnips	2.4
parson	2.8
parsonic	0.0
parsons	3.6
part	5.8
partake	3.2
partaken	2.0
partaker	1.6
partakes	2.0
partan	0.0
partans	0.0
parted	3.4
parterre	1.8
partial	4.2
partials	2.2
partible	1.2
particle	3.9
partied	2.8
partier	2.0
partiers	2.2
parties	4.9
parting	3.4
partings	1.7
partisan	3.8
partita	1.9
partitas	1.3
partite	1.6
partizan	2.3
partlet	0.0
partlets	0.0
partly	4.3
partner	4.8
partners	4.6
parton	3.0
partons	1.2
partook	2.4
parts	5.1
partway	2.4
party	5.5
partyer	0.0
partyers	1.1
partying	3.5
parura	0.0
paruras	0.0
parure	1.3
parures	0.0
parve	1.1
parvenu	1.6
parvenue	0.0
parvenus	1.1
parvis	1.4
parvise	0.0
parvises	0.0
parvo	1.9
parvolin	0.0
parvos	0.0
pas	3.6
pascal	3.4
pascals	1.6
paschal	2.6
paschals	0.0
pase	1.8
paseo	2.4
paseos	1.0
pases	0.0
pash	2.1
pasha	3.1
pashadom	0.0
pashalic	0.0
pashalik	0.0
pashas	1.7
pashed	0.0
pashes	0.0
pashing	0.0
pasquil	0.0
pasquils	0.0
pass	5.0
passable	2.8
passably	1.8
passade	0.0
passades	0.0
passado	1.1
passados	0.0
passage	4.3
passaged	1.3
passages	3.7
passant	2.1
passband	1.7
passbook	2.1
passe	2.5
passed	4.9
passee	0.0
passel	1.9
passels	0.0
passer	3.2
passerby	2.5
passers	2.9
passes	4.5
passible	1.1
passim	2.0
passing	4.6
passings	1.3
passion	4.4
passions	3.6
passive	4.0
passives	2.0
passkey	1.6
passkeys	0.0
passless	0.0
passover	3.2
passport	4.0
passus	1.4
passuses	0.0
password	4.1
past	5.4
pasta	3.9
pastas	2.4
paste	3.9
pasted	3.0
pastel	3.2
pastels	2.7
paster	1.6
pastern	1.6
pasterns	1.3
pasters	0.0
pastes	2.5
pasteup	0.0
pasteups	0.0
pasticci	0.0
pastiche	2.5
pastie	1.5
pastier	0.0
pasties	2.5
pastiest	0.0
pastil	0.0
pastille	1.4
pastils	0.0
pastime	3.1
pastimes	2.7
pastina	0.0
pastinas	0.0
pasting	2.8
pastis	2.0
pastises	0.0
pastless	0.0
pastness	0.0
pastor	4.1
pastoral	3.5
pastored	1.6
pastors	3.3
pastrami	2.4
pastries	3.0
pastromi	0.0
pastry	3.5
pasts	2.6
pastural	0.0
pasture	3.4
pastured	2.1
pasturer	0.0
pastures	3.2
pasty	2.9
pat	4.2
pataca	0.0
patacas	1.1
patagia	0.0
patagial	0.0
patagium	0.0
patamar	0.0
patamars	0.0
patch	4.2
patched	3.2
patcher	1.9
patchers	0.0
patches	3.9
patchier	0.0
patchily	1.4
patching	2.9
patchy	2.9
pate	2.9
pated	1.4
patella	2.5
patellae	1.0
patellar	2.2
patellas	1.0
paten	1.9
patency	1.7
patens	1.6
patent	4.2
patented	3.5
patentee	2.0
patently	2.9
patentor	0.0
patents	3.8
pater	2.5
paternal	3.3
paters	0.0
pates	1.6
path	4.7
pathetic	4.1
pathless	1.4
pathogen	3.2
pathos	2.8
pathoses	0.0
paths	4.0
pathway	3.8
pathways	3.6
patience	4.2
patient	4.8
patients	4.9
patin	1.7
patina	2.7
patinae	0.0
patinas	1.3
patinate	0.0
patine	0.0
patined	0.0
patines	0.0
patining	0.0
patinize	0.0
patins	0.0
patio	3.4
patios	2.4
patly	0.0
patness	0.0
patois	2.4
patriot	3.7
patriots	4.0
patrol	4.1
patrols	3.5
patron	3.7
patronal	1.3
patronly	0.0
patrons	3.7
patroon	1.5
patroons	0.0
pats	3.3
patsies	1.7
patsy	3.1
pattamar	0.0
patted	2.8
pattee	1.6
patten	2.9
pattens	1.4
patter	2.8
pattered	1.2
patterer	0.0
pattern	4.6
patterns	4.4
patters	1.9
pattie	2.5
patties	2.9
patting	2.9
patty	3.6
pattypan	0.0
patulent	0.0
patulous	0.0
paty	1.7
patzer	1.4
patzers	0.0
paucity	2.6
paughty	0.0
pauldron	1.0
paulin	2.0
paulins	0.0
paunch	2.0
paunched	0.0
paunches	0.0
paunchy	1.7
pauper	2.8
paupered	0.0
paupers	2.3
pausal	0.0
pause	4.0
paused	3.4
pauser	0.0
pausers	0.0
pauses	3.2
pausing	3.0
pavan	2.0
pavane	1.6
pavanes	0.0
pavans	0.0
pave	3.2
paved	3.6
paveed	0.0
pavement	3.6
paver	2.1
pavers	2.3
paves	2.5
pavid	0.0
pavilion	3.6
pavillon	1.7
pavin	1.6
paving	3.4
pavings	0.0
pavins	0.0
pavior	0.0
paviors	0.0
paviour	0.0
paviours	0.0
pavis	1.1
pavise	0.0
paviser	0.0
pavisers	0.0
pavises	0.0
pavlova	2.4
pavlovas	0.0
pavonine	0.0
paw	3.5
pawed	2.0
pawer	0.0
pawers	0.0
pawing	2.3
pawkier	0.0
pawkiest	0.0
pawkily	0.0
pawky	0.0
pawl	1.9
pawls	1.2
pawn	3.5
pawnable	0.0
pawnage	0.0
pawnages	0.0
pawned	2.4
pawnee	2.8
pawnees	1.5
pawner	0.0
pawners	0.0
pawning	2.0
pawnor	0.0
pawnors	0.0
pawns	3.0
pawnshop	2.2
pawpaw	2.1
pawpaws	1.2
paws	3.4
pax	3.3
paxes	0.0
paxwax	0.0
paxwaxes	0.0
pay	5.4
payable	3.5
payables	2.0
payably	0.0
payback	3.3
paybacks	1.6
paycheck	3.5
payday	3.6
paydays	1.9
payed	3.0
payee	2.3
payees	1.8
payer	3.2
payers	3.2
paygrade	1.4
paying	4.8
payload	3.4
payloads	2.8
payment	4.7
payments	4.5
paynim	0.0
paynims	0.0
payoff	3.2
payoffs	2.7
payola	2.0
payolas	0.0
payor	1.8
payors	1.8
payout	3.4
payouts	3.1
payroll	3.8
payrolls	2.8
pays	4.3
pazazz	0.0
pazazzes	0.0
pea	3.5
peace	5.0
peaced	1.2
peaceful	4.3
peacenik	1.6
peaces	1.6
peach	3.8
peached	1.1
peacher	0.0
peachers	0.0
peaches	3.5
peachier	0.0
peaching	0.0
peachy	2.9
peacing	0.0
peacoat	1.8
peacoats	1.1
peacock	3.4
peacocks	2.7
peacocky	0.0
peafowl	1.7
peafowls	0.0
peag	0.0
peage	0.0
peages	0.0
peags	0.0
peahen	1.3
peahens	1.2
peak	4.5
peaked	3.5
peakier	0.0
peakiest	0.0
peaking	3.1
peakish	0.0
peakless	0.0
peaklike	0.0
peaks	3.9
peaky	2.5
peal	2.4
pealed	1.8
pealike	0.0
pealing	1.9
peals	1.9
pean	1.4
peans	0.0
peanut	3.9
peanuts	3.5
pear	3.5
pearl	4.1
pearlash	0.0
pearled	1.7
pearler	1.4
pearlers	1.3
pearlier	0.0
pearling	1.9
pearlite	1.4
pearls	3.5
pearly	2.9
pearmain	1.2
pears	3.2
peart	2.2
pearter	0.0
peartest	0.0
peartly	0.0
peas	3.6
peasant	3.6
peasants	3.7
peascod	0.0
peascods	0.0
pease	2.8
peasecod	0.0
peasen	0.0
peases	0.0
peat	3.3
peatier	0.0
peatiest	0.0
peats	2.1
peaty	2.3
peavey	2.1
peaveys	0.0
peavies	0.0
peavy	2.2
pebble	3.3
pebbled	2.0
pebbles	3.2
pebblier	0.0
pebbling	0.0
pebbly	1.9
pec	2.6
pecan	2.9
pecans	2.6
peccable	0.0
peccancy	0.0
peccant	0.0
peccary	1.6
peccavi	0.0
peccavis	0.0
pech	1.8
pechan	0.0
pechans	0.0
peched	0.0
peching	0.0
pechs	0.0
peck	3.5
pecked	2.3
pecker	2.5
peckers	1.6
peckier	0.0
peckiest	0.0
pecking	2.9
peckish	2.0
pecks	2.3
pecky	1.2
pecorini	0.0
pecorino	2.1
pecs	2.6
pectase	0.0
pectases	0.0
pectate	0.0
pectates	0.0
pecten	1.6
pectens	0.0
pectic	1.3
pectin	2.4
pectines	0.0
pectins	1.5
pectize	0.0
pectized	0.0
pectizes	0.0
pectoral	2.9
peculate	0.0
peculia	0.0
peculiar	3.7
peculium	0.0
ped	2.8
pedagog	0.0
pedagogs	0.0
pedagogy	3.1
pedal	3.6
pedaled	2.0
pedalfer	0.0
pedalier	0.0
pedaling	2.5
pedalled	1.6
pedalo	1.5
pedalos	1.0
pedals	3.2
pedant	2.1
pedantic	2.7
pedantry	2.3
pedants	1.9
pedate	0.0
pedately	0.0
peddle	2.8
peddled	2.5
peddler	2.6
peddlers	2.4
peddlery	0.0
peddles	2.1
peddling	3.0
pederast	1.7
pedes	2.0
pedestal	3.4
pedicab	1.8
pedicabs	1.4
pedicel	2.1
pedicels	2.1
pedicle	2.1
pedicled	0.0
pedicles	1.2
pedicure	2.7
pediform	0.0
pedigree	3.4
pediment	2.3
pedipalp	0.0
pedlar	1.9
pedlars	1.6
pedlary	0.0
pedler	1.5
pedlers	0.0
pedlery	0.0
pedocal	0.0
pedocals	0.0
pedology	1.4
pedro	3.8
pedros	1.3
peds	2.5
peduncle	2.4
pee	4.0
peebeen	0.0
peebeens	0.0
peed	3.1
peeing	3.2
peek	3.7
peekaboo	2.4
peeked	2.6
peeking	3.0
peeks	2.6
peel	3.8
peelable	0.0
peeled	3.3
peeler	2.5
peelers	1.9
peeling	3.2
peelings	1.8
peels	2.8
peen	2.3
peened	1.2
peening	1.7
peens	1.3
peep	3.4
peeped	2.4
peeper	1.9
peepers	2.2
peephole	2.2
peeping	2.9
peeps	3.1
peepshow	1.6
peepul	1.2
peepuls	0.0
peer	4.1
peerage	2.8
peerages	2.0
peered	2.7
peeress	1.2
peerie	0.0
peeries	0.0
peering	3.0
peerless	2.8
peers	4.0
peery	1.5
pees	2.6
peesweep	0.0
peetweet	0.0
peeve	2.8
peeved	2.4
peeves	2.5
peeving	0.0
peevish	1.9
peewee	2.4
peewees	1.1
peewit	0.0
peewits	0.0
peg	3.5
pegboard	2.0
pegbox	0.0
pegboxes	0.0
pegged	3.1
pegging	2.7
pegless	0.0
peglike	0.0
pegs	3.0
peh	1.9
pehs	0.0
peignoir	1.5
pein	1.6
peined	0.0
peining	0.0
peins	0.0
peise	0.0
peised	0.0
peises	0.0
peising	0.0
pekan	1.4
pekans	0.0
peke	1.6
pekes	0.0
pekin	2.3
pekins	0.0
pekoe	1.7
pekoes	0.0
pelage	1.8
pelages	0.0
pelagial	0.0
pelagic	2.6
pele	2.8
pelerine	0.0
peles	1.3
pelf	1.3
pelfs	0.0
pelican	3.1
pelicans	3.2
pelisse	1.2
pelisses	0.0
pelite	0.0
pelites	0.0
pelitic	0.0
pellagra	1.9
pellet	3.1
pelletal	0.0
pelleted	1.7
pellets	3.3
pellicle	1.8
pellmell	0.0
pellucid	1.6
pelmet	1.1
pelmets	0.0
pelon	1.4
peloria	0.0
pelorian	0.0
pelorias	0.0
peloric	0.0
pelorus	1.3
pelota	1.5
pelotas	1.5
pelt	2.9
peltast	0.0
peltasts	1.1
peltate	1.2
pelted	2.5
pelter	1.2
peltered	0.0
pelters	1.2
pelting	2.4
peltries	0.0
peltry	0.0
pelts	2.6
pelves	0.0
pelvic	3.4
pelvics	0.0
pelvis	3.3
pelvises	1.4
pembina	2.2
pembinas	0.0
pemican	0.0
pemicans	0.0
pemmican	1.8
pemoline	0.0
pemphix	0.0
pen	4.4
penal	3.5
penalise	2.1
penality	1.1
penalize	2.7
penally	1.1
penalty	4.5
penance	3.1
penanced	0.0
penances	1.7
penang	3.0
penangs	0.0
penates	1.3
pence	3.7
pencel	0.0
pencels	0.0
penchant	3.1
pencil	4.0
penciled	2.3
penciler	0.0
pencils	3.4
pend	2.1
pendant	3.4
pendants	2.8
pended	1.1
pendency	1.9
pendent	2.1
pendents	0.0
pending	4.0
pends	1.2
pendular	1.1
pendulum	3.3
penes	1.3
pengo	1.3
pengos	0.0
penguin	3.8
penguins	3.7
penial	1.2
penicil	0.0
penicils	0.0
penile	2.7
penis	4.0
penises	3.0
penitent	2.6
penknife	2.0
penlight	1.6
penlite	0.0
penlites	0.0
penman	2.2
penmen	1.1
penna	2.2
pennae	0.0
penname	1.2
pennames	0.0
pennant	2.9
pennants	2.3
pennate	0.0
pennated	0.0
penne	2.5
penned	3.4
penner	2.5
penners	0.0
penni	1.3
pennia	0.0
pennies	3.4
pennine	2.3
pennines	2.3
penning	2.7
pennis	1.3
pennon	1.6
pennoned	0.0
pennons	1.0
penny	4.1
penoche	0.0
penoches	0.0
penology	1.7
penoncel	0.0
penpoint	0.0
pens	3.8
pensee	1.1
pensees	0.0
pensil	0.0
pensile	0.0
pensils	0.0
pension	4.2
pensione	1.5
pensions	3.8
pensive	2.6
penster	0.0
pensters	0.0
penstock	1.6
pent	3.0
pentacle	1.9
pentad	1.4
pentads	0.0
pentagon	3.7
pentane	1.6
pentanes	0.0
pentanol	0.0
pentarch	0.0
pentene	0.0
pentenes	0.0
pentode	1.8
pentodes	1.2
pentomic	0.0
pentosan	0.0
pentose	1.7
pentoses	0.0
pentyl	1.3
pentyls	0.0
penuche	0.0
penuches	0.0
penuchi	0.0
penuchis	0.0
penuchle	0.0
penuckle	0.0
penult	1.1
penults	0.0
penumbra	2.2
penuries	0.0
penury	2.1
peon	2.3
peonage	1.6
peonages	0.0
peones	0.0
peonies	2.4
peonism	0.0
peonisms	0.0
peons	2.3
peony	2.6
people	6.2
peopled	2.3
peopler	0.0
peoplers	0.0
peoples	4.3
peopling	1.9
pep	3.5
peperoni	1.4
pepla	0.0
peplos	1.2
peploses	0.0
peplum	2.2
peplumed	0.0
peplums	0.0
peplus	0.0
pepluses	0.0
pepo	1.7
peponida	0.0
peponium	0.0
pepos	0.0
pepped	1.4
pepper	4.1
peppered	2.8
pepperer	0.0
peppers	3.7
peppery	2.4
peppier	1.1
peppiest	0.0
peppily	0.0
pepping	1.3
peppy	2.5
peps	2.0
pepsin	1.8
pepsine	0.0
pepsines	0.0
pepsins	0.0
peptic	2.2
peptics	0.0
peptid	0.0
peptide	3.3
peptides	3.1
peptidic	0.0
peptids	0.0
peptize	0.0
peptized	0.0
peptizer	0.0
peptizes	0.0
peptone	1.4
peptones	0.0
peptonic	0.0
per	5.5
peracid	0.0
peracids	0.0
percale	1.4
percales	0.0
perceive	3.7
percent	5.0
percents	2.2
percept	1.8
percepts	1.4
perch	3.3
perched	3.2
percher	0.0
perchers	0.0
perches	2.6
perching	2.2
percoid	0.0
percoids	0.0
percuss	0.0
perdie	0.0
perdu	2.0
perdue	2.6
perdues	0.0
perdure	0.0
perdured	0.0
perdures	0.0
perdus	1.2
perdy	1.3
perea	1.9
peregrin	1.5
pereia	0.0
pereion	0.0
pereon	0.0
pereopod	0.0
perfect	5.2
perfecta	1.8
perfecto	2.4
perfects	2.3
perfidy	2.0
perforce	2.0
perform	4.7
performs	4.0
perfume	3.8
perfumed	2.6
perfumer	2.1
perfumes	3.0
perfuse	1.2
perfused	1.9
perfuses	0.0
pergola	2.3
pergolas	1.6
perhaps	5.1
peri	3.0
perianth	2.1
periapt	0.0
periapts	0.0
periblem	0.0
pericarp	1.6
pericope	1.7
periderm	0.0
peridia	0.0
peridial	0.0
peridium	1.4
peridot	2.5
peridots	0.0
perigeal	0.0
perigean	0.0
perigee	2.3
perigees	0.0
perigon	0.0
perigons	0.0
perigyny	0.0
peril	3.4
periled	0.0
periling	0.0
perilla	1.6
perillas	0.0
perilled	0.0
perilous	3.2
perils	3.1
perilune	0.0
perinea	0.0
perineal	2.1
perineum	2.2
period	5.2
periodic	3.6
periodid	0.0
periods	4.3
periotic	0.0
peripety	0.0
peripter	0.0
perique	1.1
periques	0.0
peris	2.0
perisarc	0.0
perish	3.3
perished	3.3
perishes	2.1
periwig	1.2
periwigs	0.0
perjure	1.9
perjured	2.4
perjurer	1.7
perjures	0.0
perjury	3.3
perk	3.2
perked	2.4
perkier	1.6
perkiest	0.0
perkily	0.0
perking	1.9
perkish	0.0
perks	3.6
perky	3.0
perlite	2.2
perlites	0.0
perlitic	0.0
perm	3.1
permeant	1.3
permease	1.2
permeate	2.6
permed	1.9
perming	1.3
permit	4.2
permits	3.9
perms	2.1
permute	1.4
permuted	1.7
permutes	1.1
peroneal	1.8
peroral	0.0
perorate	0.0
peroxid	0.0
peroxide	3.1
peroxids	0.0
peroxy	1.1
perpend	1.0
perpends	0.0
perpent	0.0
perpents	0.0
perplex	1.9
perries	0.0
perron	2.4
perrons	0.0
perry	4.2
persalt	0.0
persalts	0.0
perse	2.2
perses	1.2
persist	3.5
persists	3.3
person	5.5
persona	3.7
personae	2.2
personal	5.2
personas	2.8
persons	4.4
perspire	2.0
perspiry	0.0
persuade	3.8
pert	2.6
pertain	2.9
pertains	3.0
perter	0.0
pertest	0.0
pertly	1.1
pertness	0.0
perturb	1.9
perturbs	1.4
peruke	0.0
peruked	0.0
perukes	0.0
perusal	2.3
perusals	0.0
peruse	2.7
perused	2.3
peruser	0.0
perusers	0.0
peruses	1.4
perusing	2.6
pervade	2.2
pervaded	2.3
pervader	0.0
pervades	2.5
perverse	3.2
pervert	3.3
perverts	2.8
pervious	2.0
pes	3.0
pesade	0.0
pesades	0.0
peseta	1.8
pesetas	2.3
pesewa	0.0
pesewas	0.0
peskier	0.0
peskiest	0.0
peskily	0.0
pesky	3.1
peso	3.0
pesos	3.2
pessary	1.6
pest	3.6
pester	2.6
pestered	2.4
pesterer	0.0
pesters	1.6
pesthole	0.0
pestier	0.0
pestiest	0.0
pestle	2.5
pestled	0.0
pestles	1.4
pestling	0.0
pesto	2.9
pestos	0.0
pests	3.4
pesty	1.2
pet	4.5
petal	3.0
petaled	1.6
petaline	0.0
petalled	1.7
petalody	0.0
petaloid	1.2
petalous	0.0
petals	3.5
petard	2.0
petards	1.2
petasos	0.0
petasus	0.0
petcock	1.3
petcocks	0.0
petechia	1.2
peter	4.9
petered	2.2
petering	1.6
peters	3.7
petiolar	0.0
petiole	2.5
petioled	0.0
petioles	2.3
petit	3.3
petite	3.4
petites	2.1
petition	4.3
petnap	0.0
petnaps	0.0
petrale	0.0
petrales	0.0
petrel	2.2
petrels	2.0
petrify	1.7
petrol	3.7
petrolic	0.0
petrols	1.1
petronel	0.0
petrosal	1.5
petrous	1.5
pets	4.1
petsai	0.0
petsais	0.0
petted	2.4
pettedly	0.0
petter	2.4
petters	1.5
petti	1.5
pettier	1.3
pettiest	1.7
pettifog	1.0
pettily	0.0
petting	3.0
pettings	0.0
pettish	0.0
pettle	0.0
pettled	0.0
pettles	0.0
pettling	0.0
petto	1.4
petty	4.1
petulant	2.7
petunia	2.5
petunias	2.1
petuntse	0.0
petuntze	0.0
pew	3.4
pewee	1.6
pewees	0.0
pewit	0.0
pewits	0.0
pews	2.8
pewter	2.8
pewterer	0.0
pewters	0.0
peyote	2.5
peyotes	0.0
peyotl	0.0
peyotls	0.0
peytral	0.0
peytrals	0.0
peytrel	0.0
peytrels	0.0
pfennig	1.8
pfennige	0.0
pfennigs	1.5
pfft	3.0
pfui	0.0
phaeton	2.2
phaetons	0.0
phage	2.7
phages	2.1
phalange	1.8
phalanx	2.9
phalli	0.0
phallic	2.7
phallism	0.0
phallist	0.0
phallus	2.5
phantasm	2.3
phantast	0.0
phantasy	2.4
phantom	3.8
phantoms	2.9
pharaoh	3.3
pharaohs	2.7
pharisee	2.3
pharmacy	3.9
pharos	2.1
pharoses	0.0
pharynx	2.3
phase	4.6
phaseal	0.0
phased	3.3
phaseout	1.9
phases	3.8
phasic	1.6
phasing	3.0
phasis	1.4
phasmid	1.2
phasmids	0.0
phat	2.8
phatic	1.1
pheasant	3.0
phellem	0.0
phellems	0.0
phelonia	0.0
phenate	0.0
phenates	0.0
phenazin	0.0
phenetic	1.1
phenetol	0.0
phenix	2.3
phenixes	0.0
phenol	2.6
phenolic	2.6
phenols	2.3
phenom	2.6
phenoms	1.5
phenoxy	1.2
phenyl	2.5
phenylic	0.0
phenyls	0.0
phew	3.1
phi	3.5
phial	1.9
phials	1.6
philabeg	0.0
philibeg	0.0
philomel	1.6
philter	1.2
philters	0.0
philtra	0.0
philtre	1.1
philtred	0.0
philtres	0.0
philtrum	1.5
phimoses	0.0
phimosis	1.7
phimotic	0.0
phis	1.4
phiz	1.3
phizes	0.0
phlegm	2.6
phlegms	0.0
phlegmy	1.2
phloem	2.1
phloems	0.0
phlox	2.4
phloxes	0.0
phobia	3.1
phobias	2.7
phobic	2.5
phobics	1.3
phocine	0.0
phoebe	3.4
phoebes	1.4
phoebus	2.4
phoenix	4.2
phon	2.0
phonal	0.0
phonate	0.0
phonated	0.0
phonates	0.0
phone	5.3
phoned	3.3
phoneme	2.4
phonemes	2.5
phonemic	2.4
phones	4.5
phonetic	3.0
phoney	2.7
phoneyed	0.0
phoneys	0.0
phonic	2.0
phonics	2.6
phonied	0.0
phonier	0.0
phonies	2.1
phoniest	0.0
phonily	0.0
phoning	2.8
phono	2.3
phonon	2.2
phonons	2.0
phonos	0.0
phons	0.0
phony	3.4
phonying	0.0
phooey	1.8
phorate	0.0
phorates	0.0
phoronid	0.0
phosgene	1.9
phosphid	0.0
phosphin	0.0
phosphor	2.6
phot	2.1
photic	1.8
photics	0.0
photo	5.0
photoed	0.0
photog	2.1
photogs	1.8
photoing	0.0
photomap	0.0
photon	3.3
photonic	2.6
photons	3.2
photopia	0.0
photopic	1.3
photos	4.8
photoset	1.8
phots	1.2
phpht	0.0
phrasal	2.0
phrase	4.3
phrased	2.8
phrases	3.9
phrasing	3.0
phratral	0.0
phratric	0.0
phratry	1.0
phreatic	1.7
phrenic	1.7
phrensy	0.0
pht	1.8
phthalic	1.5
phthalin	0.0
phthises	0.0
phthisic	0.0
phthisis	1.5
phut	1.5
phuts	0.0
phyla	2.0
phylae	0.0
phylar	0.0
phylaxis	0.0
phyle	0.0
phyleses	0.0
phylesis	0.0
phyletic	1.3
phylic	0.0
phyllary	0.0
phyllite	1.3
phyllo	1.7
phyllode	0.0
phylloid	0.0
phyllome	0.0
phyllos	0.0
phylon	1.6
phylum	2.4
physed	0.0
physeds	0.0
physes	0.0
physic	2.5
physical	4.9
physics	4.4
physique	3.3
physis	1.6
phytane	0.0
phytanes	0.0
phytoid	0.0
phytol	1.1
phytols	0.0
phyton	1.1
phytonic	0.0
phytons	0.0
pia	3.1
piacular	0.0
piaffe	0.0
piaffed	0.0
piaffer	0.0
piaffers	0.0
piaffes	0.0
piaffing	0.0
pial	1.3
pian	1.9
pianic	0.0
pianism	1.3
pianisms	0.0
pianist	3.5
pianists	2.6
piano	4.3
pianos	3.0
pians	0.0
pias	1.5
piasaba	0.0
piasabas	0.0
piasava	0.0
piasavas	0.0
piassaba	0.0
piassava	0.0
piaster	0.0
piasters	1.4
piastre	1.3
piastres	1.7
piazza	3.2
piazzas	1.9
piazze	0.0
pibal	0.0
pibals	0.0
pibroch	1.1
pibrochs	0.0
pic	4.2
pica	2.5
picacho	1.5
picachos	0.0
picador	2.0
picadors	0.0
pical	0.0
picara	0.0
picaras	0.0
picaro	1.1
picaroon	1.0
picaros	0.0
picas	1.2
picayune	2.4
piccolo	3.0
piccolos	1.5
pice	2.0
piceous	0.0
piciform	0.0
pick	5.1
pickadil	0.0
pickax	1.6
pickaxe	2.4
pickaxed	0.0
pickaxes	1.9
picked	4.7
pickeer	0.0
pickeers	0.0
picker	3.0
pickerel	2.1
pickers	2.8
picket	3.3
picketed	2.2
picketer	0.0
pickets	2.6
pickier	1.7
pickiest	1.6
picking	4.4
pickings	2.7
pickle	3.4
pickled	3.2
pickles	3.5
pickling	2.5
picklock	0.0
pickoff	1.8
pickoffs	1.0
picks	4.2
pickup	3.9
pickups	3.1
pickwick	2.5
picky	3.3
picloram	0.0
picnic	3.8
picnicky	0.0
picnics	2.8
picogram	0.0
picolin	0.0
picoline	0.0
picolins	0.0
picomole	0.0
picot	2.3
picoted	0.0
picotee	0.0
picotees	0.0
picoting	0.0
picots	0.0
picquet	1.6
picquets	0.0
picrate	0.0
picrated	0.0
picrates	0.0
picric	1.6
picrite	0.0
picrites	0.0
picritic	0.0
pics	4.2
picture	5.1
pictured	3.8
pictures	4.9
picul	0.0
piculs	0.0
piddle	1.8
piddled	0.0
piddler	0.0
piddlers	0.0
piddles	1.1
piddling	1.9
piddly	1.7
piddock	1.1
piddocks	0.0
pidgin	2.5
pidgins	1.6
pie	4.2
piebald	1.9
piebalds	0.0
piece	5.0
pieced	2.8
piecer	0.0
piecers	0.0
pieces	4.7
piecing	2.7
piecings	0.0
piecrust	1.3
pied	3.0
piedfort	0.0
piedmont	3.1
piefort	0.0
pieforts	0.0
pieing	0.0
pieplant	0.0
pier	3.8
pierce	3.9
pierced	3.5
piercer	1.9
piercers	1.4
pierces	2.5
piercing	3.6
pierogi	2.0
pierrot	2.6
pierrots	0.0
piers	3.5
pies	3.6
pieta	2.0
pietas	1.4
pieties	1.7
pietism	1.8
pietisms	0.0
pietist	1.6
pietists	1.4
piety	3.1
piffle	1.9
piffled	0.0
piffles	0.0
piffling	1.2
pig	4.1
pigboat	0.0
pigboats	0.0
pigeon	3.6
pigeons	3.4
pigfish	0.0
pigged	1.4
piggery	1.9
piggie	1.9
piggier	0.0
piggies	2.4
piggiest	0.0
piggin	1.2
pigging	1.9
piggins	1.4
piggish	1.5
piggy	3.3
piglet	2.8
piglets	2.6
piglike	0.0
pigment	3.4
pigments	3.1
pigmies	0.0
pigmy	1.7
pignoli	0.0
pignolia	0.0
pignolis	0.0
pignora	0.0
pignus	0.0
pignut	1.1
pignuts	0.0
pigout	0.0
pigouts	0.0
pigpen	1.9
pigpens	0.0
pigs	4.0
pigskin	2.3
pigskins	0.0
pigsney	0.0
pigsneys	0.0
pigstick	0.0
pigsties	1.3
pigsty	1.9
pigtail	2.2
pigtails	2.6
pigweed	1.4
pigweeds	0.0
piing	0.0
pika	2.6
pikake	0.0
pikakes	0.0
pikas	1.6
pike	3.7
piked	1.4
pikeman	1.1
pikemen	1.9
piker	1.7
pikers	1.2
pikes	2.8
piki	1.4
piking	1.1
pikis	0.0
pilaf	2.2
pilaff	0.0
pilaffs	0.0
pilafs	0.0
pilar	2.8
pilaster	1.8
pilau	1.6
pilaus	0.0
pilaw	0.0
pilaws	0.0
pilchard	1.9
pile	4.1
pilea	1.1
pileate	0.0
pileated	1.8
piled	3.4
pilei	0.0
pileless	0.0
pileous	0.0
piles	3.6
pileum	0.0
pileup	2.3
pileups	1.3
pileus	1.6
pilewort	0.0
pilfer	2.1
pilfered	2.1
pilferer	1.1
pilfers	1.1
pilgrim	3.4
pilgrims	3.5
pili	2.1
piliform	0.0
piling	3.3
pilings	2.2
pilis	1.2
pill	4.0
pillage	2.8
pillaged	2.5
pillager	1.5
pillages	1.4
pillar	3.6
pillared	2.0
pillars	3.6
pillbox	2.2
pilled	1.8
pilling	2.4
pillion	2.1
pillions	0.0
pillory	2.1
pillow	4.0
pillowed	1.3
pillows	3.5
pillowy	1.7
pills	4.0
pilose	1.3
pilosity	0.0
pilot	4.5
pilotage	1.9
piloted	3.0
piloting	3.0
pilots	4.1
pilous	0.0
pilsener	1.5
pilsner	2.4
pilsners	1.4
pilular	0.0
pilule	0.0
pilules	0.0
pilus	1.5
pily	0.0
pima	2.7
pimas	0.0
pimento	2.2
pimentos	1.2
pimiento	1.5
pimp	3.4
pimped	2.4
pimping	2.7
pimple	2.8
pimpled	1.3
pimples	2.9
pimplier	0.0
pimply	1.9
pimps	2.9
pin	4.3
pina	2.7
pinafore	2.1
pinang	1.8
pinangs	0.0
pinas	1.7
pinaster	1.3
pinata	2.3
pinatas	1.6
pinball	3.1
pinballs	1.3
pinbone	0.0
pinbones	0.0
pincer	2.4
pincers	2.3
pinch	3.8
pinchbug	0.0
pincheck	0.0
pinched	3.1
pincher	2.3
pinchers	1.7
pinches	2.6
pinching	3.0
pinder	2.2
pinders	0.0
pindling	1.1
pine	4.1
pineal	2.5
pineals	0.0
pinecone	2.1
pined	2.0
pineland	1.3
pinelike	0.0
pinene	1.7
pinenes	0.0
pineries	0.0
pinery	1.4
pines	3.4
pinesap	0.0
pinesaps	0.0
pineta	1.2
pinetum	1.2
pinewood	2.6
piney	2.5
pinfish	0.0
pinfold	1.5
pinfolds	0.0
ping	3.8
pinged	2.5
pinger	1.6
pingers	1.4
pinging	2.6
pingo	1.6
pingos	1.1
pingrass	0.0
pings	2.9
pinguid	0.0
pinhead	2.3
pinheads	1.6
pinhole	2.5
pinholes	1.9
pinier	0.0
piniest	0.0
pining	2.8
pinion	2.6
pinioned	1.2
pinions	1.8
pinite	0.0
pinites	0.0
pinitol	0.0
pinitols	0.0
pink	4.5
pinked	1.4
pinken	0.0
pinkened	0.0
pinkens	0.0
pinker	2.5
pinkers	0.0
pinkest	1.1
pinkey	1.2
pinkeye	1.8
pinkeyes	0.0
pinkeys	0.0
pinkie	2.9
pinkies	2.0
pinking	1.7
pinkings	0.0
pinkish	2.7
pinkly	0.0
pinkness	1.4
pinko	2.0
pinkoes	0.0
pinkos	1.3
pinkroot	0.0
pinks	2.8
pinky	3.4
pinna	2.1
pinnace	1.6
pinnaces	1.2
pinnacle	3.5
pinnae	1.9
pinnal	0.0
pinnas	0.0
pinnate	2.2
pinnated	0.0
pinned	3.7
pinner	2.2
pinners	1.4
pinnies	1.1
pinning	3.1
pinniped	1.4
pinnula	0.0
pinnulae	0.0
pinnular	0.0
pinnule	1.1
pinnules	1.5
pinny	1.6
pinochle	1.7
pinocle	0.0
pinocles	0.0
pinole	1.7
pinoles	0.0
pinon	1.9
pinones	0.0
pinons	0.0
pinot	3.1
pinots	1.4
pinpoint	3.4
pinprick	2.0
pins	3.8
pinscher	1.9
pint	3.7
pinta	2.1
pintada	1.0
pintadas	0.0
pintado	1.6
pintados	0.0
pintail	1.9
pintails	1.4
pintano	0.0
pintanos	0.0
pintas	0.0
pintle	1.8
pintles	0.0
pinto	3.1
pintoes	0.0
pintos	1.8
pints	3.2
pintsize	0.0
pinup	2.3
pinups	1.7
pinwale	0.0
pinwales	0.0
pinweed	0.0
pinweeds	0.0
pinwheel	2.3
pinwork	0.0
pinworks	0.0
pinworm	1.2
pinworms	1.4
piny	1.1
pinyin	2.3
pinyon	1.9
pinyons	0.0
piolet	1.0
piolets	0.0
pion	2.0
pioneer	3.9
pioneers	3.5
pionic	0.0
pions	1.7
piosity	0.0
pious	3.3
piously	1.9
pip	3.4
pipage	0.0
pipages	0.0
pipal	1.4
pipals	0.0
pipe	4.2
pipeage	0.0
pipeages	0.0
piped	3.0
pipefish	1.3
pipeful	0.0
pipefuls	0.0
pipeless	0.0
pipelike	0.0
pipeline	4.0
piper	3.7
piperine	1.3
pipers	2.5
pipes	4.0
pipestem	1.2
pipet	1.2
pipets	0.0
pipette	2.3
pipetted	1.1
pipettes	1.9
pipier	0.0
pipiest	0.0
pipiness	0.0
piping	3.4
pipingly	0.0
pipings	0.0
pipit	1.9
pipits	1.6
pipkin	1.9
pipkins	1.3
pipped	2.1
pippin	2.8
pipping	1.7
pippins	1.5
pips	2.9
pipy	0.0
piquance	0.0
piquancy	1.6
piquant	2.2
pique	2.9
piqued	2.7
piques	2.0
piquet	2.1
piquets	0.0
piquing	1.5
piracies	0.0
piracy	3.5
piragua	1.0
piraguas	0.0
pirana	0.0
piranas	0.0
piranha	2.8
piranhas	2.4
pirarucu	1.0
pirate	4.0
pirated	2.9
pirates	4.0
piratic	0.0
pirating	2.3
piraya	0.0
pirayas	0.0
piriform	1.6
pirn	1.2
pirns	0.0
pirog	1.0
pirogen	0.0
piroghi	0.0
pirogi	0.0
pirogies	0.0
pirogue	1.5
pirogues	1.2
pirojki	0.0
piroque	0.0
piroques	0.0
piroshki	0.0
pirozhki	1.2
pirozhok	0.0
pis	2.7
piscary	0.0
piscator	1.5
piscina	2.0
piscinae	0.0
piscinal	0.0
piscinas	0.0
piscine	1.9
pisco	2.2
piscos	0.0
pish	2.4
pished	1.2
pishes	0.0
pishing	1.1
pishoge	0.0
pishoges	0.0
pishogue	0.0
pisiform	1.3
pismire	0.0
pismires	0.0
piso	2.3
pisolite	0.0
pisos	0.0
piss	4.2
pissant	1.7
pissants	1.0
pissed	4.2
pisser	1.8
pissers	1.2
pisses	3.5
pissing	3.6
pissoir	0.0
pissoirs	0.0
pistache	1.1
piste	2.4
pistes	2.0
pistil	1.9
pistils	1.7
pistol	3.9
pistole	1.7
pistoled	0.0
pistoles	1.6
pistols	3.5
piston	3.5
pistons	3.3
pit	4.3
pita	3.0
pitapat	0.0
pitapats	0.0
pitas	1.8
pitch	4.4
pitched	3.8
pitcher	3.8
pitchers	3.4
pitches	3.6
pitchier	0.0
pitchily	0.0
pitching	3.8
pitchman	1.8
pitchmen	1.2
pitchout	1.0
pitchy	1.9
piteous	1.8
pitfall	2.5
pitfalls	3.1
pith	2.5
pithead	1.4
pitheads	0.0
pithed	0.0
pithier	0.0
pithiest	0.0
pithily	1.5
pithing	1.1
pithless	0.0
piths	0.0
pithy	2.6
pitiable	2.2
pitiably	0.0
pitied	2.5
pitier	0.0
pitiers	0.0
pities	1.9
pitiful	3.2
pitiless	2.3
pitman	2.7
pitmans	0.0
pitmen	1.4
piton	1.9
pitons	1.8
pits	3.7
pitsaw	0.0
pitsaws	0.0
pittance	2.6
pitted	3.2
pitting	3.0
pittings	0.0
pity	4.0
pitying	2.5
piu	2.2
pivot	3.5
pivotal	3.5
pivoted	2.5
pivoting	2.6
pivotman	0.0
pivotmen	0.0
pivots	2.6
pix	2.8
pixel	3.7
pixels	3.5
pixes	0.0
pixie	3.1
pixieish	0.0
pixies	2.8
pixiness	0.0
pixy	1.8
pixyish	0.0
pizazz	1.9
pizazzes	0.0
pizazzy	0.0
pizza	4.4
pizzas	3.3
pizzeria	2.9
pizzle	1.6
pizzles	0.0
placable	0.0
placably	0.0
placard	2.7
placards	2.7
placate	2.8
placated	2.1
placater	0.0
placates	1.3
place	5.7
placebo	3.5
placebos	2.2
placed	4.8
placeman	0.0
placemen	1.3
placenta	3.1
placer	2.9
placers	1.9
places	5.0
placet	1.0
placets	0.0
placid	3.0
placidly	1.8
placing	4.2
plack	1.4
placket	1.6
plackets	0.0
placks	0.0
placoid	1.1
placoids	0.0
plafond	1.3
plafonds	0.0
plagal	1.6
plage	2.1
plages	1.3
plagiary	0.0
plague	3.9
plagued	3.5
plaguer	0.0
plaguers	0.0
plagues	3.0
plaguey	0.0
plaguily	0.0
plaguing	2.7
plaguy	1.0
plaice	2.2
plaices	0.0
plaid	3.3
plaided	0.0
plaids	1.9
plain	4.4
plained	0.0
plainer	2.2
plainest	1.8
plaining	0.0
plainly	3.4
plains	3.9
plaint	1.7
plaints	0.0
plaister	1.0
plait	2.4
plaited	2.1
plaiter	0.0
plaiters	0.0
plaiting	1.7
plaits	2.1
plan	5.3
planar	3.1
planaria	1.4
planate	0.0
planch	1.1
planche	2.0
planches	1.4
planchet	1.8
plane	4.7
planed	2.4
planer	2.4
planers	1.5
planes	4.2
planet	4.7
planets	4.0
planform	1.6
plangent	1.4
planing	2.8
planish	0.0
plank	3.5
planked	1.9
planking	2.5
planks	3.1
plankter	0.0
plankton	3.0
planless	0.0
planned	4.7
planner	3.5
planners	3.5
planning	4.9
planosol	0.0
plans	5.0
plant	4.9
plantain	2.7
plantar	2.6
planted	4.0
planter	3.1
planters	3.1
planting	3.8
plantlet	0.0
plants	4.7
planula	0.0
planulae	0.0
planular	0.0
plaque	3.7
plaques	3.2
plash	1.3
plashed	0.0
plasher	0.0
plashers	0.0
plashes	0.0
plashier	0.0
plashing	0.0
plashy	0.0
plasm	1.7
plasma	4.0
plasmas	2.5
plasmic	1.2
plasmid	2.7
plasmids	2.4
plasmin	1.4
plasmins	0.0
plasmoid	1.2
plasmon	2.1
plasmons	1.8
plasms	0.0
plaster	3.5
plasters	2.3
plastery	0.0
plastic	4.5
plastics	3.6
plastid	1.9
plastids	1.9
plastral	0.0
plastron	1.6
plastrum	0.0
plat	3.1
platan	0.0
platane	0.0
platanes	0.0
platans	0.0
plate	4.5
plateau	3.6
plateaus	2.7
plateaux	1.9
plated	3.5
plateful	1.8
platelet	2.9
platen	2.0
platens	1.2
plater	2.2
platers	1.9
plates	4.2
platform	4.7
platier	0.0
platies	0.0
platiest	0.0
platina	1.8
platinas	0.0
plating	3.1
platings	1.1
platinic	0.0
platinum	4.0
platonic	3.2
platoon	3.5
platoons	2.6
plats	2.2
platted	2.2
platter	3.2
platters	2.6
platting	1.8
platy	1.7
platypi	0.0
platypus	2.7
platys	1.1
plaudit	1.2
plaudits	2.4
plausive	0.0
play	5.6
playa	3.2
playable	3.4
playact	0.0
playacts	0.0
playas	2.1
playback	3.3
playbill	2.1
playbook	3.3
playboy	3.6
playboys	2.3
playdate	2.2
playday	1.0
playdays	0.0
playdown	0.0
played	5.2
player	5.2
players	5.3
playful	3.5
playgirl	2.0
playgoer	0.0
playing	5.4
playland	2.0
playless	0.0
playlet	1.2
playlets	1.2
playlike	0.0
playlist	3.6
playmate	2.8
playoff	4.1
playoffs	4.2
playpen	2.4
playpens	1.1
playroom	2.5
plays	4.8
playsuit	1.8
playtime	3.0
playwear	0.0
plaza	3.9
plazas	2.5
plea	4.0
pleach	0.0
pleached	1.1
pleaches	0.0
plead	3.6
pleaded	3.7
pleader	1.7
pleaders	0.0
pleading	3.5
pleads	3.2
pleas	3.5
pleasant	4.2
please	5.7
pleased	4.4
pleaser	2.7
pleasers	2.0
pleases	3.3
pleasing	3.8
pleasure	4.6
pleat	2.2
pleated	2.7
pleater	0.0
pleaters	0.0
pleating	1.7
pleats	2.4
pleb	2.3
plebe	1.9
plebeian	2.4
plebes	1.8
plebs	2.6
plectra	0.0
plectron	0.0
plectrum	1.9
pled	2.7
pledge	4.0
pledged	3.6
pledgee	1.1
pledgees	0.0
pledgeor	0.0
pledger	1.8
pledgers	1.5
pledges	3.4
pledget	1.4
pledgets	0.0
pledging	3.0
pledgor	0.0
pledgors	0.0
pleiad	1.1
pleiades	2.4
pleiads	0.0
plena	1.9
plenary	3.1
plench	0.0
plenches	0.0
plenish	0.0
plenism	0.0
plenisms	0.0
plenist	0.0
plenists	0.0
plenties	0.0
plenty	4.7
plenum	2.8
plenums	1.5
pleonasm	1.3
pleopod	0.0
pleopods	1.1
plessor	0.0
plessors	0.0
plethora	3.2
pleura	1.9
pleurae	1.1
pleural	2.5
pleuras	0.0
pleurisy	2.0
pleuron	1.1
pleuston	0.0
plew	1.0
plews	1.2
plexal	0.0
plexor	0.0
plexors	0.0
plexus	2.8
plexuses	1.4
pliable	2.6
pliably	0.0
pliancy	1.1
pliant	2.2
pliantly	0.0
plica	1.5
plicae	1.1
plical	0.0
plicate	1.4
plicated	0.0
plie	1.3
plied	2.6
plier	1.7
pliers	2.9
plies	2.6
plight	3.5
plighted	1.2
plighter	0.0
plights	1.9
plimsol	0.0
plimsole	0.0
plimsoll	1.8
plimsols	0.0
plink	1.8
plinked	0.0
plinker	0.0
plinkers	0.0
plinking	1.6
plinks	0.0
plinth	2.6
plinths	1.9
pliotron	0.0
pliskie	0.0
pliskies	0.0
plisky	0.0
plisse	0.0
plisses	0.0
plod	2.3
plodded	1.9
plodder	1.5
plodders	1.2
plodding	2.6
plods	1.7
ploidies	0.0
ploidy	1.6
plonk	2.1
plonked	1.8
plonking	1.4
plonks	1.3
plop	2.6
plopped	2.4
plopping	2.0
plops	2.0
plosion	1.2
plosions	0.0
plosive	1.7
plosives	1.6
plot	4.6
plotless	1.6
plotline	2.5
plots	3.8
plottage	0.0
plotted	3.3
plotter	2.5
plotters	2.6
plottier	0.0
plotties	0.0
plotting	3.6
plotty	0.0
plotz	1.6
plotzed	0.0
plotzes	0.0
plotzing	0.0
plough	3.1
ploughed	2.8
plougher	0.0
ploughs	2.4
plover	2.5
plovers	2.1
plow	3.2
plowable	0.0
plowback	0.0
plowboy	1.1
plowboys	0.0
plowed	2.9
plower	0.0
plowers	0.0
plowhead	0.0
plowing	2.9
plowland	0.0
plowman	2.2
plowmen	0.0
plows	2.7
ploy	3.2
ployed	1.0
ploying	0.0
ploys	2.2
pluck	3.1
plucked	3.2
plucker	1.6
pluckers	1.3
pluckier	0.0
pluckily	1.0
plucking	2.9
plucks	2.3
plucky	2.6
plug	4.1
plugged	3.4
plugger	1.7
pluggers	1.3
plugging	3.1
plugless	0.0
plugola	0.0
plugolas	0.0
plugs	3.5
plugugly	0.0
plum	3.5
plumage	2.9
plumaged	1.3
plumages	1.4
plumate	0.0
plumb	2.9
plumbago	1.6
plumbed	2.2
plumber	3.4
plumbers	3.0
plumbery	0.0
plumbic	0.0
plumbing	3.6
plumbism	0.0
plumbous	0.0
plumbs	1.6
plumbum	1.2
plumbums	0.0
plume	3.2
plumed	2.1
plumelet	0.0
plumeria	1.7
plumes	2.9
plumier	0.0
plumiest	0.0
pluming	1.3
plumiped	0.0
plumlike	0.0
plummet	2.9
plummets	2.4
plummier	0.0
plummy	1.7
plumose	1.1
plump	3.2
plumped	2.1
plumpen	0.0
plumpens	0.0
plumper	2.1
plumpers	1.1
plumpest	0.0
plumping	2.1
plumpish	0.0
plumply	0.0
plumps	1.7
plums	3.0
plumular	0.0
plumule	0.0
plumules	0.0
plumy	0.0
plunder	3.1
plunders	1.7
plunge	3.5
plunged	3.4
plunger	2.9
plungers	2.0
plunges	2.8
plunging	3.1
plunk	2.1
plunked	2.0
plunker	0.0
plunkers	0.0
plunking	1.6
plunks	1.2
plural	3.5
plurally	0.0
plurals	2.2
plus	5.0
pluses	2.5
plush	3.3
plusher	1.2
plushes	1.6
plushest	0.0
plushier	0.0
plushily	0.0
plushly	0.0
plushy	1.8
plussage	0.0
plusses	1.6
plutei	0.0
pluteus	1.1
pluton	2.0
plutonic	2.0
plutons	1.7
pluvial	1.5
pluvials	0.0
pluvian	0.0
pluviose	0.0
pluvious	0.0
ply	3.1
plyer	0.0
plyers	1.1
plying	2.7
plyingly	0.0
plywood	3.3
plywoods	1.1
pneuma	2.0
pneumas	0.0
poaceous	0.0
poach	2.7
poached	3.0
poacher	2.6
poachers	2.9
poaches	1.5
poachier	0.0
poaching	3.1
poachy	0.0
pochard	1.6
pochards	0.0
pock	2.2
pocked	1.8
pocket	4.5
pocketed	2.8
pocketer	0.0
pockets	4.1
pockier	0.0
pockiest	0.0
pockily	0.0
pocking	1.2
pockmark	1.2
pocks	1.3
pocky	2.0
poco	2.6
pocosin	0.0
pocosins	0.0
pod	3.7
podagra	0.0
podagral	0.0
podagras	0.0
podagric	0.0
podded	1.7
podding	1.3
podesta	2.9
podestas	1.1
podgier	0.0
podgiest	0.0
podgily	0.0
podgy	1.6
podia	1.4
podiatry	2.2
podite	0.0
podites	0.0
poditic	0.0
podium	3.6
podiums	2.5
podlike	0.0
podocarp	0.0
podomere	0.0
pods	3.5
podsol	0.0
podsolic	0.0
podsols	0.0
podzol	1.1
podzolic	1.1
podzols	0.0
poechore	0.0
poem	4.2
poems	4.1
poesies	0.0
poesy	1.7
poet	4.2
poetess	2.0
poetic	3.7
poetical	2.6
poetics	2.8
poetise	0.0
poetised	0.0
poetiser	0.0
poetises	0.0
poetize	0.0
poetized	0.0
poetizer	0.0
poetizes	0.0
poetless	0.0
poetlike	0.0
poetries	1.4
poetry	4.4
poets	3.8
pogey	0.0
pogeys	0.0
pogies	0.0
pogonia	0.0
pogonias	0.0
pogonip	0.0
pogonips	0.0
pogrom	2.4
pogromed	0.0
pogroms	2.5
pogy	0.0
poh	2.4
poi	2.8
poignant	3.3
poilu	1.3
poilus	1.1
poind	0.0
poinded	0.0
poinding	0.0
poinds	0.0
point	5.5
pointe	3.0
pointed	4.5
pointer	3.6
pointers	3.5
pointes	1.7
pointier	1.4
pointing	4.2
pointman	1.3
pointmen	0.0
points	5.2
pointy	3.1
pois	2.2
poise	3.0
poised	3.4
poiser	0.0
poisers	0.0
poises	0.0
poisha	0.0
poising	1.4
poison	4.1
poisoned	3.6
poisoner	2.0
poisons	3.2
poitrel	0.0
poitrels	0.0
poke	3.6
poked	3.2
poker	4.0
pokeroot	0.0
pokers	1.8
pokes	2.9
pokeweed	1.4
pokey	2.5
pokeys	0.0
pokier	0.0
pokies	2.4
pokiest	0.0
pokily	0.0
pokiness	0.0
poking	3.4
poky	1.9
pol	3.4
polar	4.0
polarise	1.6
polarity	3.1
polarize	2.2
polaron	1.6
polarons	1.1
polars	1.4
polder	1.9
polders	1.7
pole	4.2
poleax	0.0
poleaxe	1.1
poleaxed	1.2
poleaxes	0.0
polecat	2.0
polecats	1.6
poled	1.6
poleis	1.4
poleless	0.0
polemic	2.6
polemics	2.4
polemist	0.0
polemize	0.0
polenta	2.5
polentas	0.0
poler	0.0
polers	0.0
poles	3.9
polestar	2.0
poleward	1.9
poleyn	0.0
poleyns	0.0
police	5.3
policed	2.5
polices	2.7
policies	4.7
policing	3.6
policy	5.2
poling	2.1
polio	3.3
polios	0.0
polis	2.7
polish	4.3
polished	3.8
polisher	2.2
polishes	2.6
polite	3.9
politely	3.5
politer	1.3
politest	1.6
politic	2.8
politick	1.3
politico	3.2
politics	4.9
polities	2.3
polity	2.9
polka	3.2
polkaed	0.0
polkaing	0.0
polkas	1.8
poll	4.3
pollack	2.9
pollacks	0.0
pollard	3.2
pollards	1.4
polled	3.2
pollee	0.0
pollees	0.0
pollen	3.5
pollened	0.0
pollens	1.9
poller	1.3
pollers	0.0
pollex	1.2
pollical	0.0
pollices	0.0
polling	3.8
pollinia	1.3
pollinic	0.0
pollist	0.0
pollists	0.0
polliwog	0.0
pollock	3.2
pollocks	1.3
polls	4.1
pollster	2.5
pollute	2.9
polluted	3.3
polluter	2.2
pollutes	2.2
pollywog	1.1
polo	3.8
poloist	0.0
poloists	0.0
polonium	2.5
polos	2.3
pols	2.3
poltroon	1.4
poly	3.6
polybrid	0.0
polycot	0.0
polycots	0.0
polyene	1.0
polyenes	1.1
polyenic	0.0
polygala	1.3
polygamy	3.1
polygene	0.0
polyglot	2.4
polygon	3.0
polygons	2.7
polygony	0.0
polygyny	2.0
polymath	2.2
polymer	3.6
polymers	3.3
polynya	1.2
polynyas	1.1
polynyi	0.0
polyoma	0.0
polyomas	0.0
polyp	2.4
polypary	0.0
polypi	0.0
polypide	0.0
polypnea	0.0
polypod	0.0
polypods	0.0
polypody	0.0
polypoid	1.1
polypore	1.1
polypous	0.0
polyps	2.7
polypus	0.0
polys	1.7
polysemy	1.6
polysome	1.1
polytene	0.0
polyteny	0.0
polytype	0.0
polyuria	1.5
polyuric	0.0
polyzoan	0.0
polyzoic	0.0
pom	3.2
pomace	1.8
pomaces	0.0
pomade	2.3
pomaded	0.0
pomades	1.4
pomading	0.0
pomander	1.3
pomatum	0.0
pomatums	0.0
pome	1.6
pomelo	1.8
pomelos	1.1
pomes	1.0
pomfret	2.2
pomfrets	0.0
pommee	0.0
pommel	2.5
pommeled	0.0
pommels	1.4
pommie	1.3
pommies	1.0
pommy	1.7
pomology	1.2
pomp	3.0
pompano	2.4
pompanos	0.0
pompom	1.9
pompoms	2.0
pompon	1.6
pompons	1.1
pompous	3.1
pomps	1.3
poms	2.7
ponce	2.9
ponced	0.0
ponces	1.2
poncho	2.8
ponchos	2.3
poncing	0.0
pond	4.0
ponded	1.2
ponder	3.4
pondered	2.9
ponderer	0.0
ponders	2.6
ponding	1.7
ponds	3.5
pondweed	1.4
pone	2.2
ponent	1.2
pones	1.2
pong	3.5
ponged	1.2
pongee	1.1
pongees	0.0
pongid	0.0
pongids	0.0
ponging	1.4
pongs	1.5
poniard	1.1
poniards	0.0
ponied	1.6
ponies	3.3
pons	2.6
pontes	1.7
pontifex	2.2
pontiff	2.8
pontiffs	1.9
pontific	0.0
pontil	1.2
pontils	0.0
pontine	1.9
ponton	2.1
pontons	0.0
pontoon	2.7
pontoons	2.3
pony	3.8
ponying	1.4
ponytail	3.1
pooch	3.0
pooched	0.0
pooches	2.1
pooching	0.0
pood	1.3
poodle	3.0
poodles	2.5
poods	1.5
poof	2.9
poofs	1.9
pooftah	0.0
pooftahs	0.0
poofter	1.6
poofters	1.1
poofy	2.1
pooh	3.3
poohed	1.6
poohing	1.1
poohs	1.4
pool	4.7
pooled	3.0
poolhall	0.0
pooling	3.0
poolroom	1.4
pools	3.9
poolside	2.8
poon	2.6
poons	1.1
poop	3.7
pooped	2.9
pooping	3.0
poops	2.6
poor	5.1
poorer	3.6
poorest	3.5
poori	1.5
pooris	0.0
poorish	0.0
poorly	4.1
poorness	1.4
poortith	0.0
poove	0.0
pooves	0.0
pop	4.9
popcorn	3.7
popcorns	1.6
pope	4.4
popedom	0.0
popedoms	0.0
popeless	0.0
popelike	0.0
poperies	0.0
popery	1.9
popes	3.1
popeyed	0.0
popgun	1.4
popguns	0.0
popinjay	1.5
popish	2.1
popishly	0.0
poplar	3.1
poplars	2.1
poplin	1.9
poplins	0.0
poplitic	0.0
popover	1.6
popovers	1.5
poppa	2.6
poppas	0.0
popped	3.9
popper	3.0
poppers	2.6
poppet	2.3
poppets	1.4
poppied	0.0
poppies	2.9
popping	3.8
popple	1.7
poppled	0.0
popples	1.2
poppling	0.0
poppy	3.6
pops	3.9
popsie	1.1
popsies	0.0
popsy	1.4
populace	3.3
popular	5.1
populate	2.9
populism	3.0
populist	3.4
populous	3.4
porch	3.9
porches	2.7
porcine	2.5
porcini	2.0
porcino	0.0
pore	3.3
pored	2.2
pores	3.4
porgies	0.0
porgy	2.2
poring	2.4
porism	0.0
porisms	0.0
pork	4.0
porker	1.8
porkers	1.5
porkier	0.0
porkies	1.6
porkiest	0.0
porkpie	1.4
porkpies	0.0
porks	1.2
porkwood	0.0
porky	2.7
porn	4.5
pornier	0.0
porniest	0.0
porno	3.4
pornos	2.2
porns	1.7
porny	1.5
porose	0.0
porosity	2.7
porous	3.4
porously	0.0
porphyry	2.3
porpoise	2.6
porrect	1.2
porridge	3.1
porridgy	0.0
port	4.7
portable	4.0
portably	0.0
portage	3.0
portaged	1.1
portages	1.8
portal	4.0
portaled	0.0
portals	3.3
portance	0.0
portapak	0.0
ported	3.0
portend	2.1
portends	2.1
portent	2.3
portents	2.1
porter	4.0
portered	0.0
porters	2.9
porthole	2.3
portico	2.7
porticos	1.7
portiere	1.1
porting	2.6
portion	4.5
portions	4.0
portless	0.0
portlier	0.0
portly	2.4
portrait	4.2
portray	3.6
portrays	3.3
portress	1.2
ports	4.1
posada	2.3
posadas	1.8
pose	4.1
posed	3.8
poser	2.7
posers	2.3
poses	3.8
poseur	1.9
poseurs	1.7
posh	3.4
posher	1.7
poshest	1.6
poshly	0.0
poshness	0.0
posies	2.0
posing	3.7
posingly	0.0
posit	2.8
posited	2.8
positing	2.3
position	5.2
positive	5.0
positron	2.6
posits	2.8
posology	0.0
posse	3.2
posses	2.6
possess	4.0
posset	1.6
possets	0.0
possible	5.4
possibly	4.8
possum	2.9
possums	2.4
post	5.4
postage	3.5
postages	0.0
postal	3.9
postally	0.0
postals	0.0
postanal	0.0
postbag	1.2
postbags	0.0
postbase	0.0
postbox	1.9
postboy	0.0
postboys	0.0
postburn	0.0
postcard	3.4
postcava	0.0
postcode	3.0
postcoup	0.0
postdate	1.4
postdive	0.0
postdoc	2.5
postdocs	2.0
postdrug	0.0
posted	5.0
posteen	0.0
posteens	0.0
poster	4.2
postern	1.8
posterns	0.0
posters	4.0
postface	0.0
postfire	0.0
postfix	1.9
postform	0.0
postgame	2.7
postheat	0.0
posthole	1.1
postiche	0.0
postin	1.4
posting	4.4
postings	3.1
postins	0.0
postique	0.0
postlude	1.4
postman	3.1
postmark	2.3
postmen	2.1
postoral	0.0
postpaid	2.4
postpone	3.5
postrace	0.0
postriot	0.0
posts	4.7
postshow	0.0
postsync	0.0
posttax	0.0
postteen	0.0
posttest	1.6
postural	2.6
posture	3.6
postured	1.7
posturer	0.0
postures	2.7
postwar	3.4
posy	2.2
pot	4.4
potable	2.8
potables	0.0
potage	1.5
potages	0.0
potamic	0.0
potash	2.8
potashes	0.0
potassic	1.2
potation	0.0
potato	4.1
potatoes	4.1
potatory	0.0
potbelly	2.0
potboil	0.0
potboils	0.0
potboy	0.0
potboys	0.0
poteen	1.1
poteens	0.0
potence	1.2
potences	0.0
potency	3.3
potent	3.7
potently	1.9
potful	1.0
potfuls	0.0
pothead	2.3
potheads	2.1
potheen	0.0
potheens	0.0
pother	1.2
potherb	0.0
potherbs	0.0
pothered	0.0
pothers	0.0
pothole	2.7
potholed	1.5
potholes	2.9
pothook	0.0
pothooks	0.0
pothouse	0.0
potiche	0.0
potiches	0.0
potion	3.3
potions	3.0
potlach	0.0
potlache	0.0
potlatch	2.0
potlike	0.0
potline	0.0
potlines	0.0
potluck	2.5
potlucks	1.8
potman	0.0
potmen	0.0
potpie	1.2
potpies	0.0
pots	3.8
potshard	0.0
potsherd	1.2
potshot	1.7
potshots	1.9
potsie	1.2
potsies	0.0
potstone	0.0
potsy	1.1
pottage	1.8
pottages	0.0
potted	2.9
potteen	0.0
potteens	0.0
potter	4.1
pottered	1.2
potterer	0.0
potters	2.9
pottery	3.7
pottier	1.4
potties	2.0
pottiest	0.0
potting	2.7
pottle	1.6
pottles	0.0
potto	1.5
pottos	0.0
potty	3.3
potzer	0.0
potzers	0.0
pouch	3.4
pouched	1.7
pouches	2.9
pouchier	0.0
pouching	1.1
pouchy	0.0
pouf	1.9
poufed	0.0
pouff	0.0
pouffe	1.2
pouffed	0.0
pouffes	0.0
pouffs	0.0
poufs	1.1
poulard	0.0
poularde	0.0
poulards	0.0
poult	1.2
poulter	2.2
poulters	0.0
poultice	2.2
poultry	3.5
poults	1.5
pounce	3.0
pounced	2.6
pouncer	0.0
pouncers	0.0
pounces	2.2
pouncing	2.2
pound	4.3
poundage	1.9
poundal	0.0
poundals	0.0
pounded	3.2
pounder	2.9
pounders	2.5
pounding	3.6
pounds	4.5
pour	4.1
pourable	1.2
poured	3.8
pourer	1.6
pourers	0.0
pouring	3.9
pours	3.2
poussie	0.0
poussies	0.0
pout	2.8
pouted	2.1
pouter	1.2
pouters	0.0
poutful	0.0
poutier	0.0
poutiest	0.0
pouting	2.7
pouts	2.1
pouty	2.4
poverty	4.5
pow	3.4
powder	4.2
powdered	3.3
powderer	0.0
powders	3.1
powdery	2.8
power	5.5
powered	4.2
powerful	4.8
powering	3.3
powers	4.7
pows	2.8
powter	1.4
powters	0.0
powwow	2.3
powwowed	0.0
powwows	1.6
pox	3.0
poxed	0.0
poxes	0.0
poxing	0.0
poxvirus	1.2
poyou	0.0
poyous	0.0
pozzolan	1.0
praam	0.0
praams	0.0
practic	1.6
practice	5.1
practise	3.5
praecipe	0.0
praedial	0.0
praefect	0.0
praelect	0.0
praetor	2.3
praetors	1.6
prahu	0.0
prahus	0.0
prairie	3.7
prairies	2.9
praise	4.3
praised	4.0
praiser	0.0
praisers	0.0
praises	3.5
praising	3.6
praline	2.1
pralines	1.8
pram	2.8
prams	2.1
prance	2.4
pranced	1.8
prancer	1.7
prancers	0.0
prances	1.7
prancing	2.6
prandial	1.6
prang	2.1
pranged	0.0
pranging	0.0
prangs	1.1
prank	3.7
pranked	2.4
pranking	2.4
prankish	1.2
pranks	3.2
prao	1.1
praos	0.0
prase	1.0
prases	0.0
prat	2.6
prate	1.5
prated	0.0
prater	2.5
praters	0.0
prates	1.3
pratfall	1.5
prating	1.4
pratique	2.0
prats	1.8
prattle	2.2
prattled	1.2
prattler	0.0
prattles	1.3
prau	0.0
praus	0.0
prawn	2.9
prawned	0.0
prawner	0.0
prawners	0.0
prawning	0.0
prawns	3.0
praxes	0.0
praxis	2.9
praxises	0.0
pray	4.4
prayed	3.7
prayer	4.4
prayers	4.1
praying	4.0
prays	3.1
preach	3.7
preached	3.4
preacher	3.7
preaches	2.9
preachy	2.4
preact	0.0
preacted	0.0
preacts	0.0
preadapt	0.0
preadmit	0.0
preadopt	0.0
preadult	0.0
preaged	0.0
preallot	0.0
preamble	2.9
preamp	2.3
preamps	1.7
preanal	0.0
prearm	0.0
prearmed	0.0
prearms	0.0
preaudit	0.0
preaver	0.0
preavers	0.0
preaxial	0.0
prebake	0.0
prebaked	1.1
prebakes	0.0
prebasal	0.0
prebend	2.0
prebends	1.5
prebill	0.0
prebills	0.0
prebind	0.0
prebinds	0.0
prebless	0.0
preboil	0.0
preboils	0.0
prebook	1.2
prebooks	0.0
preboom	0.0
prebound	0.0
precast	2.5
precasts	0.0
precava	0.0
precavae	0.0
precaval	0.0
precede	2.9
preceded	3.7
precedes	3.0
precent	1.4
precents	0.0
precept	2.6
precepts	2.8
precess	1.4
precheck	1.8
prechill	0.0
precieux	0.0
precinct	3.6
precious	4.3
precipe	0.0
precipes	0.0
precis	2.1
precise	4.1
precised	1.1
preciser	0.0
precises	0.0
precited	0.0
preclean	0.0
preclear	0.0
preclude	3.0
precode	0.0
precoded	0.0
precodes	0.0
precook	0.0
precooks	0.0
precool	0.0
precools	0.0
precoup	0.0
precrash	0.0
precure	2.1
precured	0.0
precures	0.0
precut	1.8
precuts	0.0
predate	2.6
predated	2.5
predates	2.9
predator	3.7
predawn	2.0
predawns	0.0
predial	0.0
predict	4.1
predicts	3.4
predive	0.0
predrill	0.0
predusk	0.0
predusks	0.0
pree	2.0
preed	0.0
preedit	0.0
preedits	0.0
preeing	0.0
preelect	0.0
preemie	2.1
preemies	1.7
preempt	2.4
preempts	1.7
preen	2.2
preenact	0.0
preened	1.6
preener	0.0
preeners	0.0
preening	2.3
preens	1.3
preerect	0.0
prees	1.2
preexist	0.0
prefab	2.3
prefabs	1.8
preface	3.4
prefaced	2.5
prefacer	0.0
prefaces	2.2
prefade	0.0
prefaded	0.0
prefades	0.0
prefect	3.1
prefects	2.3
prefer	4.6
prefers	3.7
prefight	0.0
prefile	0.0
prefiled	0.0
prefiles	0.0
prefire	0.0
prefired	0.0
prefires	0.0
prefix	3.2
prefixal	0.0
prefixed	2.5
prefixes	2.7
preflame	0.0
prefocus	0.0
preform	2.5
preforms	1.9
prefrank	0.0
prefroze	0.0
pregame	2.9
preggers	2.1
pregnant	4.6
preheat	2.9
preheats	0.0
prehuman	1.1
prejudge	2.0
prelacy	1.4
prelate	2.6
prelates	2.5
prelatic	0.0
prelect	0.0
prelects	0.0
prelegal	0.0
prelife	0.0
prelim	2.5
prelimit	0.0
prelims	2.6
prelives	0.0
prelude	3.3
preluded	0.0
preluder	0.0
preludes	2.3
prelunch	0.0
premade	2.3
preman	1.1
premeal	0.0
premed	2.1
premedic	0.0
premeds	0.0
premeet	0.0
premen	0.0
premie	1.5
premier	4.6
premiere	4.2
premiers	3.1
premies	1.1
premise	3.8
premised	2.4
premises	4.0
premiss	1.2
premium	4.3
premiums	3.8
premix	1.9
premixed	2.0
premixes	1.3
premixt	0.0
premolar	1.9
premold	0.0
premolds	0.0
premolt	0.0
premoral	0.0
premorse	0.0
premune	0.0
prename	0.0
prenames	0.0
prenatal	3.2
prenomen	0.0
prenoon	0.0
prentice	3.1
preorder	3.0
prep	3.9
prepack	0.0
prepacks	0.0
prepaid	3.3
prepare	4.5
prepared	4.7
preparer	2.3
prepares	3.7
prepaste	0.0
prepay	2.2
prepays	0.0
prepense	0.0
prepill	0.0
preplace	0.0
preplan	1.2
preplans	0.0
preplant	0.0
prepped	2.9
preppie	1.5
preppier	0.0
preppies	1.2
preppily	0.0
prepping	3.2
preppy	2.6
prepreg	1.4
prepregs	0.0
preprice	0.0
preprint	2.2
preps	2.5
prepuce	1.7
prepuces	0.0
prepunch	0.0
prepupal	0.0
prequel	3.2
prequels	2.4
prerace	1.2
prerenal	0.0
prerinse	0.0
preriot	0.0
prerock	0.0
presa	1.8
presage	2.2
presaged	2.2
presager	0.0
presages	1.9
presale	2.4
prescind	0.0
prescore	0.0
prese	1.6
presell	0.0
presells	0.0
presence	4.7
present	5.2
presents	4.4
preserve	4.2
preset	2.9
presets	2.6
preshape	0.0
preshow	2.0
preshown	0.0
preshows	0.0
preside	3.0
presided	3.4
presider	1.1
presides	2.7
presidia	0.0
presidio	2.6
presift	0.0
presifts	0.0
presleep	0.0
preslice	0.0
presoak	0.0
presoaks	0.0
presold	1.2
presong	0.0
presort	0.0
presorts	0.0
presplit	0.0
press	5.2
pressed	4.1
presser	2.8
pressers	2.0
presses	3.5
pressing	4.1
pressman	2.4
pressmen	1.4
pressor	1.5
pressors	1.3
pressrun	0.0
pressure	5.0
prest	2.0
prestamp	0.0
prester	1.7
presters	0.0
prestige	3.8
presto	2.9
prestos	1.4
prests	0.0
presume	3.6
presumed	3.6
presumer	0.0
presumes	2.6
pretape	0.0
pretaped	0.0
pretapes	0.0
pretaste	0.0
pretax	2.4
preteen	2.5
preteens	2.0
pretence	2.7
pretend	4.3
pretends	3.3
pretense	3.0
preterit	1.0
preterm	2.8
pretest	2.0
pretests	1.0
pretext	3.3
pretexts	2.1
pretor	1.1
pretors	0.0
pretrain	0.0
pretreat	1.2
pretrial	2.7
pretrim	0.0
pretrims	0.0
prettied	1.5
prettier	3.3
pretties	2.1
prettify	1.1
prettily	2.1
pretty	5.4
pretype	0.0
pretyped	0.0
pretypes	0.0
pretzel	3.0
pretzels	3.0
preunion	0.0
preunite	0.0
prevail	3.5
prevails	3.1
prevent	4.8
prevents	3.9
preview	4.0
previews	3.3
previous	5.0
previse	0.0
prevised	0.0
previses	0.0
previsor	0.0
prevue	1.4
prevued	0.0
prevues	0.0
prevuing	0.0
prewar	2.6
prewarm	0.0
prewarms	0.0
prewarn	0.0
prewarns	0.0
prewash	1.2
prework	0.0
prewrap	0.0
prewraps	0.0
prex	1.2
prexes	0.0
prexies	0.0
prexy	1.1
prey	4.0
preyed	2.7
preyer	1.2
preyers	0.0
preying	2.8
preys	2.5
prez	2.7
prezes	0.0
priapean	0.0
priapi	0.0
priapic	1.3
priapism	1.9
priapus	1.7
price	5.2
priced	4.0
pricer	1.4
pricers	0.0
prices	4.9
pricey	3.3
pricier	2.5
priciest	1.9
pricing	4.0
prick	3.6
pricked	2.5
pricker	1.2
prickers	0.0
pricket	0.0
prickets	0.0
prickier	0.0
pricking	2.2
prickle	1.9
prickled	1.2
prickles	2.0
prickly	3.0
pricks	3.0
pricky	0.0
pricy	2.2
pride	4.5
prided	2.5
prideful	2.5
prides	2.9
priding	1.6
pried	2.4
priedieu	0.0
prier	1.2
priers	0.0
pries	1.9
priest	4.3
priested	0.0
priestly	2.9
priests	4.0
prig	1.9
prigged	0.0
priggery	0.0
prigging	0.0
priggish	1.7
priggism	0.0
prigs	1.4
prill	1.4
prilled	0.0
prilling	0.0
prills	1.1
prim	2.9
prima	3.3
primacy	2.9
primage	0.0
primages	0.0
primal	3.3
primary	4.9
primas	1.5
primatal	0.0
primate	3.1
primates	3.2
prime	4.8
primed	3.1
primely	0.0
primer	3.5
primero	2.0
primeros	1.3
primers	2.8
primes	2.9
primeval	2.7
primi	1.8
primine	0.0
primines	0.0
priming	2.9
primings	0.0
primly	1.6
primmed	0.0
primmer	0.0
primmest	0.0
primming	0.0
primness	0.0
primo	3.0
primos	1.7
primp	1.6
primped	1.4
primping	1.6
primps	0.0
primrose	2.9
prims	1.4
primsie	0.0
primula	2.0
primulas	1.2
primus	2.7
primuses	0.0
prince	4.7
princely	2.9
princes	3.7
princess	4.5
principe	2.5
principi	1.6
princock	0.0
princox	0.0
prink	1.1
prinked	0.0
prinker	0.0
prinkers	0.0
prinking	0.0
prinks	0.0
print	4.5
printed	4.4
printer	3.9
printers	3.6
printery	1.3
printing	4.3
printout	2.6
prints	4.1
prion	2.5
prions	2.2
prior	4.8
priorate	0.0
prioress	2.1
priories	1.6
priority	4.4
priorly	1.0
priors	2.6
priory	3.0
prise	2.5
prised	1.8
prisere	0.0
priseres	0.0
prises	1.3
prising	1.8
prism	3.4
prismoid	0.0
prisms	2.6
prison	4.8
prisoned	1.4
prisoner	4.2
prisons	3.8
priss	1.6
prissed	0.0
prisses	0.0
prissier	0.0
prissies	0.0
prissily	0.0
prissing	0.0
prissy	2.3
pristane	0.0
pristine	3.3
prithee	1.9
privacy	4.4
private	5.2
privater	0.0
privates	2.8
privet	2.3
privets	0.0
privier	0.0
privies	1.7
priviest	0.0
privily	1.4
privity	1.7
privy	3.5
prize	4.6
prized	3.3
prizer	0.0
prizers	0.0
prizes	4.0
prizing	1.7
pro	4.9
proa	1.6
proas	0.0
probable	3.8
probably	5.4
proband	0.0
probands	1.1
probang	0.0
probangs	0.0
probate	3.2
probated	1.7
probates	1.3
probe	4.0
probed	2.9
prober	1.4
probers	1.0
probes	3.4
probing	3.2
probit	1.8
probits	0.0
probity	2.4
problem	5.4
problems	5.2
procaine	1.6
procarp	0.0
procarps	0.0
proceed	4.2
proceeds	4.0
process	5.3
prochain	1.2
prochein	0.0
proclaim	3.3
proctor	3.2
proctors	2.0
procural	0.0
procure	3.2
procured	3.1
procurer	1.8
procures	1.9
prod	3.2
prodded	2.6
prodder	0.0
prodders	0.0
prodding	2.6
prodigal	2.9
prodigy	3.2
prodrome	1.4
prods	2.3
produce	4.8
produced	4.9
producer	4.4
produces	4.2
product	5.0
products	5.0
proem	1.2
proemial	0.0
proems	0.0
proette	0.0
proettes	0.0
prof	4.1
profane	3.0
profaned	2.0
profaner	0.0
profanes	1.3
profess	2.9
proffer	2.3
proffers	1.8
profile	4.8
profiled	3.0
profiler	2.6
profiles	3.9
profit	4.7
profited	2.9
profiter	0.0
profits	4.4
profound	3.9
profs	2.5
profuse	2.3
prog	3.1
progeny	3.0
progeria	2.0
progged	0.0
progger	0.0
proggers	0.0
progging	0.0
prognose	0.0
prograde	1.7
program	5.3
programs	4.9
progress	4.8
progs	1.8
prohibit	3.5
project	5.2
projects	4.8
projet	2.2
projets	1.6
prolabor	0.0
prolamin	0.0
prolan	0.0
prolans	0.0
prolapse	2.5
prolate	1.5
prole	1.8
proleg	0.0
prolegs	1.3
proles	1.9
prolific	3.6
proline	2.5
prolines	0.0
prolix	1.6
prolixly	0.0
prolog	2.3
prologed	0.0
prologs	0.0
prologue	3.2
prolong	3.2
prolonge	0.0
prolongs	2.4
prom	3.8
promine	0.0
promines	0.0
promise	4.7
promised	4.5
promisee	1.2
promiser	0.0
promises	4.2
promisor	1.1
promo	3.8
promos	3.0
promote	4.6
promoted	4.2
promoter	3.6
promotes	3.8
prompt	3.9
prompted	3.9
prompter	2.2
promptly	3.8
prompts	3.3
proms	2.9
promulge	0.0
pronate	1.2
pronated	1.5
pronates	0.0
pronator	1.3
prone	3.9
pronely	0.0
prong	2.8
pronged	2.8
pronging	0.0
prongs	2.5
pronota	0.0
pronotum	2.0
pronoun	3.2
pronouns	3.4
pronto	2.9
proof	4.7
proofed	2.4
proofer	1.4
proofers	0.0
proofing	2.8
proofs	3.4
prop	3.8
propane	3.2
propanes	0.0
propel	3.2
propels	2.5
propend	0.0
propends	0.0
propene	1.5
propenes	0.0
propenol	0.0
propense	0.0
propenyl	0.0
proper	4.7
properer	0.0
properly	4.6
propers	1.5
property	5.1
prophage	1.4
prophase	1.7
prophecy	3.7
prophesy	2.7
prophet	4.0
prophets	3.5
propine	0.0
propined	0.0
propines	0.0
propjet	0.0
propjets	0.0
propman	0.0
propmen	0.0
propolis	2.0
propone	1.1
proponed	0.0
propones	0.0
proposal	4.5
propose	4.0
proposed	4.7
proposer	2.0
proposes	3.7
propound	1.6
propped	3.0
propping	2.8
props	3.7
propyl	2.0
propyla	0.0
propylic	0.0
propylon	0.0
propyls	0.0
prorate	1.6
prorated	2.3
prorates	0.0
prorogue	1.6
pros	3.9
prosaic	2.6
prosaism	0.0
prosaist	0.0
prose	3.7
prosect	0.0
prosects	0.0
prosed	0.0
proser	0.0
prosers	0.0
proses	1.5
prosier	0.0
prosiest	0.0
prosily	0.0
prosing	0.0
prosit	1.3
proso	1.1
prosodic	2.0
prosody	2.3
prosoma	0.0
prosomal	0.0
prosomas	0.0
prosos	0.0
prospect	4.1
prosper	3.5
prospers	2.2
pross	1.7
prosses	0.0
prossie	0.0
prossies	0.0
prost	2.6
prostate	3.7
prostie	0.0
prosties	0.0
prostyle	1.2
prosy	1.0
protamin	0.0
protases	0.0
protasis	1.2
protatic	0.0
protea	1.9
protean	2.2
proteans	0.0
proteas	2.1
protease	2.8
protect	4.9
protects	3.8
protege	2.7
protegee	1.7
proteges	1.9
protei	0.0
proteid	0.0
proteide	0.0
proteids	0.0
protein	4.5
proteins	4.1
protend	0.0
protends	0.0
proteose	0.0
protest	4.5
protests	4.2
proteus	2.7
protist	1.4
protists	1.8
protium	1.2
protiums	0.0
protocol	4.2
proton	3.4
protonic	1.4
protons	3.0
protopod	0.0
protoxid	0.0
protozoa	2.3
protract	1.4
protrude	2.5
protyl	0.0
protyle	0.0
protyles	0.0
protyls	0.0
proud	4.8
prouder	2.7
proudest	2.9
proudful	0.0
proudly	3.7
prounion	0.0
provable	2.5
provably	2.1
prove	4.8
proved	4.5
proven	4.3
provenly	0.0
prover	1.8
proverb	3.1
proverbs	3.3
provers	1.3
proves	4.1
provide	5.2
provided	5.0
provider	4.1
provides	4.8
province	4.5
proving	4.0
proviral	1.4
provirus	1.3
proviso	2.6
provisos	1.7
provoke	3.5
provoked	3.5
provoker	1.2
provokes	2.8
provost	3.1
provosts	1.7
prow	2.3
prowar	0.0
prower	1.2
prowess	3.4
prowest	0.0
prowl	2.8
prowled	2.0
prowler	2.5
prowlers	1.9
prowling	2.6
prowls	1.9
prows	1.4
proxemic	0.0
proxies	3.1
proximal	3.2
proximo	1.7
proxy	3.7
prude	2.6
prudence	3.1
prudent	3.4
prudery	1.5
prudes	1.9
prudish	2.3
pruinose	1.2
prunable	0.0
prune	3.0
pruned	2.6
prunella	1.9
prunelle	0.0
prunello	0.0
pruner	1.6
pruners	1.4
prunes	2.6
pruning	3.0
prunus	2.3
prunuses	0.0
prurient	2.2
prurigo	1.1
prurigos	0.0
pruritic	1.4
pruritus	2.0
prussic	1.6
pruta	0.0
prutah	0.0
prutot	0.0
prutoth	0.0
pry	3.1
pryer	1.4
pryers	0.0
prying	2.9
pryingly	0.0
prythee	0.0
psalm	3.6
psalmed	0.0
psalmic	0.0
psalming	0.0
psalmist	2.2
psalmody	1.7
psalms	3.3
psalter	2.4
psalters	1.4
psaltery	1.6
psaltry	0.0
psammite	0.0
psammon	0.0
psammons	0.0
pschent	0.0
pschents	0.0
psephite	0.0
pseud	1.6
pseudo	3.6
pseudos	1.0
pseuds	0.0
pshaw	1.8
pshawed	0.0
pshawing	0.0
pshaws	0.0
psi	3.5
psilocin	1.6
psiloses	0.0
psilosis	0.0
psilotic	0.0
psis	1.4
psoae	0.0
psoai	0.0
psoas	1.9
psoatic	0.0
psocid	0.0
psocids	0.0
psoralea	0.0
psoralen	1.3
psst	2.8
psych	3.5
psyche	3.4
psyched	2.9
psyches	2.2
psychic	3.8
psychics	2.7
psyching	1.9
psycho	3.7
psychos	2.6
psychs	1.4
psylla	1.2
psyllas	0.0
psyllid	1.6
psyllids	1.2
psyllium	1.9
psywar	0.0
psywars	0.0
pterin	1.1
pterins	0.0
pteropod	0.0
pterygia	0.0
pteryla	0.0
pterylae	0.0
ptisan	0.0
ptisans	0.0
ptomain	0.0
ptomaine	1.3
ptomains	0.0
ptoses	0.0
ptosis	1.9
ptotic	0.0
ptyalin	0.0
ptyalins	0.0
ptyalism	0.0
pub	4.2
puberal	0.0
pubertal	1.9
puberty	3.5
pubes	2.7
pubic	3.1
pubis	2.3
public	5.6
publican	2.5
publicly	4.3
publics	2.5
publish	4.1
pubs	3.6
puccoon	0.0
puccoons	0.0
puce	2.0
puces	1.2
puck	3.6
pucka	0.0
pucker	2.5
puckered	2.3
puckerer	0.0
puckers	1.7
puckery	0.0
puckish	1.5
pucks	2.5
pud	2.5
pudding	3.6
puddings	2.7
puddle	3.3
puddled	1.5
puddler	0.0
puddlers	0.0
puddles	2.9
puddlier	0.0
puddling	1.8
puddly	0.0
pudency	0.0
pudenda	1.2
pudendal	1.7
pudendum	0.0
pudgier	0.0
pudgiest	0.0
pudgily	0.0
pudgy	2.5
pudibund	0.0
pudic	0.0
puds	1.7
pueblo	3.2
pueblos	2.4
puerile	2.4
puff	3.5
puffball	1.8
puffed	2.9
puffer	2.6
puffers	1.7
puffery	1.8
puffier	1.3
puffiest	0.0
puffily	0.0
puffin	2.7
puffing	2.8
puffins	2.3
puffs	3.1
puffy	3.1
pug	3.1
pugaree	0.0
pugarees	0.0
puggaree	0.0
pugged	0.0
puggier	0.0
puggiest	0.0
pugging	0.0
puggish	0.0
puggree	0.0
puggrees	0.0
puggries	0.0
puggry	0.0
puggy	1.7
pugh	2.9
pugilism	1.6
pugilist	2.1
pugmark	0.0
pugmarks	0.0
pugree	0.0
pugrees	0.0
pugs	2.8
puisne	1.8
puisnes	0.0
puissant	1.8
puja	2.8
pujah	0.0
pujahs	0.0
pujas	1.6
puke	3.3
puked	2.8
pukes	2.2
puking	2.9
pukka	1.9
pul	2.4
pula	2.4
pule	1.7
puled	0.0
puler	0.0
pulers	0.0
pules	0.0
puli	2.1
pulicene	0.0
pulicide	0.0
pulik	0.0
puling	1.4
pulingly	0.0
pulings	0.0
pulis	2.5
pull	4.8
pullback	2.5
pulled	4.7
puller	2.6
pullers	2.0
pullet	1.5
pullets	1.5
pulley	2.9
pulleys	2.6
pulling	4.3
pullman	3.1
pullmans	1.2
pullout	2.6
pullouts	1.4
pullover	2.6
pulls	4.0
pullup	2.1
pullups	1.8
pulmonic	1.7
pulmotor	0.0
pulp	3.7
pulpal	1.5
pulpally	0.0
pulped	1.9
pulper	0.0
pulpers	0.0
pulpier	0.0
pulpiest	0.0
pulpily	0.0
pulping	1.9
pulpit	3.2
pulpital	0.0
pulpits	2.1
pulpless	0.0
pulpous	0.0
pulps	2.1
pulpwood	1.6
pulpy	2.2
pulque	1.6
pulques	0.0
puls	2.0
pulsant	0.0
pulsar	2.7
pulsars	2.3
pulsate	1.8
pulsated	1.4
pulsates	1.7
pulsator	1.3
pulse	4.1
pulsed	2.8
pulsejet	0.0
pulser	1.4
pulsers	0.0
pulses	3.4
pulsing	2.9
pulsion	1.0
pulsions	0.0
pulsojet	0.0
pulvilli	0.0
pulvinar	1.4
pulvini	0.0
pulvinus	1.3
puma	3.2
pumas	2.7
pumelo	0.0
pumelos	0.0
pumice	2.5
pumiced	0.0
pumicer	0.0
pumicers	0.0
pumices	0.0
pumicing	0.0
pumicite	0.0
pummel	2.3
pummeled	2.4
pummelo	0.0
pummelos	0.0
pummels	1.8
pump	4.3
pumped	3.8
pumper	2.3
pumpers	1.9
pumping	3.8
pumpkin	3.8
pumpkins	3.2
pumpless	0.0
pumplike	0.0
pumps	3.8
pun	3.5
puna	2.3
punas	0.0
punch	4.3
punched	3.8
puncheon	2.0
puncher	2.4
punchers	1.9
punches	3.7
punchier	1.6
punchily	0.0
punching	3.7
punchy	2.8
punctate	1.6
punctual	2.8
puncture	3.2
pundit	3.1
punditic	0.0
punditry	2.2
pundits	3.2
pung	1.8
pungency	1.8
pungent	2.9
pungle	0.0
pungled	0.0
pungles	0.0
pungling	0.0
pungs	0.0
punier	0.0
puniest	0.0
punily	0.0
puniness	0.0
punish	4.0
punished	4.0
punisher	2.9
punishes	2.8
punition	0.0
punitive	3.4
punitory	0.0
punk	4.2
punka	0.0
punkah	1.1
punkahs	0.0
punkas	0.0
punker	1.4
punkers	1.3
punkest	0.0
punkey	0.0
punkeys	0.0
punkie	0.0
punkier	0.0
punkies	0.0
punkiest	0.0
punkin	1.8
punkins	0.0
punkish	1.4
punks	3.0
punky	2.3
punned	1.2
punner	0.0
punners	0.0
punnet	1.6
punnets	1.2
punnier	0.0
punniest	0.0
punning	2.0
punny	2.1
puns	3.1
punster	1.1
punsters	0.0
punt	3.5
punted	2.5
punter	3.0
punters	2.8
punties	0.0
punting	2.7
punto	2.4
puntos	1.6
punts	2.7
punty	0.0
puny	2.8
pup	3.6
pupa	2.5
pupae	2.4
pupal	2.1
puparia	0.0
puparial	0.0
puparium	1.1
pupas	0.0
pupate	1.9
pupated	0.0
pupates	1.2
pupating	1.2
pupation	1.9
pupfish	1.6
pupil	3.8
pupilage	0.0
pupilar	0.0
pupilary	0.0
pupils	4.2
pupped	0.0
puppet	3.8
puppetry	2.4
puppets	3.4
puppies	3.7
pupping	1.3
puppy	4.0
puppydom	0.0
puppyish	0.0
pups	3.3
pur	2.9
purana	2.3
puranas	2.1
puranic	1.6
purblind	1.1
purchase	4.7
purda	0.0
purdah	2.1
purdahs	0.0
purdas	0.0
pure	4.6
purebred	2.7
puree	2.9
pureed	2.2
pureeing	1.2
purees	1.7
purely	4.1
pureness	1.8
purer	2.5
purest	3.2
purfle	0.0
purfled	0.0
purfles	0.0
purfling	0.0
purge	3.6
purged	3.1
purger	1.1
purgers	1.0
purges	2.8
purging	2.9
purgings	0.0
puri	2.8
purified	3.2
purifier	2.6
purifies	2.2
purify	3.1
purin	1.4
purine	2.2
purines	1.9
purins	0.0
puris	1.5
purism	1.8
purisms	0.0
purist	2.6
puristic	0.0
purists	2.7
puritan	3.0
puritans	2.8
purities	1.4
purity	3.7
purl	2.2
purled	0.0
purlieu	1.1
purlieus	1.1
purlin	1.4
purline	0.0
purlines	0.0
purling	1.5
purlins	1.7
purloin	1.4
purloins	0.0
purls	1.3
purple	4.3
purpled	1.3
purpler	0.0
purples	2.5
purplest	0.0
purpling	0.0
purplish	2.7
purply	1.2
purport	2.6
purports	2.8
purpose	4.9
purposed	2.6
purposes	4.5
purpura	2.1
purpuras	0.0
purpure	1.1
purpures	0.0
purpuric	1.1
purpurin	0.0
purr	2.8
purred	2.3
purring	2.7
purrs	2.4
purs	1.5
purse	4.0
pursed	2.2
purser	2.4
pursers	1.1
purses	3.1
pursier	0.0
pursiest	0.0
pursily	0.0
pursing	2.2
purslane	1.9
pursuant	3.6
pursue	4.3
pursued	3.9
pursuer	2.4
pursuers	2.5
pursues	3.1
pursuing	4.0
pursuit	4.1
pursuits	3.4
pursy	0.0
purulent	1.9
purvey	1.6
purveyed	1.4
purveyor	2.5
purveys	0.0
purview	2.9
purviews	0.0
pus	3.0
puses	0.0
push	4.8
pushball	0.0
pushcart	2.1
pushdown	1.6
pushed	4.4
pusher	2.9
pushers	2.6
pushes	3.8
pushful	0.0
pushier	1.1
pushiest	0.0
pushily	0.0
pushing	4.4
pushover	2.7
pushpin	1.2
pushpins	1.3
pushrod	1.8
pushrods	1.4
pushup	2.1
pushups	2.6
pushy	3.0
pusley	0.0
pusleys	0.0
puslike	0.0
puss	3.0
pusses	1.3
pussier	0.0
pussies	3.2
pussiest	0.0
pussley	0.0
pussleys	0.0
pusslies	0.0
pusslike	0.0
pussly	0.0
pussy	4.2
pussycat	2.8
pustular	1.7
pustule	1.7
pustuled	0.0
pustules	2.1
put	5.7
putamen	1.7
putamina	0.0
putative	3.0
putlog	0.0
putlogs	0.0
putoff	0.0
putoffs	0.0
puton	1.1
putons	0.0
putout	1.2
putouts	1.0
putrefy	1.4
putrid	2.7
putridly	0.0
puts	4.5
putsch	2.4
putsches	0.0
putt	3.1
putted	2.0
puttee	0.0
puttees	1.3
putter	2.9
puttered	1.4
putterer	0.0
putters	2.2
putti	1.9
puttied	0.0
puttier	0.0
puttiers	0.0
putties	1.5
putting	4.9
putto	1.3
putts	2.5
putty	2.9
puttying	0.0
putz	2.3
putzed	0.0
putzes	0.0
putzing	0.0
puzzle	4.0
puzzled	3.3
puzzler	2.2
puzzlers	1.6
puzzles	3.5
puzzling	3.1
pya	1.3
pyaemia	0.0
pyaemias	0.0
pyaemic	0.0
pyas	0.0
pycnidia	1.4
pycnoses	0.0
pycnosis	0.0
pycnotic	0.0
pye	2.6
pyelitic	0.0
pyelitis	0.0
pyemia	0.0
pyemias	0.0
pyemic	0.0
pyes	1.0
pygidia	0.0
pygidial	1.0
pygidium	1.6
pygmaean	0.0
pygmean	0.0
pygmies	2.3
pygmoid	0.0
pygmy	2.7
pygmyish	0.0
pygmyism	0.0
pyic	0.0
pyin	1.6
pyins	0.0
pyjamas	3.0
pyknic	0.0
pyknics	0.0
pyknoses	0.0
pyknosis	0.0
pyknotic	0.0
pylon	2.7
pylons	2.7
pylori	2.4
pyloric	1.8
pylorus	1.5
pyoderma	1.3
pyogenic	1.5
pyoid	0.0
pyorrhea	0.0
pyoses	0.0
pyosis	0.0
pyralid	0.0
pyralids	0.0
pyramid	3.8
pyramids	3.3
pyran	1.1
pyranoid	0.0
pyranose	0.0
pyrans	0.0
pyre	2.7
pyrene	1.9
pyrenes	0.0
pyrenoid	0.0
pyres	1.9
pyretic	1.0
pyrexia	1.5
pyrexial	0.0
pyrexias	0.0
pyrexic	0.0
pyric	0.0
pyridic	0.0
pyridine	2.2
pyriform	1.5
pyrite	2.6
pyrites	1.6
pyritic	1.0
pyritous	0.0
pyrogen	1.2
pyrogens	0.0
pyrola	1.1
pyrolas	0.0
pyrolize	0.0
pyrology	0.0
pyrolyze	0.0
pyrone	0.0
pyrones	0.0
pyronine	0.0
pyrope	1.3
pyropes	0.0
pyrosis	0.0
pyrostat	0.0
pyroxene	1.9
pyrrhic	2.3
pyrrhics	0.0
pyrrol	0.0
pyrrole	1.9
pyrroles	1.3
pyrrolic	0.0
pyrrols	0.0
pyruvate	2.5
python	3.8
pythonic	1.1
pythons	2.8
pyuria	0.0
pyurias	0.0
pyx	1.5
pyxes	0.0
pyxides	0.0
pyxidia	0.0
pyxidium	0.0
pyxie	0.0
pyxies	0.0
pyxis	1.8
qaid	1.2
qaids	0.0
qanat	1.1
qanats	0.0
qat	1.9
qats	0.0
qindar	0.0
qindarka	0.0
qindars	0.0
qintar	0.0
qintars	0.0
qiviut	0.0
qiviuts	0.0
qoph	0.0
qophs	0.0
qua	2.8
quaalude	1.5
quack	3.1
quacked	1.4
quackery	2.3
quacking	2.1
quackish	0.0
quackism	0.0
quacks	2.6
quad	3.7
quadded	0.0
quadding	0.0
quadplex	0.0
quadrans	0.0
quadrant	3.3
quadrat	1.5
quadrate	1.9
quadrats	1.0
quadric	1.6
quadrics	1.2
quadriga	1.7
quadroon	1.5
quads	2.8
quaere	0.0
quaeres	0.0
quaestor	1.6
quaff	1.8
quaffed	1.4
quaffer	0.0
quaffers	0.0
quaffing	1.6
quaffs	0.0
quag	1.1
quagga	1.9
quaggas	0.0
quaggier	0.0
quaggy	0.0
quagmire	2.8
quagmiry	0.0
quags	0.0
quahaug	0.0
quahaugs	0.0
quahog	2.0
quahogs	1.0
quai	2.5
quaich	1.4
quaiches	0.0
quaichs	0.0
quaigh	0.0
quaighs	0.0
quail	3.1
quailed	0.0
quailing	0.0
quails	2.3
quaint	3.3
quainter	0.0
quaintly	1.9
quais	1.4
quake	3.5
quaked	1.5
quaker	3.1
quakers	3.0
quakes	2.7
quakier	0.0
quakiest	0.0
quakily	0.0
quaking	2.4
quaky	0.0
quale	1.8
qualia	2.2
qualify	4.2
quality	5.1
qualm	1.9
qualmier	0.0
qualmish	0.0
qualms	2.9
qualmy	0.0
quamash	0.0
quandang	0.0
quandary	2.6
quandong	0.0
quango	1.8
quangos	1.8
quant	2.6
quanta	2.4
quantal	1.4
quanted	0.0
quantic	1.8
quantics	0.0
quantify	3.2
quantile	1.9
quanting	0.0
quantity	4.1
quantize	1.6
quantong	0.0
quants	1.8
quantum	4.1
quare	1.7
quark	3.0
quarks	2.7
quarrel	3.3
quarrels	2.8
quarried	2.5
quarrier	1.3
quarries	3.1
quarry	3.6
quart	3.0
quartan	1.0
quartans	0.0
quarte	1.4
quarter	4.7
quartern	0.0
quarters	4.2
quartes	0.0
quartet	3.5
quartets	2.6
quartic	1.8
quartics	0.0
quartile	2.4
quarto	2.5
quartos	1.4
quarts	2.6
quartz	3.7
quartzes	0.0
quasar	2.4
quasars	2.4
quash	2.8
quashed	2.7
quasher	0.0
quashers	0.0
quashes	1.6
quashing	2.2
quasi	3.5
quass	0.0
quasses	0.0
quassia	1.0
quassias	0.0
quassin	0.0
quassins	0.0
quate	1.4
quatorze	1.6
quatrain	2.0
quatre	2.4
quatres	0.0
quaver	1.7
quavered	1.1
quaverer	0.0
quavers	1.9
quavery	0.0
quay	3.3
quayage	0.0
quayages	0.0
quaylike	0.0
quays	2.5
quayside	2.4
quean	1.1
queans	0.0
queasier	0.0
queasily	0.0
queasy	2.6
queazier	0.0
queazy	0.0
queen	4.9
queendom	1.6
queened	0.0
queening	1.4
queenly	1.7
queens	4.1
queer	3.8
queered	1.1
queerer	1.2
queerest	1.4
queering	1.7
queerish	0.0
queerly	1.3
queers	2.6
quell	3.0
quelled	2.5
queller	1.6
quellers	0.0
quelling	2.4
quells	1.6
quench	2.9
quenched	2.5
quencher	1.8
quenches	1.8
quenelle	1.5
quercine	0.0
querida	1.9
queridas	0.0
queried	2.7
querier	0.0
queriers	0.0
queries	3.5
querist	0.0
querists	0.0
quern	1.6
querns	1.6
query	3.6
querying	2.5
quest	4.3
quested	1.9
quester	1.5
questers	1.2
questing	2.4
question	5.3
questor	1.6
questors	0.0
quests	3.1
quetzal	2.0
quetzals	1.2
queue	3.8
queued	2.8
queueing	2.6
queuer	0.0
queuers	0.0
queues	3.2
queuing	3.0
quey	0.0
queys	0.0
quezal	0.0
quezales	0.0
quezals	0.0
quibble	2.7
quibbled	1.2
quibbler	1.1
quibbles	2.1
quiche	2.6
quiches	1.9
quick	5.0
quicken	2.9
quickens	2.1
quicker	3.9
quickest	3.4
quickie	2.8
quickies	2.0
quickly	5.0
quicks	1.8
quickset	1.4
quid	3.3
quiddity	1.3
quidnunc	0.0
quids	1.9
quiet	4.7
quieted	2.4
quieten	2.0
quietens	1.3
quieter	3.3
quieters	0.0
quietest	2.6
quieting	2.1
quietism	1.5
quietist	1.4
quietly	4.2
quiets	2.0
quietude	1.9
quietus	1.9
quiff	2.1
quiffs	0.0
quill	3.1
quillai	0.0
quillaia	0.0
quillais	0.0
quillaja	0.0
quilled	1.5
quillet	0.0
quillets	0.0
quilling	1.5
quills	2.5
quilt	3.2
quilted	2.8
quilter	2.1
quilters	1.9
quilting	2.7
quilts	2.8
quin	2.7
quinary	1.3
quinate	0.0
quince	2.9
quinces	1.9
quincunx	1.5
quinela	0.0
quinelas	0.0
quinella	1.4
quinic	0.0
quiniela	0.0
quinin	0.0
quinina	0.0
quininas	0.0
quinine	2.5
quinines	0.0
quinins	0.0
quinnat	0.0
quinnats	0.0
quinoa	3.0
quinoas	0.0
quinoid	0.0
quinoids	0.0
quinol	0.0
quinolin	0.0
quinols	0.0
quinone	1.9
quinones	2.2
quins	2.0
quinsies	0.0
quinsy	1.2
quint	2.6
quinta	2.5
quintain	1.4
quintal	2.1
quintals	1.5
quintan	0.0
quintans	0.0
quintar	0.0
quintars	0.0
quintas	1.5
quinte	1.8
quintes	0.0
quintet	2.9
quintets	1.6
quintic	1.4
quintics	0.0
quintile	2.2
quintin	2.2
quintins	0.0
quints	1.8
quip	2.7
quipped	2.6
quipper	0.0
quippers	0.0
quipping	1.6
quippish	0.0
quippu	0.0
quippus	0.0
quips	2.6
quipster	0.0
quipu	1.5
quipus	1.1
quire	2.2
quired	0.0
quires	1.6
quiring	1.1
quirk	3.1
quirked	1.4
quirkier	1.6
quirkily	1.2
quirking	0.0
quirkish	0.0
quirks	3.0
quirky	3.5
quirt	1.6
quirted	0.0
quirting	0.0
quirts	0.0
quisling	2.0
quit	4.5
quitch	0.0
quitches	0.0
quite	5.3
quitrent	0.0
quits	3.4
quitted	2.1
quitter	2.6
quitters	2.4
quitting	3.7
quittor	0.0
quittors	0.0
quiver	2.8
quivered	2.0
quiverer	0.0
quivers	2.2
quivery	1.0
quixote	2.9
quixotes	0.0
quixotic	2.3
quixotry	0.0
quiz	3.8
quizzed	2.3
quizzer	1.2
quizzers	1.2
quizzes	3.0
quizzing	2.4
quod	2.4
quods	0.0
quohog	0.0
quohogs	0.0
quoin	1.6
quoined	0.0
quoining	0.0
quoins	1.6
quoit	1.5
quoited	0.0
quoiting	0.0
quoits	1.5
quokka	1.5
quokkas	1.3
quomodo	1.2
quomodos	0.0
quondam	1.5
quorum	3.1
quorums	1.5
quota	3.5
quotable	2.5
quotably	0.0
quotas	3.3
quote	4.5
quoted	4.2
quoter	1.1
quoters	0.0
quotes	4.2
quoth	2.1
quotha	0.0
quotient	3.0
quoting	3.7
qursh	0.0
qurshes	0.0
qurush	0.0
qurushes	0.0
qwerty	2.5
qwertys	0.0
rabat	2.6
rabato	0.0
rabatos	0.0
rabats	0.0
rabbet	1.4
rabbeted	0.0
rabbets	0.0
rabbi	3.7
rabbies	0.0
rabbin	0.0
rabbinic	2.7
rabbins	0.0
rabbis	3.1
rabbit	4.0
rabbited	0.0
rabbiter	0.0
rabbitry	0.0
rabbits	3.7
rabbity	0.0
rabble	3.0
rabbled	0.0
rabbler	0.0
rabblers	0.0
rabbles	0.0
rabbling	0.0
rabboni	1.1
rabbonis	0.0
rabic	0.0
rabid	3.1
rabidity	0.0
rabidly	2.0
rabies	3.2
rabietic	0.0
raccoon	3.3
raccoons	2.9
race	5.1
raced	3.6
racemate	1.2
raceme	1.8
racemed	0.0
racemes	2.1
racemic	2.0
racemism	0.0
racemize	0.0
racemoid	0.0
racemose	1.5
racemous	0.0
racer	3.5
racers	3.2
races	4.4
raceway	2.8
raceways	1.7
rachet	1.5
rachets	0.0
rachial	0.0
rachides	0.0
rachilla	0.0
rachis	2.0
rachises	0.0
rachitic	0.0
rachitis	0.0
racial	4.3
racially	3.4
racier	1.5
raciest	1.4
racily	0.0
raciness	0.0
racing	4.5
racings	0.0
racism	4.2
racisms	1.3
racist	4.4
racists	3.4
rack	3.9
racked	3.0
racker	0.0
rackers	1.0
racket	3.3
racketed	0.0
rackets	2.8
rackety	1.3
rackful	0.0
rackfuls	0.0
racking	3.1
rackle	0.0
racks	3.4
rackwork	0.0
raclette	1.7
racon	1.1
racons	0.0
racoon	2.2
racoons	1.8
racquet	2.7
racquets	2.2
racy	2.8
rad	3.5
radar	4.2
radars	2.9
radded	0.0
radding	0.0
raddle	1.3
raddled	1.2
raddles	0.0
raddling	0.0
radiable	0.0
radial	3.5
radiale	0.0
radialia	0.0
radially	2.5
radials	2.1
radian	2.1
radiance	3.0
radiancy	0.0
radians	2.3
radiant	3.5
radiants	1.3
radiate	3.0
radiated	2.9
radiates	2.8
radiator	3.3
radical	4.3
radicals	3.5
radicand	0.0
radicate	0.0
radicel	0.0
radicels	0.0
radices	0.0
radicle	1.4
radicles	0.0
radii	2.5
radio	5.0
radioed	2.6
radioing	1.6
radioman	1.9
radiomen	1.1
radios	3.4
radish	2.8
radishes	2.7
radium	2.8
radiums	0.0
radius	3.9
radiuses	1.1
radix	2.2
radixes	0.0
radome	1.7
radomes	1.3
radon	2.9
radons	0.0
rads	2.3
radula	1.8
radulae	0.0
radular	1.0
radulas	0.0
radwaste	0.0
raff	2.7
raffia	2.1
raffias	0.0
raffish	1.6
raffle	3.2
raffled	1.8
raffler	0.0
rafflers	0.0
raffles	2.8
raffling	1.7
raffs	0.0
raft	3.5
rafted	1.7
rafter	2.6
raftered	0.0
rafters	3.0
rafting	2.8
rafts	2.9
raftsman	0.0
raftsmen	0.0
rag	3.5
raga	2.5
ragas	1.9
ragbag	1.2
ragbags	0.0
rage	4.1
raged	3.1
ragee	0.0
ragees	0.0
rages	3.1
ragged	3.2
raggeder	0.0
raggedly	1.6
raggedy	2.5
raggee	0.0
raggees	0.0
raggies	0.0
ragging	2.3
raggle	1.4
raggles	0.0
raggy	1.6
ragi	1.9
raging	3.6
ragingly	1.1
ragis	0.0
raglan	2.6
raglans	0.0
ragman	1.8
ragmen	0.0
ragout	1.9
ragouted	0.0
ragouts	0.0
rags	3.3
ragtag	2.4
ragtags	0.0
ragtime	2.6
ragtimes	0.0
ragtop	1.3
ragtops	0.0
ragweed	2.2
ragweeds	0.0
ragwort	1.8
ragworts	0.0
rah	3.1
raia	1.6
raias	0.0
raid	4.2
raided	3.5
raider	3.3
raiders	3.9
raiding	3.3
raids	3.9
rail	4.4
railbird	0.0
railbus	0.0
railcar	2.2
railcars	2.2
railed	2.8
railer	1.1
railers	1.1
railhead	1.9
railing	3.3
railings	3.0
raillery	1.1
railroad	4.3
rails	3.8
railway	4.5
railways	3.9
raiment	2.1
raiments	0.0
rain	4.7
rainband	1.1
rainbird	1.9
rainbow	4.1
rainbows	3.2
raincoat	2.7
raindrop	2.3
rained	3.3
rainfall	3.8
rainier	2.9
rainiest	1.6
rainily	0.0
raining	3.7
rainless	1.6
rainout	1.6
rainouts	0.0
rains	3.8
rainwash	0.0
rainwear	1.5
rainy	3.7
raisable	0.0
raise	4.8
raised	4.8
raiser	2.9
raisers	2.6
raises	4.0
raisin	3.0
raising	4.4
raisings	1.6
raisins	3.1
raisiny	0.0
raisonne	1.2
raj	3.5
raja	3.3
rajah	2.6
rajahs	1.5
rajas	2.1
rajes	0.0
rake	3.4
raked	2.9
rakee	0.0
rakees	0.0
rakehell	0.0
rakeoff	0.0
rakeoffs	0.0
raker	1.9
rakers	1.8
rakes	2.7
raki	2.0
raking	3.0
rakis	0.0
rakish	2.0
rakishly	1.3
rale	1.6
rales	1.6
rallied	3.3
rallier	0.0
ralliers	0.0
rallies	3.6
ralline	0.0
rally	4.3
rallye	1.8
rallyes	0.0
rallying	3.2
rallyist	0.0
ralph	4.1
ralphed	0.0
ralphing	0.0
ralphs	2.0
ram	4.2
ramate	0.0
ramble	2.9
rambled	2.2
rambler	2.6
ramblers	2.4
rambles	2.4
rambling	3.2
rambutan	1.8
ramee	1.3
ramees	0.0
ramekin	1.6
ramekins	1.9
ramenta	0.0
ramentum	0.0
ramequin	0.0
ramet	1.1
ramets	0.0
rami	3.0
ramie	1.6
ramies	0.0
ramified	1.6
ramifies	0.0
ramiform	0.0
ramify	1.2
ramilie	0.0
ramilies	0.0
ramillie	0.0
ramjet	1.9
ramjets	1.2
rammed	3.0
rammer	2.0
rammers	1.2
rammier	0.0
rammiest	0.0
ramming	2.8
rammish	0.0
rammy	1.6
ramose	1.4
ramosely	0.0
ramosity	0.0
ramous	0.0
ramp	3.8
rampage	3.4
rampaged	1.9
rampager	0.0
rampages	2.1
rampancy	0.0
rampant	3.5
rampart	2.8
ramparts	2.7
ramped	2.7
rampike	0.0
rampikes	0.0
ramping	2.9
rampion	1.3
rampions	0.0
rampole	0.0
rampoles	0.0
ramps	3.3
ramrod	2.2
ramrods	1.2
rams	3.7
ramshorn	1.2
ramson	1.4
ramsons	1.1
ramtil	0.0
ramtils	0.0
ramulose	0.0
ramulous	0.0
ramus	2.1
ran	4.9
rance	2.6
rances	0.0
ranch	4.0
ranched	1.2
rancher	3.0
ranchero	1.9
ranchers	3.1
ranches	2.9
ranching	2.7
ranchman	1.1
ranchmen	0.0
rancho	3.2
ranchos	1.9
rancid	2.8
rancidly	0.0
rancor	2.5
rancored	0.0
rancors	0.0
rancour	2.1
rancours	0.0
rand	3.8
randan	0.0
randans	0.0
randier	0.0
randies	0.0
randiest	0.0
random	4.6
randomly	4.0
randoms	2.4
rands	2.1
randy	3.9
ranee	1.6
ranees	0.0
rang	3.7
range	5.1
ranged	3.7
ranger	3.9
rangers	4.2
ranges	4.0
rangier	0.0
rangiest	0.0
ranging	4.2
rangy	1.9
rani	3.0
ranid	0.0
ranids	0.0
ranis	1.2
rank	4.4
ranked	4.3
ranker	2.0
rankers	1.5
rankest	1.3
ranking	4.2
rankings	4.0
rankish	0.0
rankle	1.7
rankled	2.0
rankles	1.8
rankling	1.3
rankly	0.0
rankness	0.0
ranks	4.2
ranpike	0.0
ranpikes	0.0
ransack	2.1
ransacks	1.1
ransom	3.7
ransomed	2.2
ransomer	0.0
ransoms	2.1
rant	3.7
ranted	2.5
ranter	1.6
ranters	1.5
ranting	3.1
rants	3.1
ranula	0.0
ranulas	0.0
rap	4.1
rapacity	1.5
rape	4.5
raped	4.1
raper	2.3
rapers	1.5
rapes	3.4
rapeseed	2.5
raphae	0.0
raphe	1.8
raphes	0.0
raphia	1.2
raphias	0.0
raphide	0.0
raphides	1.0
raphis	0.0
rapid	4.4
rapider	0.0
rapidest	0.0
rapidity	2.4
rapidly	4.3
rapids	3.6
rapier	2.6
rapiered	0.0
rapiers	1.7
rapine	1.4
rapines	0.0
raping	3.5
rapini	1.2
rapist	3.6
rapists	3.3
rapparee	0.0
rapped	2.7
rappee	0.0
rappees	0.0
rappel	2.2
rappeled	0.0
rappels	1.4
rappen	0.0
rapper	4.0
rappers	3.5
rapping	3.2
rappini	0.0
rapport	3.2
rapports	1.6
raps	3.1
rapt	2.5
raptly	1.3
raptness	0.0
raptor	3.1
raptors	3.5
rapture	3.2
raptured	1.8
raptures	2.2
rare	4.8
rarebit	1.7
rarebits	0.0
rared	0.0
rarefied	2.5
rarefier	0.0
rarefies	0.0
rarefy	0.0
rarely	4.4
rareness	1.4
rarer	3.0
rareripe	0.0
rares	2.3
rarest	3.1
rarified	1.9
rarifies	0.0
rarify	0.0
raring	2.5
rarities	2.6
rarity	3.4
ras	3.2
rasbora	0.0
rasboras	1.2
rascal	3.1
rascally	1.8
rascals	2.7
rase	1.6
rased	0.0
raser	1.1
rasers	0.0
rases	0.0
rash	3.7
rasher	1.7
rashers	1.7
rashes	2.7
rashest	0.0
rashlike	0.0
rashly	2.3
rashness	1.8
rasing	1.5
rasorial	0.0
rasp	2.4
rasped	1.5
rasper	0.0
raspers	0.0
raspier	0.0
raspiest	0.0
rasping	2.3
raspish	0.0
rasps	1.8
raspy	2.6
rassle	0.0
rassled	0.0
rassles	0.0
rassling	0.0
raster	2.6
rasters	1.1
rasure	0.0
rasures	0.0
rat	4.2
ratable	1.3
ratably	1.4
ratafee	0.0
ratafees	0.0
ratafia	0.0
ratafias	0.0
ratal	0.0
ratals	0.0
ratan	2.3
ratanies	0.0
ratans	0.0
ratany	0.0
rataplan	1.1
ratatat	1.6
ratatats	0.0
ratbag	1.6
ratbags	1.1
ratch	1.3
ratches	0.0
ratchet	3.1
ratchets	2.2
rate	5.1
rateable	2.0
rateably	0.0
rated	4.3
ratel	1.2
ratels	0.0
rater	2.3
raters	2.1
rates	4.9
ratfink	0.0
ratfinks	0.0
ratfish	0.0
rath	2.7
rathe	1.8
rather	5.3
rathole	1.4
ratholes	0.0
raticide	0.0
ratified	3.4
ratifier	0.0
ratifies	2.1
ratify	2.9
ratine	0.0
ratines	0.0
rating	4.5
ratings	4.2
ratio	4.4
ration	3.2
rational	4.1
rationed	2.5
rations	3.2
ratios	3.6
ratite	1.1
ratites	1.3
ratlike	0.0
ratlin	0.0
ratline	0.0
ratlines	1.4
ratlins	0.0
rato	2.1
ratoon	1.2
ratooned	0.0
ratooner	0.0
ratoons	0.0
ratos	0.0
rats	4.0
ratsbane	0.0
rattail	1.5
rattails	0.0
rattan	2.6
rattans	0.0
ratted	2.2
ratteen	0.0
ratteens	0.0
ratten	1.5
rattened	0.0
rattener	0.0
rattens	0.0
ratter	1.5
ratters	0.0
rattier	0.0
rattiest	0.0
ratting	2.3
rattish	0.0
rattle	3.4
rattled	3.2
rattler	2.3
rattlers	2.2
rattles	2.8
rattling	3.2
rattly	1.3
ratton	0.0
rattons	0.0
rattoon	0.0
rattoons	0.0
rattrap	1.2
rattraps	0.0
ratty	2.5
raucity	0.0
raucous	2.8
raunch	1.6
raunches	0.0
raunchy	2.8
ravage	2.6
ravaged	3.2
ravager	1.9
ravagers	1.8
ravages	2.8
ravaging	2.5
rave	3.5
raved	2.5
ravel	2.7
raveled	0.0
raveler	0.0
ravelers	0.0
ravelin	1.3
raveling	1.4
ravelins	0.0
ravelled	0.0
raveller	0.0
ravelly	0.0
ravels	0.0
raven	3.8
ravened	0.0
ravener	0.0
raveners	0.0
ravening	1.8
ravenous	2.8
ravens	3.7
raver	2.2
ravers	2.1
raves	2.8
ravigote	0.0
ravin	2.0
ravine	3.1
ravined	0.0
ravines	2.5
raving	3.1
ravingly	0.0
ravings	2.2
ravining	0.0
ravins	0.0
ravioli	2.9
raviolis	1.6
ravish	2.2
ravished	2.1
ravisher	0.0
ravishes	1.2
raw	4.5
rawboned	1.0
rawer	1.6
rawest	1.9
rawhide	2.5
rawhided	0.0
rawhides	1.0
rawin	0.0
rawins	0.0
rawish	0.0
rawly	1.4
rawness	2.2
raws	2.0
rax	1.9
raxed	0.0
raxes	0.0
raxing	0.0
ray	4.7
raya	2.8
rayah	0.0
rayahs	0.0
rayas	1.3
rayed	2.4
raygrass	0.0
raying	1.6
rayless	0.0
raylike	0.0
rayon	3.0
rayons	1.4
rays	4.0
raze	2.5
razed	2.8
razee	1.1
razeed	0.0
razeeing	0.0
razees	0.0
razer	2.9
razers	0.0
razes	1.4
razing	2.3
razor	3.7
razored	1.1
razoring	0.0
razors	2.9
razz	2.1
razzed	1.3
razzes	0.0
razzing	1.5
reabsorb	1.7
reaccede	0.0
reaccent	0.0
reaccept	0.0
reaccuse	0.0
reach	4.9
reached	4.8
reacher	2.5
reachers	0.0
reaches	4.2
reaching	4.5
react	4.2
reactant	2.3
reacted	3.6
reacting	3.6
reaction	4.7
reactive	3.5
reactor	3.8
reactors	3.5
reacts	3.6
read	5.5
readable	3.3
readably	0.0
readapt	1.2
readapts	0.0
readd	0.0
readded	0.0
readdict	0.0
readding	0.0
readds	0.0
reader	4.3
readerly	1.2
readers	4.4
readied	2.6
readier	1.6
readies	2.4
readiest	1.1
readily	3.9
reading	5.1
readings	3.9
readjust	2.6
readmit	1.6
readmits	0.0
readopt	1.0
readopts	0.0
readorn	0.0
readorns	0.0
readout	2.7
readouts	2.1
reads	4.2
ready	5.3
readying	2.5
reaffirm	2.8
reaffix	0.0
reagent	2.9
reagents	2.9
reagin	0.0
reaginic	0.0
reagins	0.0
real	5.6
realer	1.8
reales	2.0
realest	2.2
realgar	1.4
realgars	0.0
realia	1.3
realign	2.5
realigns	1.3
realise	4.3
realised	4.1
realiser	0.0
realises	3.2
realism	3.7
realisms	0.0
realist	3.3
realists	2.5
reality	4.9
realize	4.8
realized	4.6
realizer	0.0
realizes	3.8
reallot	0.0
reallots	0.0
really	6.0
realm	4.1
realms	3.5
realness	2.5
reals	2.7
realter	0.0
realters	0.0
realties	1.2
realty	3.4
ream	2.4
reamed	2.1
reamer	1.9
reamers	1.3
reaming	2.0
reams	2.6
reannex	0.0
reanoint	0.0
reap	3.5
reapable	0.0
reaped	2.8
reaper	3.3
reapers	2.6
reaphook	0.0
reaping	3.0
reappear	3.0
reapply	2.7
reaps	2.3
rear	4.4
reared	3.1
rearer	0.0
rearers	1.1
reargue	0.0
reargued	0.0
reargues	0.0
rearing	3.1
rearm	2.1
rearmed	1.8
rearmice	0.0
rearming	1.9
rearmost	1.7
rearms	0.0
rearouse	0.0
rearrest	1.5
rears	2.6
rearward	2.4
reascend	0.0
reascent	0.0
reason	5.3
reasoned	3.3
reasoner	2.0
reasons	4.9
reassail	0.0
reassert	2.5
reassess	2.8
reassign	2.3
reassort	0.0
reassume	1.4
reassure	3.3
reata	1.5
reatas	0.0
reattach	2.3
reattack	0.0
reattain	0.0
reavail	0.0
reavails	0.0
reave	1.3
reaved	0.0
reaver	2.0
reavers	2.1
reaves	2.4
reaving	0.0
reavow	0.0
reavowed	0.0
reavows	0.0
reawake	0.0
reawaked	0.0
reawaken	2.0
reawakes	0.0
reawoke	0.0
reawoken	0.0
reb	2.8
rebait	0.0
rebaited	0.0
rebaits	0.0
rebar	2.6
rebars	1.3
rebate	3.3
rebated	1.7
rebater	0.0
rebaters	0.0
rebates	3.2
rebating	1.0
rebato	0.0
rebatos	0.0
rebbe	2.4
rebbes	1.0
rebec	1.3
rebeck	1.2
rebecks	0.0
rebecs	0.0
rebegan	0.0
rebegin	0.0
rebegins	0.0
rebegun	0.0
rebel	4.1
rebeldom	0.0
rebelled	3.0
rebels	4.1
rebid	1.6
rebidden	0.0
rebids	0.0
rebill	0.0
rebilled	0.0
rebills	0.0
rebind	1.4
rebinds	0.0
rebirth	3.4
rebirths	1.7
reblend	0.0
reblends	0.0
rebloom	0.0
reblooms	0.0
reboant	0.0
reboard	1.3
reboards	0.0
rebodied	0.0
rebodies	0.0
rebody	0.0
reboil	0.0
reboiled	0.0
reboils	0.0
rebook	2.0
rebooked	1.8
rebooks	0.0
reboot	3.5
rebooted	2.7
reboots	2.5
rebop	0.0
rebops	0.0
rebore	0.0
rebored	0.0
rebores	0.0
reboring	0.0
reborn	3.4
rebottle	0.0
rebought	0.0
rebound	3.5
rebounds	3.8
rebozo	1.6
rebozos	0.0
rebranch	0.0
rebred	0.0
rebreed	0.0
rebreeds	0.0
rebs	2.3
rebuff	2.3
rebuffed	2.7
rebuffs	2.1
rebuild	3.9
rebuilds	2.5
rebuilt	3.6
rebuke	3.1
rebuked	2.8
rebuker	0.0
rebukers	0.0
rebukes	2.5
rebuking	2.2
reburial	2.0
reburied	2.1
reburies	0.0
rebury	1.5
rebus	2.5
rebuses	1.1
rebut	2.6
rebuts	1.9
rebuttal	3.1
rebutted	2.4
rebutter	0.0
rebutton	0.0
rebuy	1.8
rebuying	1.3
rebuys	1.2
rec	3.6
recall	4.4
recalled	4.0
recaller	0.0
recalls	3.7
recamier	0.0
recane	0.0
recaned	0.0
recanes	0.0
recaning	0.0
recant	2.4
recanted	2.5
recanter	0.0
recants	1.6
recap	3.5
recapped	1.8
recaps	2.6
recarry	0.0
recast	2.9
recasts	1.9
recce	2.2
recces	0.0
recede	2.7
receded	2.8
recedes	2.4
receding	3.0
receipt	3.9
receipts	3.7
receive	4.8
received	5.2
receiver	4.1
receives	4.2
recency	2.1
recent	5.0
recenter	1.3
recently	5.0
recept	1.4
receptor	3.8
recepts	0.0
recess	3.5
recessed	3.0
recesses	2.8
rechange	0.0
recharge	3.4
rechart	0.0
recharts	0.0
recheat	0.0
recheats	0.0
recheck	2.4
rechecks	0.0
rechew	0.0
rechewed	0.0
rechews	0.0
rechoose	0.0
rechose	0.0
rechosen	0.0
recipe	4.2
recipes	4.0
recircle	0.0
recision	0.0
recital	3.3
recitals	2.8
recite	3.3
recited	3.1
reciter	1.7
reciters	1.5
recites	2.6
reciting	3.1
reck	2.1
recked	1.3
recking	0.0
reckless	3.8
reckon	3.8
reckoned	3.3
reckoner	1.8
reckons	2.9
recks	1.1
reclad	0.0
reclaim	3.4
reclaims	2.2
reclame	1.2
reclames	0.0
reclasp	0.0
reclasps	0.0
reclean	0.0
recleans	0.0
recline	2.5
reclined	2.3
recliner	2.6
reclines	1.9
reclothe	0.0
recluse	2.9
recluses	1.8
recoal	0.0
recoaled	0.0
recoals	0.0
recock	0.0
recocked	0.0
recocks	0.0
recode	2.1
recoded	1.9
recodes	0.0
recodify	0.0
recoding	1.9
recoil	3.2
recoiled	2.3
recoiler	0.0
recoils	2.1
recoin	0.0
recoined	0.0
recoins	0.0
recolor	1.7
recolors	1.2
recomb	0.0
recombed	0.0
recombs	0.0
recommit	2.2
recon	3.2
recons	1.5
reconvey	0.0
recook	0.0
recooked	0.0
recooks	0.0
recopied	1.1
recopies	0.0
recopy	1.1
record	5.2
recorded	4.7
recorder	3.7
records	4.9
recork	0.0
recorked	0.0
recorks	0.0
recount	3.2
recounts	3.2
recoup	3.0
recoupe	0.0
recouped	2.3
recouple	0.0
recoups	1.4
recourse	3.3
recover	4.3
recovers	3.3
recovery	4.6
recrate	0.0
recrated	0.0
recrates	0.0
recreant	1.2
recreate	3.5
recross	1.4
recrown	0.0
recrowns	0.0
recruit	3.9
recruits	3.7
recs	2.5
recta	1.7
rectal	2.9
rectally	1.7
recti	1.5
rectify	3.2
recto	2.2
rector	3.3
rectors	2.1
rectory	2.9
rectos	0.0
rectrix	0.0
rectum	3.0
rectums	1.5
rectus	2.2
recur	2.6
recurred	2.3
recurs	2.2
recurve	2.1
recurved	2.2
recurves	0.0
recusal	2.1
recusals	0.0
recusant	1.7
recuse	2.5
recused	2.4
recuses	1.3
recusing	1.7
recut	2.1
recuts	0.0
recycle	3.4
recycled	3.6
recycler	2.1
recycles	2.4
red	5.3
redact	2.0
redacted	3.0
redactor	1.6
redacts	0.0
redamage	0.0
redan	1.7
redans	0.0
redargue	0.0
redate	0.0
redated	0.0
redates	0.0
redating	0.0
redbait	0.0
redbaits	0.0
redbay	0.0
redbays	0.0
redbird	2.0
redbirds	1.9
redbone	2.0
redbones	1.1
redbrick	1.9
redbud	1.8
redbuds	0.0
redbug	0.0
redbugs	0.0
redcap	1.8
redcaps	1.2
redcoat	1.9
redcoats	2.2
redd	2.7
redded	0.0
redden	2.3
reddened	2.1
reddens	1.4
redder	2.4
redders	0.0
reddest	1.9
redding	3.0
reddish	3.4
reddle	0.0
reddled	0.0
reddles	0.0
reddling	0.0
redds	1.5
rede	2.3
redear	1.1
redears	0.0
redecide	0.0
reded	0.0
redeem	3.5
redeemed	3.3
redeemer	3.0
redeems	2.4
redefeat	0.0
redefect	0.0
redefied	0.0
redefies	0.0
redefine	3.1
redefy	0.0
redemand	0.0
redenied	0.0
redenies	0.0
redeny	0.0
redeploy	2.4
redes	1.7
redesign	3.4
redeye	2.3
redeyes	0.0
redfin	2.0
redfins	0.0
redfish	2.1
redhead	3.2
redheads	2.6
redhorse	1.3
redia	0.0
rediae	0.0
redial	1.7
redialed	0.0
redials	0.0
redias	0.0
redid	2.3
redigest	0.0
reding	2.0
redip	0.0
redipped	0.0
redips	0.0
redipt	0.0
redirect	3.2
redivide	0.0
redleg	1.1
redlegs	2.0
redline	2.7
redlined	1.4
redlines	1.3
redly	0.0
redneck	3.1
rednecks	2.7
redness	3.0
redo	3.2
redock	0.0
redocked	0.0
redocks	0.0
redoes	1.0
redoing	2.5
redolent	2.3
redon	1.8
redone	2.9
redonned	0.0
redons	0.0
redos	1.2
redouble	2.3
redoubt	2.4
redoubts	2.0
redound	1.4
redounds	1.2
redout	1.1
redouts	0.0
redowa	0.0
redowas	0.0
redox	2.8
redoxes	0.0
redpoll	1.5
redpolls	1.1
redraft	2.0
redrafts	0.0
redraw	2.6
redrawer	0.0
redrawn	2.6
redraws	1.7
redream	0.0
redreams	0.0
redreamt	0.0
redress	3.1
redrew	2.0
redried	0.0
redries	0.0
redrill	0.0
redrills	0.0
redrive	0.0
redriven	0.0
redrives	0.0
redroot	0.0
redroots	0.0
redrove	0.0
redry	0.0
redrying	0.0
reds	3.9
redshank	1.7
redshift	2.5
redshirt	2.6
redskin	2.2
redskins	3.6
redstart	1.8
redtail	1.4
redtails	0.0
redtop	1.5
redtops	0.0
redub	1.2
redubbed	1.4
redubs	0.0
reduce	4.7
reduced	4.6
reducer	2.3
reducers	2.0
reduces	4.0
reducing	4.4
reductor	0.0
reduviid	0.0
redux	2.7
redware	1.3
redwares	0.0
redwing	2.0
redwings	1.9
redwood	3.2
redwoods	2.6
redye	0.0
redyed	0.0
redyeing	0.0
redyes	0.0
ree	2.8
reearn	0.0
reearned	0.0
reearns	0.0
reechier	0.0
reecho	0.0
reechoed	0.0
reechoes	0.0
reechy	0.0
reed	4.1
reedbird	0.0
reedbuck	1.2
reeded	1.5
reedier	0.0
reediest	0.0
reedify	0.0
reedily	0.0
reeding	1.1
reedings	0.0
reedit	1.2
reedited	1.3
reedits	0.0
reedlike	0.0
reedling	0.0
reedman	1.1
reedmen	0.0
reeds	3.0
reedy	2.6
reef	3.8
reefable	0.0
reefed	1.5
reefer	2.7
reefers	1.7
reefier	0.0
reefiest	0.0
reefing	1.7
reefs	3.4
reefy	0.0
reeject	0.0
reejects	0.0
reek	2.8
reeked	2.3
reeker	0.0
reekers	0.0
reekier	0.0
reekiest	0.0
reeking	2.4
reeks	2.8
reeky	0.0
reel	3.7
reelable	0.0
reelect	1.9
reelects	0.0
reeled	2.6
reeler	1.4
reelers	1.3
reeling	3.1
reels	3.1
reembark	0.0
reembody	0.0
reemerge	1.9
reemit	0.0
reemits	0.0
reemploy	0.0
reenact	2.4
reenacts	1.6
reendow	0.0
reendows	0.0
reengage	1.8
reenjoy	0.0
reenjoys	0.0
reenlist	1.8
reenroll	0.0
reenter	2.4
reenters	1.6
reentry	2.8
reequip	0.0
reequips	0.0
reerect	0.0
reerects	0.0
rees	3.2
reest	0.0
reested	0.0
reesting	0.0
reests	0.0
reeve	2.9
reeved	0.0
reeves	3.5
reeving	0.0
reevoke	0.0
reevoked	0.0
reevokes	0.0
reexpel	0.0
reexpels	0.0
reexport	1.0
reexpose	0.0
ref	4.0
reface	1.5
refaced	1.2
refaces	0.0
refacing	1.2
refall	0.0
refallen	0.0
refalls	0.0
refasten	0.0
refect	0.0
refected	0.0
refects	0.0
refed	0.0
refeed	1.2
refeeds	0.0
refeel	0.0
refeels	0.0
refel	0.0
refell	0.0
refelled	0.0
refels	0.0
refelt	0.0
refence	0.0
refenced	0.0
refences	0.0
refer	4.5
referee	3.9
refereed	2.5
referees	3.4
referent	2.3
referral	3.6
referred	4.6
referrer	1.8
refers	4.2
reffed	1.4
reffing	1.9
refight	1.2
refights	0.0
refigure	1.1
refile	1.9
refiled	1.8
refiles	0.0
refiling	1.3
refill	3.2
refilled	2.7
refills	2.7
refilm	0.0
refilmed	0.0
refilms	0.0
refilter	0.0
refind	1.2
refinds	0.0
refine	3.3
refined	3.8
refiner	2.3
refiners	2.6
refinery	3.5
refines	2.2
refining	3.4
refinish	1.9
refire	1.1
refired	0.0
refires	0.0
refiring	0.0
refit	2.7
refits	1.7
refitted	2.4
refix	1.2
refixed	0.0
refixes	0.0
refixing	0.0
reflate	1.1
reflated	0.0
reflates	0.0
reflect	4.4
reflects	4.1
reflet	1.0
reflets	0.0
reflew	0.0
reflex	3.4
reflexed	1.7
reflexes	3.2
reflexly	0.0
reflies	0.0
refloat	1.7
refloats	0.0
reflood	0.0
refloods	0.0
reflow	1.9
reflowed	0.0
reflower	0.0
reflown	0.0
reflows	0.0
refluent	0.0
reflux	3.0
refluxed	1.2
refluxes	0.0
refly	0.0
reflying	0.0
refocus	2.7
refold	1.4
refolded	1.1
refolds	0.0
reforest	1.6
reforge	1.5
reforged	1.7
reforges	0.0
reform	4.5
reformat	2.2
reformed	3.6
reformer	3.1
reforms	4.1
refought	0.0
refound	1.5
refounds	0.0
refract	1.9
refracts	1.7
refrain	3.6
refrains	2.4
reframe	2.5
reframed	2.0
reframes	1.5
refreeze	1.8
refresh	3.6
refried	2.2
refries	0.0
refront	0.0
refronts	0.0
refroze	0.0
refrozen	1.3
refry	0.0
refrying	0.0
refs	3.7
reft	1.2
refuel	2.8
refueled	2.1
refuels	1.5
refuge	3.9
refuged	0.0
refugee	4.0
refugees	4.3
refuges	2.8
refugia	1.6
refuging	0.0
refugium	1.4
refund	3.9
refunded	3.2
refunder	0.0
refunds	3.4
refusal	3.8
refusals	2.3
refuse	4.4
refused	4.5
refuser	1.1
refusers	1.2
refuses	4.0
refusing	4.0
refusnik	0.0
refutal	0.0
refutals	0.0
refute	3.1
refuted	3.1
refuter	0.0
refuters	0.0
refutes	2.7
refuting	2.6
reg	3.7
regain	3.7
regained	3.5
regainer	0.0
regains	2.7
regal	3.3
regale	2.3
regaled	2.1
regaler	0.0
regalers	0.0
regales	1.6
regalia	2.7
regaling	1.9
regality	1.6
regally	1.8
regard	4.4
regarded	4.3
regards	4.2
regather	1.4
regatta	2.9
regattas	2.0
regauge	0.0
regauged	0.0
regauges	0.0
regave	0.0
regear	0.0
regeared	0.0
regears	0.0
regelate	0.0
regency	3.2
regent	3.5
regental	0.0
regents	3.3
reges	1.3
reggae	3.5
reggaes	0.0
regicide	2.2
regild	0.0
regilded	0.0
regilds	0.0
regilt	0.0
regime	4.3
regimen	3.3
regimens	2.8
regiment	3.9
regimes	3.5
regina	3.6
reginae	1.5
reginal	1.1
reginas	0.0
region	5.0
regional	4.7
regions	4.5
register	4.6
registry	3.8
regius	2.1
regive	0.0
regiven	0.0
regives	0.0
regiving	0.0
reglaze	0.0
reglazed	0.0
reglazes	0.0
reglet	0.0
reglets	0.0
regloss	0.0
reglow	0.0
reglowed	0.0
reglows	0.0
reglue	0.0
reglued	0.0
reglues	0.0
regluing	0.0
regma	0.0
regmata	0.0
regna	1.5
regnal	1.9
regnancy	0.0
regnant	1.7
regnum	1.9
regolith	2.2
regorge	0.0
regorged	0.0
regorges	0.0
regosol	0.0
regosols	0.0
regrade	1.4
regraded	1.5
regrades	0.0
regraft	0.0
regrafts	0.0
regrant	1.1
regrants	0.0
regrate	0.0
regrated	0.0
regrates	0.0
regreen	0.0
regreens	0.0
regreet	0.0
regreets	0.0
regress	2.6
regret	4.4
regrets	3.8
regrew	1.3
regrind	1.4
regrinds	0.0
regroom	0.0
regrooms	0.0
regroove	0.0
reground	1.2
regroup	3.1
regroups	1.6
regrow	2.4
regrown	1.7
regrows	1.4
regrowth	2.6
regs	2.9
regular	5.0
regulars	3.4
regulate	3.9
reguli	0.0
reguline	0.0
regulus	2.3
rehab	3.8
rehabbed	1.9
rehabber	0.0
rehabs	1.9
rehammer	0.0
rehandle	0.0
rehang	1.3
rehanged	0.0
rehangs	0.0
reharden	0.0
rehash	2.5
rehashed	2.2
rehashes	1.6
rehear	1.7
reheard	1.4
rehears	0.0
rehearse	2.9
reheat	2.6
reheated	2.4
reheater	0.0
reheats	1.4
reheel	0.0
reheeled	0.0
reheels	0.0
rehem	0.0
rehemmed	0.0
rehems	0.0
rehinge	0.0
rehinged	0.0
rehinges	0.0
rehire	2.2
rehired	2.4
rehires	1.1
rehiring	1.8
rehoboam	1.7
rehouse	1.6
rehoused	1.8
rehouses	0.0
rehung	1.2
rei	3.1
reif	1.9
reified	1.7
reifier	0.0
reifiers	0.0
reifies	1.2
reifs	0.0
reify	1.6
reifying	1.3
reign	4.1
reigned	3.1
reigning	3.5
reignite	2.4
reigns	3.5
reimage	1.2
reimaged	0.0
reimages	0.0
reimport	0.0
reimpose	1.7
rein	3.4
reincite	0.0
reincur	0.0
reincurs	0.0
reindeer	3.3
reindex	0.0
reindict	0.0
reinduce	0.0
reinduct	0.0
reined	2.3
reinfect	1.2
reinform	0.0
reinfuse	0.0
reining	2.4
reinject	0.0
reinjure	0.0
reinjury	1.1
reink	0.0
reinked	0.0
reinking	1.4
reinks	0.0
reinless	0.0
reins	3.3
reinsert	1.8
reinsman	0.0
reinsmen	0.0
reinsure	1.1
reinter	0.0
reinters	0.0
reinvade	0.0
reinvent	3.1
reinvest	2.6
reinvite	0.0
reinvoke	0.0
reis	2.7
reissue	3.0
reissued	2.8
reissuer	0.0
reissues	2.4
reitbok	0.0
reitboks	0.0
reive	0.0
reived	0.0
reiver	1.4
reivers	1.7
reives	0.0
reiving	0.0
rejacket	0.0
reject	4.0
rejected	4.4
rejectee	0.0
rejecter	0.0
rejector	1.1
rejects	3.7
rejigger	1.1
rejoice	3.5
rejoiced	2.6
rejoicer	0.0
rejoices	2.5
rejoin	3.2
rejoined	3.0
rejoins	2.3
rejudge	0.0
rejudged	0.0
rejudges	0.0
rejuggle	0.0
rekey	1.1
rekeyed	0.0
rekeying	1.1
rekeys	0.0
rekindle	2.7
reknit	0.0
reknits	0.0
relabel	1.5
relabels	0.0
relace	0.0
relaced	0.0
relaces	0.0
relacing	0.0
relaid	1.9
relapse	3.3
relapsed	2.7
relapser	0.0
relapses	2.5
relate	4.2
related	5.1
relater	0.0
relaters	0.0
relates	3.8
relating	4.2
relation	4.3
relative	4.5
relator	1.7
relators	1.1
relaunch	2.9
relax	4.3
relaxant	2.3
relaxed	4.0
relaxer	2.0
relaxers	1.9
relaxes	2.9
relaxin	2.0
relaxing	3.9
relaxins	0.0
relay	3.9
relayed	3.0
relaying	2.8
relays	3.2
relearn	2.3
relearns	0.0
relearnt	0.0
release	5.1
released	5.0
releaser	1.5
releases	4.3
relegate	2.5
relend	0.0
relends	0.0
relent	2.5
relented	2.7
relents	2.0
relet	1.1
relets	0.0
reletter	0.0
relevant	4.6
releve	0.0
releves	0.0
reliable	4.3
reliably	3.4
reliance	3.8
reliant	3.4
relic	3.4
relics	3.5
relict	2.2
relicts	1.4
relied	3.8
relief	4.5
reliefs	2.9
relier	0.0
reliers	0.0
relies	3.8
relieve	3.8
relieved	4.0
reliever	3.1
relieves	2.9
relievo	0.0
relievos	0.0
relight	2.0
relights	0.0
religion	4.7
reline	1.3
relined	1.5
relines	0.0
relining	1.5
relink	1.2
relinked	0.0
relinks	0.0
relique	0.0
reliques	1.3
relish	3.3
relished	2.6
relishes	2.4
relist	1.6
relisted	1.8
relists	0.0
relit	1.6
relive	3.2
relived	2.3
relives	2.1
reliving	2.8
reload	3.3
reloaded	2.9
reloader	1.3
reloads	2.2
reloan	0.0
reloaned	0.0
reloans	0.0
relocate	3.4
relock	1.2
relocked	0.0
relocks	0.0
relook	1.5
relooked	0.0
relooks	0.0
relucent	0.0
reluct	0.0
relucted	0.0
relucts	0.0
relume	0.0
relumed	0.0
relumes	0.0
relumine	0.0
reluming	0.0
rely	4.3
relying	3.8
rem	3.3
remade	3.0
remail	0.0
remailed	0.0
remails	0.0
remain	4.8
remained	4.6
remains	4.8
remake	3.8
remaker	0.0
remakers	0.0
remakes	2.9
remaking	2.8
reman	2.0
remand	2.9
remanded	3.2
remands	1.6
remanent	1.3
remanned	0.0
remans	1.2
remap	1.9
remapped	1.8
remaps	0.0
remark	3.7
remarked	3.6
remarker	0.0
remarket	0.0
remarks	4.2
remarque	1.7
remarry	2.7
remaster	2.7
rematch	3.4
remate	1.0
remated	0.0
remates	0.0
remating	0.0
remedial	3.1
remedied	2.8
remedies	3.8
remedy	3.8
remeet	0.0
remeets	0.0
remelt	0.0
remelted	1.1
remelts	0.0
remember	5.4
remend	0.0
remended	0.0
remends	0.0
remerge	0.0
remerged	0.0
remerges	0.0
remet	0.0
remex	0.0
remiges	1.2
remigial	0.0
remind	4.4
reminded	4.2
reminder	4.1
reminds	4.2
remint	0.0
reminted	0.0
remints	0.0
remise	1.6
remised	0.0
remises	0.0
remising	0.0
remiss	2.6
remissly	0.0
remit	3.1
remits	1.7
remittal	0.0
remitted	2.3
remitter	0.0
remittor	0.0
remix	4.0
remixed	2.9
remixes	3.1
remixing	2.3
remixt	0.0
remnant	3.3
remnants	3.5
remodel	2.9
remodels	1.9
remodify	0.0
remolade	0.0
remold	1.4
remolded	1.4
remolds	0.0
remora	1.9
remoras	1.2
remorid	0.0
remorse	3.5
remorses	0.0
remote	4.4
remotely	3.8
remoter	1.7
remotes	2.5
remotest	2.4
remotion	0.0
remount	2.1
remounts	1.5
removal	4.3
removals	2.9
remove	4.7
removed	4.8
remover	3.0
removers	2.0
removes	3.7
removing	4.3
rems	1.9
remuda	1.2
remudas	0.0
renail	0.0
renailed	0.0
renails	0.0
renal	3.4
rename	3.2
renamed	3.5
renames	2.1
renaming	2.9
renature	0.0
rend	2.4
rended	0.0
render	3.8
rendered	3.9
renderer	2.3
renders	3.3
rendible	0.0
rending	2.5
rends	1.5
rendzina	0.0
renegade	3.2
renegado	0.0
renege	2.3
reneged	2.4
reneger	0.0
renegers	0.0
reneges	1.6
reneging	2.1
renest	0.0
renested	0.0
renests	0.0
renew	3.7
renewal	3.8
renewals	2.8
renewed	4.0
renewer	1.0
renewers	0.0
renewing	3.2
renews	2.8
reniform	1.9
renig	0.0
renigged	0.0
renigs	0.0
renin	2.1
renins	0.0
renitent	0.0
renminbi	2.2
rennase	0.0
rennases	0.0
rennet	2.2
rennets	0.0
rennin	0.0
rennins	0.0
renogram	0.0
renotify	0.0
renounce	3.2
renovate	3.0
renown	3.1
renowned	4.0
renowns	0.0
rent	4.6
rentable	1.9
rental	4.1
rentals	3.4
rente	0.0
rented	3.9
renter	2.8
renters	3.2
rentes	0.0
rentier	1.9
rentiers	1.5
renting	3.6
rents	3.6
renumber	1.5
renvoi	0.0
renvois	0.0
reobject	0.0
reobtain	0.0
reoccupy	1.7
reoccur	1.9
reoccurs	1.4
reoffer	1.1
reoffers	0.0
reoil	0.0
reoiled	0.0
reoiling	0.0
reoils	0.0
reopen	3.4
reopened	3.5
reopens	2.6
reoppose	0.0
reordain	0.0
reorder	2.4
reorders	1.5
reorient	2.2
reoutfit	0.0
reovirus	1.4
rep	4.3
repacify	0.0
repack	2.2
repacked	1.9
repacks	1.1
repaid	3.3
repaint	2.6
repaints	1.5
repair	4.4
repaired	3.8
repairer	2.2
repairs	4.1
repand	0.0
repandly	0.0
repanel	0.0
repanels	0.0
repaper	0.0
repapers	0.0
repark	0.0
reparked	0.0
reparks	0.0
repartee	2.2
repass	1.4
repassed	0.0
repasses	0.0
repast	2.0
repasted	0.0
repasts	0.0
repatch	0.0
repave	1.6
repaved	1.8
repaves	0.0
repaving	1.8
repay	3.7
repaying	2.7
repays	2.2
repeal	3.9
repealed	3.4
repealer	0.0
repeals	2.4
repeat	4.5
repeated	4.3
repeater	2.9
repeats	3.5
repeg	0.0
repegged	0.0
repegs	0.0
repel	3.2
repelled	3.0
repeller	1.7
repels	2.4
repent	3.4
repented	2.6
repenter	0.0
repents	2.2
repeople	0.0
reperk	0.0
reperked	0.0
reperks	0.0
repetend	0.0
rephrase	2.8
repin	1.9
repine	1.1
repined	0.0
repiner	0.0
repiners	0.0
repines	0.0
repining	1.1
repinned	0.0
repins	0.0
replace	4.6
replaced	4.5
replacer	1.8
replaces	3.6
replan	1.3
replans	0.0
replant	2.3
replants	0.0
replate	0.0
replated	0.0
replates	0.0
replay	3.8
replayed	2.8
replays	3.1
replead	0.0
repleads	0.0
repled	0.0
repledge	0.0
replete	2.9
replevin	1.6
replevy	0.0
replica	3.7
replicas	3.0
replicon	1.3
replied	4.3
replier	1.2
repliers	0.0
replies	4.0
replot	0.0
replots	0.0
replumb	0.0
replumbs	0.0
replunge	0.0
reply	4.5
replying	3.5
repo	3.1
repolish	0.0
repoll	0.0
repolled	0.0
repolls	0.0
report	5.3
reported	5.0
reporter	4.3
reports	4.9
repos	2.4
reposal	0.0
reposals	0.0
repose	2.8
reposed	1.9
reposer	0.0
reposers	0.0
reposes	1.8
reposing	1.8
reposit	0.0
reposits	0.0
repot	1.8
repots	0.0
repotted	1.5
repour	0.0
repoured	0.0
repours	0.0
repousse	1.5
repower	1.5
repowers	0.0
repp	1.6
repped	2.0
repps	0.0
repress	2.8
reprice	1.3
repriced	1.4
reprices	0.0
reprieve	2.9
reprint	3.4
reprints	3.0
reprisal	2.9
reprise	3.0
reprised	2.3
reprises	2.1
repro	2.2
reproach	2.9
reprobe	0.0
reprobed	0.0
reprobes	0.0
reproof	2.0
reproofs	1.0
repros	1.0
reproval	0.0
reprove	1.8
reproved	1.8
reprover	0.0
reproves	1.3
reps	3.6
reptant	0.0
reptile	3.2
reptiles	3.4
reptilia	1.9
republic	4.6
repugn	0.0
repugned	0.0
repugns	0.0
repulse	2.5
repulsed	3.0
repulser	0.0
repulses	1.9
repump	0.0
repumped	0.0
repumps	0.0
repurify	0.0
repursue	0.0
repute	2.6
reputed	3.3
reputes	0.0
reputing	0.0
request	4.8
requests	4.3
requiem	3.1
requiems	1.3
requin	1.3
requins	0.0
require	4.8
required	5.0
requirer	0.0
requires	4.7
requital	1.5
requite	1.7
requited	1.7
requiter	0.0
requites	0.0
rerack	0.0
reracked	0.0
reracks	0.0
reraise	0.0
reraised	0.0
reraises	0.0
reran	1.5
reread	3.0
rereads	1.5
rerecord	1.6
reredos	1.8
reremice	0.0
reremind	0.0
rerepeat	0.0
rereview	0.0
rereward	0.0
rerig	0.0
rerigged	0.0
rerigs	0.0
rerise	0.0
rerisen	0.0
rerises	0.0
rerising	0.0
reroll	1.7
rerolled	1.2
reroller	0.0
rerolls	0.0
reroof	0.0
reroofed	0.0
reroofs	0.0
rerose	0.0
reroute	2.4
rerouted	2.5
reroutes	1.5
rerun	2.9
reruns	2.9
res	3.8
resaddle	0.0
resaid	0.0
resail	0.0
resailed	0.0
resails	0.0
resale	3.3
resales	2.0
resalute	0.0
resample	1.5
resaw	0.0
resawed	0.0
resawing	0.0
resawn	0.0
resaws	0.0
resay	0.0
resaying	0.0
resays	0.0
rescale	1.4
rescaled	1.6
rescales	0.0
reschool	0.0
rescind	2.9
rescinds	1.9
rescore	0.0
rescored	0.0
rescores	0.0
rescreen	0.0
rescript	1.8
rescue	4.5
rescued	3.9
rescuer	2.6
rescuers	2.9
rescues	3.2
rescuing	3.4
resculpt	0.0
reseal	1.9
resealed	1.8
reseals	0.0
research	5.4
reseason	0.0
reseat	1.5
reseated	1.3
reseats	0.0
reseau	1.2
reseaus	0.0
reseaux	0.0
resect	1.6
resected	2.1
resects	0.0
resecure	0.0
reseda	2.1
resedas	0.0
resee	0.0
reseed	1.6
reseeded	1.6
reseeds	0.0
reseeing	0.0
reseek	0.0
reseeks	0.0
reseen	0.0
resees	0.0
reseize	0.0
reseized	0.0
reseizes	0.0
resell	2.9
reseller	2.8
resells	1.8
resemble	3.7
resend	2.1
resends	0.0
resent	3.4
resented	3.1
resents	2.6
reserve	4.6
reserved	4.2
reserver	0.0
reserves	4.2
reset	3.8
resets	2.6
resetter	0.0
resettle	2.5
resew	0.0
resewed	0.0
resewing	0.0
resewn	0.0
resews	0.0
resh	1.8
reshape	2.9
reshaped	2.6
reshaper	0.0
reshapes	1.8
reshave	0.0
reshaved	0.0
reshaven	0.0
reshaves	0.0
reshes	0.0
reshine	0.0
reshined	0.0
reshines	0.0
reship	1.4
reships	0.0
reshod	0.0
reshoe	0.0
reshoes	0.0
reshone	0.0
reshoot	2.1
reshoots	2.0
reshot	1.7
reshow	0.0
reshowed	0.0
reshown	0.0
reshows	0.0
resid	1.5
reside	3.7
resided	3.3
resident	4.4
resider	0.0
residers	0.0
resides	3.5
residing	3.6
resids	0.0
residua	0.0
residual	3.5
residue	3.5
residues	3.2
residuum	1.4
resift	0.0
resifted	0.0
resifts	0.0
resight	0.0
resights	0.0
resign	4.0
resigned	4.0
resigner	0.0
resigns	3.2
resile	1.2
resiled	0.0
resiles	0.0
resiling	0.0
resilver	0.0
resin	3.6
resinate	1.1
resined	0.0
resinify	0.0
resining	0.0
resinoid	0.0
resinous	2.2
resins	2.9
resiny	0.0
resist	4.2
resisted	3.6
resister	1.9
resistor	3.0
resists	3.1
resite	0.0
resited	0.0
resites	0.0
resiting	0.0
resize	2.5
resized	2.2
resizes	1.3
resizing	2.2
resketch	0.0
reslate	0.0
reslated	0.0
reslates	0.0
resmelt	0.0
resmelts	0.0
resmooth	0.0
resoak	0.0
resoaked	0.0
resoaks	0.0
resod	0.0
resodded	0.0
resods	0.0
resojet	0.0
resojets	0.0
resold	2.8
resolder	0.0
resole	1.0
resoled	1.2
resoles	0.0
resoling	0.0
resolute	3.1
resolve	4.2
resolved	4.1
resolver	2.0
resolves	3.1
resonant	3.1
resonate	3.2
resorb	1.2
resorbed	1.4
resorbs	0.0
resorcin	0.0
resort	4.4
resorted	3.2
resorter	0.0
resorts	3.8
resought	0.0
resound	2.3
resounds	1.9
resource	4.4
resow	0.0
resowed	0.0
resowing	0.0
resown	0.0
resows	0.0
respace	0.0
respaced	0.0
respaces	0.0
respade	0.0
respaded	0.0
respades	0.0
respeak	0.0
respeaks	0.0
respect	5.0
respects	3.9
respell	0.0
respells	0.0
respelt	0.0
respire	1.8
respired	1.1
respires	0.0
respite	3.2
respited	0.0
respites	1.4
resplice	0.0
resplit	0.0
resplits	0.0
respoke	0.0
respoken	0.0
respond	4.5
responds	3.8
responsa	1.7
response	5.0
respot	0.0
respots	0.0
resprang	0.0
respray	1.4
resprays	0.0
respread	0.0
respring	0.0
resprout	0.0
resprung	0.0
rest	5.2
restack	0.0
restacks	0.0
restaff	0.0
restaffs	0.0
restage	1.3
restaged	1.4
restages	0.0
restamp	0.0
restamps	0.0
restart	3.7
restarts	2.7
restate	2.5
restated	2.7
restates	1.9
rested	3.6
rester	1.5
resters	0.0
restful	2.8
resting	3.9
restitch	0.0
restive	2.4
restless	3.6
restock	2.8
restocks	1.7
restoke	0.0
restoked	0.0
restokes	0.0
restoral	0.0
restore	4.2
restored	4.1
restorer	2.5
restores	3.0
restrain	3.3
restress	0.0
restrict	3.8
restrike	0.0
restring	1.3
restrive	0.0
restroom	3.4
restrove	0.0
restruck	0.0
restrung	1.4
rests	3.6
restudy	1.2
restuff	0.0
restuffs	0.0
restyle	1.7
restyled	1.9
restyles	0.0
resubmit	2.4
result	5.2
resulted	4.4
results	5.2
resume	4.1
resumed	3.8
resumer	0.0
resumers	0.0
resumes	3.5
resuming	3.0
resummon	0.0
resupine	0.0
resupply	2.9
resurge	1.4
resurged	1.2
resurges	0.0
resurvey	1.3
ret	3.2
retable	1.4
retables	0.0
retack	0.0
retacked	0.0
retackle	0.0
retacks	0.0
retag	0.0
retagged	0.0
retags	0.0
retail	4.5
retailed	2.3
retailer	3.8
retailor	0.0
retails	2.6
retain	4.2
retained	4.1
retainer	3.1
retains	3.6
retake	3.3
retaken	2.6
retaker	0.0
retakers	0.0
retakes	2.3
retaking	2.6
retape	0.0
retaped	0.0
retapes	0.0
retaping	0.0
retard	3.4
retarded	3.7
retarder	1.8
retards	2.9
retarget	1.4
retaste	0.0
retasted	0.0
retastes	0.0
retaught	1.0
retax	0.0
retaxed	0.0
retaxes	0.0
retaxing	0.0
retch	2.0
retched	1.7
retches	1.1
retching	2.2
rete	2.0
reteach	1.5
reteam	1.0
reteamed	0.0
reteams	0.0
retear	0.0
retears	0.0
retell	2.2
retells	2.0
retem	0.0
retemper	0.0
retems	0.0
retene	0.0
retenes	0.0
retest	2.5
retested	2.2
retests	1.5
rethink	3.5
rethinks	1.9
rethread	0.0
retia	0.0
retial	0.0
retiarii	0.0
retiary	0.0
reticent	2.6
reticle	2.4
reticles	1.6
reticula	0.0
reticule	1.8
retie	1.3
retied	1.1
reties	0.0
retiform	0.0
retile	0.0
retiled	0.0
retiles	0.0
retiling	0.0
retime	0.0
retimed	1.1
retimes	0.0
retiming	1.4
retina	3.4
retinae	0.0
retinal	3.1
retinals	0.0
retinas	2.3
retine	0.0
retinene	0.0
retines	0.0
retinite	0.0
retinoid	2.0
retinol	2.5
retinols	0.0
retint	0.0
retinted	0.0
retints	0.0
retinue	2.6
retinued	0.0
retinues	1.7
retinula	0.0
retirant	0.0
retire	4.0
retired	4.4
retiree	2.8
retirees	3.1
retirer	0.0
retirers	0.0
retires	3.3
retiring	3.8
retitle	1.3
retitled	2.0
retitles	0.0
retold	2.6
retook	2.5
retool	2.2
retooled	2.3
retools	0.0
retore	0.0
retorn	0.0
retort	2.9
retorted	2.7
retorter	0.0
retorts	2.4
retouch	2.2
retrace	2.7
retraced	2.3
retraces	1.9
retrack	0.0
retracks	0.0
retract	3.0
retracts	2.4
retrain	2.5
retrains	1.1
retral	0.0
retrally	0.0
retread	2.1
retreads	1.7
retreat	4.1
retreats	3.2
retrench	1.8
retrial	2.7
retrials	1.3
retried	2.1
retries	1.6
retrieve	3.7
retrim	0.0
retrims	0.0
retro	3.7
retroact	0.0
retrofit	2.8
retrorse	0.0
retros	1.7
retry	2.6
retrying	1.6
rets	1.5
retsina	1.4
retsinas	0.0
retted	0.0
retting	1.2
retune	1.8
retuned	1.8
retunes	0.0
retuning	1.7
return	5.2
returned	4.8
returnee	2.1
returner	2.5
returns	4.6
retuse	0.0
retwist	0.0
retwists	0.0
retying	0.0
retype	1.9
retyped	1.6
retypes	0.0
retyping	1.6
reunify	1.9
reunion	3.9
reunions	2.9
reunite	3.4
reunited	3.7
reuniter	0.0
reunites	2.6
reusable	3.2
reuse	3.4
reused	3.1
reuses	2.0
reusing	2.7
reutter	1.4
reutters	0.0
rev	4.1
revalue	1.6
revalued	1.9
revalues	0.0
revamp	3.2
revamped	3.2
revamper	0.0
revamps	2.1
revanche	1.4
reveal	4.4
revealed	4.7
revealer	1.7
reveals	4.3
revehent	0.0
reveille	2.3
revel	3.1
reveled	2.3
reveler	1.5
revelers	2.2
reveling	2.3
revelled	2.1
reveller	1.5
revelry	2.5
revels	2.8
revenant	2.5
revenge	4.3
revenged	2.0
revenger	1.7
revenges	1.8
revenual	0.0
revenue	4.6
revenued	0.0
revenuer	0.0
revenues	4.1
reverb	2.9
reverbed	1.0
reverbs	1.7
revere	3.1
revered	3.3
reverend	3.7
reverent	2.5
reverer	0.0
reverers	0.0
reveres	2.0
reverie	2.6
reveries	2.1
reverify	0.0
revering	1.7
revers	1.6
reversal	3.6
reverse	4.4
reversed	3.9
reverser	1.8
reverses	3.0
reverso	1.5
reversos	0.0
revert	3.4
reverted	3.1
reverter	0.0
reverts	2.7
revery	1.1
revest	0.0
revested	0.0
revests	0.0
revet	0.0
revets	0.0
revetted	1.1
review	5.1
reviewal	0.0
reviewed	4.2
reviewer	3.5
reviews	4.6
revile	2.0
reviled	2.6
reviler	0.0
revilers	1.1
reviles	1.3
reviling	1.5
revisal	0.0
revisals	0.0
revise	3.5
revised	4.1
reviser	1.3
revisers	1.0
revises	2.4
revising	3.2
revision	3.8
revisit	3.4
revisits	2.5
revisor	1.2
revisors	0.0
revisory	0.0
revival	3.9
revivals	2.7
revive	3.7
revived	3.6
reviver	1.9
revivers	1.1
revives	2.8
revivify	1.4
reviving	3.2
revoice	0.0
revoiced	0.0
revoices	0.0
revoke	3.3
revoked	3.5
revoker	0.0
revokers	0.0
revokes	2.2
revoking	2.7
revolt	3.7
revolted	2.8
revolter	0.0
revolts	2.8
revolute	1.5
revolve	3.2
revolved	3.0
revolver	3.4
revolves	3.4
revote	2.0
revoted	0.0
revotes	0.0
revoting	0.0
revs	2.9
revue	3.1
revues	1.9
revuist	0.0
revuists	0.0
revulsed	0.0
revved	2.5
revving	2.7
rewake	0.0
rewaked	0.0
rewaken	0.0
rewakens	0.0
rewakes	0.0
rewaking	0.0
rewan	0.0
reward	4.3
rewarded	3.8
rewarder	1.4
rewards	4.1
rewarm	0.0
rewarmed	0.0
rewarms	0.0
rewash	1.2
rewashed	0.0
rewashes	0.0
rewax	0.0
rewaxed	0.0
rewaxes	0.0
rewaxing	0.0
reweave	0.0
reweaved	0.0
reweaves	0.0
rewed	0.0
rewedded	0.0
reweds	0.0
reweigh	0.0
reweighs	0.0
reweld	0.0
rewelded	0.0
rewelds	0.0
rewet	0.0
rewets	0.0
rewetted	0.0
rewiden	0.0
rewidens	0.0
rewin	0.0
rewind	3.2
rewinded	0.0
rewinder	1.2
rewinds	2.0
rewins	0.0
rewire	2.5
rewired	2.2
rewires	1.5
rewiring	2.3
rewoke	0.0
rewoken	0.0
rewon	0.0
reword	2.1
reworded	1.9
rewords	0.0
rework	2.9
reworked	3.1
reworks	2.0
rewound	2.1
rewove	0.0
rewoven	0.0
rewrap	1.4
rewraps	0.0
rewrapt	0.0
rewrite	3.5
rewriter	1.5
rewrites	2.6
rewrote	2.8
rex	3.9
rexes	1.5
reynard	2.4
reynards	0.0
rezone	1.9
rezoned	2.0
rezones	0.0
rezoning	2.4
rhabdom	0.0
rhabdome	0.0
rhabdoms	0.0
rhachis	0.0
rhamnose	1.3
rhamnus	1.5
rhaphae	0.0
rhaphe	0.0
rhaphes	0.0
rhapsode	0.0
rhapsody	3.0
rhatany	0.0
rhea	3.0
rheas	1.5
rhebok	0.0
rheboks	0.0
rhematic	0.0
rhenium	1.9
rheniums	0.0
rheobase	0.0
rheology	2.1
rheophil	0.0
rheostat	1.6
rhesus	2.6
rhesuses	0.0
rhetor	1.6
rhetoric	4.0
rhetors	0.0
rheum	1.8
rheumic	0.0
rheumier	0.0
rheums	0.0
rheumy	1.4
rhinal	0.0
rhinitis	2.4
rhino	3.6
rhinos	3.2
rhizobia	1.5
rhizoid	0.0
rhizoids	1.4
rhizoma	0.0
rhizome	2.4
rhizomes	2.3
rhizomic	0.0
rhizopi	0.0
rhizopod	0.0
rhizopus	1.4
rho	2.8
rhodamin	0.0
rhodic	0.0
rhodium	2.5
rhodiums	0.0
rhodora	1.3
rhodoras	0.0
rhomb	1.4
rhombi	0.0
rhombic	2.0
rhomboid	1.9
rhombs	0.0
rhombus	2.1
rhonchal	0.0
rhonchi	0.0
rhonchus	0.0
rhos	1.8
rhubarb	3.0
rhubarbs	0.0
rhumb	1.4
rhumba	1.8
rhumbaed	0.0
rhumbas	0.0
rhumbs	0.0
rhus	1.9
rhuses	0.0
rhyme	3.6
rhymed	2.5
rhymer	1.8
rhymers	1.1
rhymes	3.5
rhyming	3.0
rhyolite	2.1
rhyta	0.0
rhythm	4.0
rhythmic	3.4
rhythms	3.4
rhyton	1.1
rhytons	0.0
ria	3.0
rial	2.3
rials	2.1
rialto	2.6
rialtos	0.0
riant	1.2
riantly	0.0
rias	2.4
riata	1.5
riatas	0.0
rib	3.6
ribald	2.1
ribaldly	0.0
ribaldry	1.3
ribalds	0.0
riband	2.1
ribands	0.0
ribband	1.1
ribbands	0.0
ribbed	2.9
ribber	0.0
ribbers	0.0
ribbier	0.0
ribbiest	0.0
ribbing	2.5
ribbings	0.0
ribbon	3.8
ribboned	1.5
ribbons	3.4
ribbony	0.0
ribby	1.2
ribes	2.0
ribgrass	0.0
ribier	0.0
ribiers	0.0
ribless	0.0
riblet	1.3
riblets	1.5
riblike	0.0
ribose	2.2
riboses	0.0
ribosome	2.4
ribs	3.8
ribwort	0.0
ribworts	0.0
rice	4.5
ricebird	0.0
riced	1.4
ricer	1.8
ricercar	0.0
ricers	0.0
rices	1.9
rich	4.9
richen	1.1
richened	0.0
richens	1.0
richer	3.7
riches	3.6
richest	3.7
richly	3.3
richness	3.3
richweed	0.0
ricin	2.4
ricing	1.1
ricins	0.0
ricinus	1.6
rick	4.3
ricked	0.0
rickets	2.4
rickety	2.7
rickey	2.6
rickeys	0.0
ricking	0.0
rickrack	0.0
ricks	2.6
ricksha	0.0
rickshas	0.0
rickshaw	2.9
ricochet	2.8
ricotta	2.7
ricottas	0.0
ricrac	0.0
ricracs	0.0
rictal	0.0
rictus	1.8
rictuses	0.0
rid	4.5
ridable	1.3
riddance	2.9
ridded	0.0
ridden	3.6
ridder	2.2
ridders	0.0
ridding	2.7
riddle	3.4
riddled	3.2
riddler	2.7
riddlers	0.0
riddles	3.0
riddling	1.8
ride	4.8
rideable	1.8
rident	0.0
rider	4.0
riders	4.0
rides	4.1
ridge	4.1
ridged	2.4
ridgel	0.0
ridgels	0.0
ridges	3.4
ridgier	0.0
ridgiest	0.0
ridgil	0.0
ridgils	0.0
ridging	1.5
ridgling	0.0
ridgy	1.1
ridicule	3.3
riding	4.5
ridings	2.5
ridley	3.3
ridleys	1.2
ridotto	0.0
ridottos	0.0
rids	1.9
riel	2.2
riels	1.1
riesling	2.6
riever	0.0
rievers	0.0
rif	2.5
rifampin	1.8
rife	3.1
rifely	0.0
rifeness	0.0
rifer	0.0
rifest	0.0
riff	3.4
riffed	1.6
riffing	2.5
riffle	2.2
riffled	1.1
riffler	0.0
rifflers	0.0
riffles	2.0
riffling	1.3
riffraff	1.9
riffs	3.1
rifle	4.2
rifled	2.6
rifleman	2.5
riflemen	2.4
rifler	0.0
riflers	0.0
riflery	1.1
rifles	3.8
rifling	2.6
riflings	0.0
rifs	1.1
rift	3.6
rifted	1.5
rifting	2.0
riftless	0.0
rifts	2.8
rig	3.9
rigadoon	0.0
rigatoni	1.9
rigaudon	0.0
rigged	3.6
rigger	2.3
riggers	2.1
rigging	3.4
riggings	1.2
right	6.0
righted	2.4
righter	2.0
righters	1.3
rightest	1.1
rightful	3.4
righties	1.9
righting	2.5
rightism	0.0
rightist	2.4
rightly	3.7
righto	1.9
rights	5.2
righty	2.5
rigid	3.8
rigidify	0.0
rigidity	3.0
rigidly	2.7
rigor	3.1
rigorism	0.0
rigorist	0.0
rigorous	3.7
rigors	2.5
rigour	2.7
rigours	2.2
rigs	3.2
rikisha	0.0
rikishas	0.0
rikshaw	1.0
rikshaws	0.0
rile	2.5
riled	2.8
riles	2.2
riley	3.9
rilievi	0.0
rilievo	1.0
riling	2.0
rill	1.9
rille	1.3
rilled	0.0
rilles	0.0
rillet	0.0
rillets	0.0
rilling	1.6
rills	1.5
rim	3.9
rime	2.5
rimed	1.0
rimer	1.7
rimers	0.0
rimes	2.4
rimester	0.0
rimfire	2.0
rimfires	0.0
rimier	0.0
rimiest	0.0
riminess	0.0
riming	0.0
rimland	1.2
rimlands	0.0
rimless	2.0
rimmed	2.8
rimmer	2.5
rimmers	0.0
rimming	2.3
rimose	0.0
rimosely	0.0
rimosity	0.0
rimous	0.0
rimple	0.0
rimpled	0.0
rimples	0.0
rimpling	0.0
rimrock	1.7
rimrocks	0.0
rims	3.2
rimy	0.0
rin	3.2
rind	2.8
rinded	0.0
rinds	2.3
ring	4.8
ringbark	0.0
ringbolt	0.0
ringbone	0.0
ringdove	0.0
ringed	2.9
ringent	0.0
ringer	3.1
ringers	2.4
ringgit	2.2
ringgits	0.0
ringhals	0.0
ringing	3.7
ringlet	1.6
ringlets	2.0
ringlike	0.0
ringneck	1.5
rings	4.3
ringside	2.8
ringtail	1.7
ringtaw	0.0
ringtaws	0.0
ringtoss	0.0
ringworm	2.3
rink	3.4
rinks	2.6
rinning	0.0
rins	1.8
rinsable	0.0
rinse	3.5
rinsed	2.8
rinser	1.3
rinsers	0.0
rinses	2.1
rinsible	0.0
rinsing	2.7
rinsings	0.0
rioja	2.4
riojas	1.1
riot	4.1
rioted	2.3
rioter	2.1
rioters	3.1
rioting	3.3
riotous	2.5
riots	3.9
rip	4.3
riparian	2.8
ripcord	1.9
ripcords	0.0
ripe	3.7
riped	1.2
ripely	1.0
ripen	2.6
ripened	2.5
ripener	0.0
ripeners	0.0
ripeness	2.2
ripening	2.7
ripens	2.2
riper	1.9
ripes	0.0
ripest	1.8
ripieni	0.0
ripieno	0.0
ripienos	0.0
riping	0.0
ripoff	2.4
ripoffs	1.7
ripost	0.0
riposte	2.4
riposted	1.0
ripostes	1.5
riposts	0.0
rippable	0.0
ripped	4.1
ripper	3.2
rippers	2.0
ripping	3.6
ripple	3.4
rippled	2.4
rippler	0.0
ripplers	0.0
ripples	3.0
ripplet	0.0
ripplets	0.0
ripplier	0.0
rippling	2.7
ripply	0.0
riprap	1.6
ripraps	0.0
rips	3.3
ripsaw	1.4
ripsaws	0.0
ripstop	1.5
ripstops	0.0
riptide	2.5
riptides	1.6
rise	4.8
risen	3.9
riser	2.9
risers	2.8
rises	4.1
rishi	2.8
rishis	1.9
risible	1.9
risibles	0.0
risibly	0.0
rising	4.5
risings	1.9
risk	5.0
risked	3.4
risker	0.0
riskers	0.0
riskier	2.7
riskiest	2.1
riskily	0.0
risking	3.5
riskless	1.6
risks	4.3
risky	3.9
risotto	2.9
risottos	1.4
risque	2.4
rissole	0.0
rissoles	1.3
risus	1.5
risuses	0.0
ritard	0.0
ritards	0.0
rite	3.6
rites	3.4
ritter	3.0
ritters	0.0
ritual	4.0
ritually	2.4
rituals	3.7
ritz	3.2
ritzes	0.0
ritzier	0.0
ritziest	0.0
ritzily	0.0
ritzy	2.2
rivage	1.6
rivages	0.0
rival	4.2
rivaled	2.5
rivaling	2.3
rivalled	2.3
rivalry	3.8
rivals	4.0
rive	2.4
rived	1.2
riven	2.7
river	5.0
riverbed	2.6
riverine	2.3
rivers	4.3
rives	2.2
rivet	2.7
riveted	2.7
riveter	2.1
riveters	1.7
riveting	3.0
rivets	2.7
rivetted	1.1
riviera	3.3
rivieras	0.0
riviere	2.3
rivieres	1.6
riving	1.4
rivulet	2.0
rivulets	2.0
rivulose	0.0
riyal	1.7
riyals	1.8
roach	3.4
roached	0.0
roaches	2.9
roaching	0.0
road	5.2
roadbed	2.0
roadbeds	0.0
roadeo	0.0
roadeos	0.0
roadie	2.5
roadies	2.3
roadkill	2.6
roadless	1.9
roads	4.5
roadshow	3.0
roadside	3.5
roadster	2.8
roadway	3.4
roadways	3.0
roadwork	2.0
roam	3.5
roamed	2.9
roamer	1.8
roamers	1.6
roaming	3.5
roams	2.5
roan	2.7
roans	1.4
roar	3.7
roared	3.0
roarer	1.1
roarers	0.0
roaring	3.5
roarings	0.0
roars	2.9
roast	3.9
roasted	3.7
roaster	2.5
roasters	2.5
roasting	3.3
roasts	2.8
rob	4.3
robalo	1.0
robalos	0.0
roband	0.0
robands	0.0
robbed	3.9
robber	3.4
robbers	3.4
robbery	4.0
robbin	2.2
robbing	3.4
robbins	3.5
robe	3.5
robed	2.4
robes	3.4
robin	4.3
robing	1.6
robins	3.1
roble	1.7
robles	2.8
roborant	0.0
robot	4.2
robotic	3.5
robotics	3.5
robotism	0.0
robotize	0.0
robotry	0.0
robots	4.0
robs	2.9
robust	3.9
robusta	2.2
robustas	0.0
robuster	0.0
robustly	2.4
roc	3.3
rocaille	1.1
rochet	1.5
rochets	0.0
rock	5.0
rockaby	0.0
rockabye	1.7
rockaway	2.6
rocked	3.5
rocker	3.3
rockers	3.1
rockery	1.8
rocket	4.3
rocketed	2.5
rocketer	0.0
rocketry	2.2
rockets	4.0
rockfall	1.9
rockfish	2.2
rockier	1.8
rockiest	1.1
rocking	3.7
rockless	0.0
rocklike	1.0
rockling	0.0
rockoon	0.0
rockoons	0.0
rockrose	1.0
rocks	4.4
rockweed	0.0
rockwork	1.2
rocky	4.2
rococo	2.6
rococos	0.0
rocs	1.6
rod	4.1
rodded	1.3
rodding	1.6
rode	3.9
rodent	3.2
rodents	3.3
rodeo	3.5
rodeoed	0.0
rodeoing	0.0
rodeos	2.2
rodless	0.0
rodlike	0.0
rodman	2.9
rodmen	0.0
rods	3.6
rodsman	0.0
rodsmen	0.0
roe	3.4
roebuck	2.6
roebucks	0.0
roentgen	1.9
roes	1.9
rogation	1.3
rogatory	1.2
roger	4.4
rogers	4.1
rogue	3.9
rogued	0.0
rogueing	0.0
roguery	1.1
rogues	3.0
roguing	0.0
roguish	2.1
roil	1.8
roiled	1.8
roilier	0.0
roiliest	0.0
roiling	2.1
roils	1.4
roily	0.0
roister	1.1
roisters	0.0
rolamite	0.0
role	5.2
roles	4.4
rolf	3.2
rolfed	0.0
rolfer	0.0
rolfers	0.0
rolfing	1.5
rolfs	1.2
roll	4.8
rollaway	1.5
rollback	2.7
rolled	4.2
roller	4.0
rollers	3.3
rollick	0.0
rollicks	0.0
rollicky	0.0
rolling	4.5
rollings	1.7
rollmop	0.0
rollmops	0.0
rollout	3.1
rollouts	1.9
rollover	2.9
rolls	4.2
rolltop	1.3
rollway	0.0
rollways	0.0
rom	3.8
romaine	2.6
romaines	1.1
roman	4.5
romance	4.3
romanced	2.0
romancer	1.4
romances	3.1
romanise	0.0
romanize	1.2
romano	3.1
romanos	1.7
romans	3.9
romantic	4.4
romaunt	0.0
romaunts	0.0
romeo	3.7
romeos	1.9
romp	2.9
romped	1.9
romper	2.5
rompers	2.0
romping	2.2
rompish	0.0
romps	2.0
roms	2.8
rondeau	1.9
rondeaux	0.0
rondel	1.4
rondelet	0.0
rondelle	1.2
rondels	0.0
rondo	3.0
rondos	1.5
rondure	0.0
rondures	0.0
ronion	0.0
ronions	0.0
ronnel	0.0
ronnels	0.0
rontgen	1.1
rontgens	0.0
ronyon	0.0
ronyons	0.0
rood	2.6
roods	1.4
roof	4.5
roofed	2.8
roofer	2.3
roofers	2.2
roofing	3.2
roofings	1.1
roofless	2.0
rooflike	0.0
roofline	2.1
roofs	3.6
rooftop	3.5
rooftops	3.1
rooftree	0.0
rook	3.1
rooked	1.1
rookery	2.2
rookie	4.1
rookier	0.0
rookies	3.3
rookiest	0.0
rooking	0.0
rooks	2.6
rooky	1.1
room	5.4
roomed	2.3
roomer	1.4
roomers	1.4
roomette	1.2
roomful	2.3
roomfuls	0.0
roomie	2.5
roomier	2.0
roomies	2.1
roomiest	0.0
roomily	0.0
rooming	2.5
roommate	3.8
rooms	4.6
roomy	2.7
roorbach	0.0
roorback	0.0
roose	2.3
roosed	0.0
rooser	0.0
roosers	0.0
rooses	0.0
roosing	0.0
roost	3.0
roosted	1.4
rooster	3.3
roosters	3.1
roosting	2.4
roosts	2.1
root	4.4
rootage	0.0
rootages	0.0
rooted	3.8
rooter	2.0
rooters	1.4
roothold	0.0
rootier	0.0
rootiest	0.0
rooting	3.5
rootless	2.2
rootlet	0.0
rootlets	1.6
rootlike	0.0
roots	4.3
rooty	2.0
ropable	0.0
rope	4.1
roped	2.8
ropelike	0.0
roper	3.1
roperies	0.0
ropers	1.7
ropery	0.0
ropes	3.7
ropewalk	1.1
ropeway	1.8
ropeways	1.2
ropey	1.9
ropier	0.0
ropiest	0.0
ropily	0.0
ropiness	0.0
roping	2.5
ropy	1.5
roque	2.6
roques	1.6
roquet	1.3
roqueted	0.0
roquets	0.0
rorqual	1.4
rorquals	1.4
rosaria	1.8
rosarian	0.0
rosaries	2.2
rosarium	0.0
rosary	3.2
roscoe	3.0
roscoes	0.0
rose	4.8
roseate	1.9
rosebay	1.1
rosebays	0.0
rosebud	2.8
rosebuds	2.0
rosebush	1.8
rosed	0.0
rosefish	0.0
roselike	0.0
roselle	2.2
roselles	0.0
rosemary	3.6
roseola	1.3
roseolar	0.0
roseolas	0.0
roseries	0.0
roseroot	0.0
rosery	0.0
roses	4.0
roseslug	0.0
roset	1.4
rosets	0.0
rosette	2.7
rosettes	2.5
rosewood	3.0
rosier	2.3
rosiest	1.1
rosily	1.2
rosin	2.5
rosined	0.0
rosiness	1.0
rosing	1.5
rosining	0.0
rosinol	0.0
rosinols	0.0
rosinous	0.0
rosins	0.0
rosiny	0.0
rosolio	0.0
rosolios	0.0
rostella	0.0
roster	4.1
rosters	3.1
rostra	1.5
rostral	2.2
rostrate	0.0
rostrum	2.6
rostrums	1.0
rosulate	0.0
rosy	3.3
rot	3.7
rota	2.7
rotaries	1.6
rotary	3.6
rotas	1.7
rotate	3.6
rotated	3.3
rotates	3.1
rotating	3.8
rotation	4.1
rotative	1.3
rotator	2.6
rotators	1.8
rotatory	1.4
rotch	1.6
rotche	0.0
rotches	0.0
rote	2.9
rotenone	1.7
rotes	1.5
rotgut	1.3
rotguts	0.0
roti	2.5
rotifer	1.4
rotifers	1.6
rotiform	0.0
rotis	1.7
rotl	0.0
rotls	0.0
roto	2.4
rotor	3.4
rotors	2.9
rotos	0.0
rototill	0.0
rots	2.7
rotte	0.0
rotted	2.8
rotten	3.8
rottener	0.0
rottenly	0.0
rotter	2.1
rotters	1.5
rottes	0.0
rotting	3.3
rotund	2.3
rotunda	2.8
rotundas	0.0
rotundly	0.0
roturier	0.0
rouble	2.1
roubles	2.6
rouche	1.0
rouches	0.0
roue	1.5
rouen	2.8
rouens	0.0
roues	0.0
rouge	3.7
rouged	1.3
rouges	2.0
rough	4.5
roughage	1.9
roughdry	0.0
roughed	2.5
roughen	1.4
roughens	0.0
rougher	2.8
roughers	0.0
roughest	2.5
roughhew	0.0
roughing	2.7
roughish	0.0
roughleg	0.0
roughly	4.4
roughs	2.0
rouging	0.0
rouille	1.3
rouilles	0.0
roulade	1.7
roulades	0.0
rouleau	2.0
rouleaus	0.0
rouleaux	1.1
roulette	3.4
round	5.1
rounded	4.0
roundel	1.9
roundels	1.7
rounder	3.3
rounders	2.6
roundest	1.3
rounding	3.4
roundish	2.0
roundlet	0.0
roundly	2.6
rounds	4.3
roundup	3.3
roundups	2.2
roup	1.2
rouped	0.0
roupet	0.0
roupier	0.0
roupiest	0.0
roupily	0.0
rouping	0.0
roups	0.0
roupy	0.0
rouse	3.1
roused	2.6
rouser	1.9
rousers	1.8
rouses	2.1
rousing	3.0
rousseau	3.0
roust	1.6
rousted	1.3
rouster	0.0
rousters	0.0
rousting	0.0
rousts	0.0
rout	3.1
route	4.7
routed	3.3
routeman	0.0
routemen	0.0
router	3.5
routers	3.0
routes	4.2
routeway	0.0
routh	2.1
rouths	0.0
routine	4.4
routines	3.5
routing	3.5
routs	2.1
roux	3.0
rove	2.9
roved	1.6
roven	1.4
rover	3.8
rovers	3.5
roves	1.4
roving	3.0
rovingly	0.0
rovings	1.2
row	4.6
rowable	0.0
rowan	3.3
rowans	1.4
rowboat	2.4
rowboats	1.8
rowdier	1.4
rowdies	2.1
rowdiest	1.4
rowdily	0.0
rowdy	3.2
rowdyish	0.0
rowdyism	1.3
rowed	2.8
rowel	1.3
roweled	0.0
roweling	0.0
rowelled	0.0
rowels	0.0
rowen	2.0
rowens	0.0
rower	3.1
rowers	2.8
rowing	3.4
rowings	0.0
rowlock	0.0
rowlocks	0.0
rows	3.9
rowth	0.0
rowths	0.0
royal	4.8
royalism	1.2
royalist	2.8
royally	2.7
royals	3.7
royalty	3.8
royster	1.9
roysters	0.0
rozzer	0.0
rozzers	1.2
ruana	1.1
ruanas	0.0
rub	4.0
rubaboo	0.0
rubaboos	0.0
rubace	0.0
rubaces	0.0
rubaiyat	1.6
rubasse	0.0
rubasses	0.0
rubato	1.8
rubatos	0.0
rubbaboo	0.0
rubbed	3.6
rubber	4.2
rubbered	0.0
rubbers	2.6
rubbery	2.6
rubbing	3.7
rubbings	1.8
rubbish	3.9
rubbishy	1.3
rubble	3.4
rubbled	0.0
rubbles	1.5
rubblier	0.0
rubbling	0.0
rubbly	0.0
rubdown	1.5
rubdowns	0.0
rube	2.7
rubella	2.5
rubellas	0.0
rubeola	1.0
rubeolar	0.0
rubeolas	0.0
rubes	2.2
rubicund	1.2
rubidic	0.0
rubidium	2.2
rubied	0.0
rubier	0.0
rubies	2.8
rubiest	0.0
rubigo	0.0
rubigos	0.0
rubious	0.0
ruble	2.6
rubles	3.0
ruboff	0.0
ruboffs	0.0
rubout	0.0
rubouts	0.0
rubric	2.8
rubrical	0.0
rubrics	2.3
rubs	3.2
rubus	2.0
ruby	4.0
rubying	0.0
rubylike	0.0
ruche	1.3
ruched	2.0
ruches	0.0
ruching	1.3
ruchings	0.0
ruck	2.8
rucked	1.2
rucking	1.7
ruckle	1.2
ruckled	0.0
ruckles	0.0
ruckling	0.0
rucks	1.9
rucksack	2.6
ruckus	2.9
ruckuses	0.0
ruction	0.0
ructions	1.4
ructious	0.0
rudd	3.2
rudder	3.2
rudders	2.1
ruddier	0.0
ruddiest	0.0
ruddily	0.0
ruddle	1.4
ruddled	0.0
ruddles	0.0
ruddling	0.0
ruddock	2.1
ruddocks	0.0
rudds	1.1
ruddy	3.0
rude	4.2
rudely	2.9
rudeness	2.9
ruder	2.1
ruderal	1.2
ruderals	0.0
rudesby	0.0
rudest	2.4
rudiment	1.3
rue	3.6
rued	1.7
rueful	2.2
ruefully	2.3
ruer	0.0
ruers	0.0
rues	2.0
ruff	3.0
ruffe	1.1
ruffed	2.1
ruffes	0.0
ruffian	2.4
ruffians	2.3
ruffing	1.4
ruffle	2.8
ruffled	2.9
ruffler	0.0
rufflers	0.0
ruffles	2.7
rufflier	0.0
rufflike	0.0
ruffling	2.2
ruffly	1.1
ruffs	1.7
rufiyaa	0.0
rufous	2.4
rug	3.7
ruga	1.6
rugae	1.6
rugal	1.3
rugate	0.0
rugbies	0.0
rugby	4.4
rugged	3.6
ruggeder	0.0
ruggedly	2.0
rugger	1.8
ruggers	1.1
rugging	0.0
ruglike	0.0
rugola	0.0
rugolas	0.0
rugosa	1.8
rugosas	0.0
rugose	1.7
rugosely	0.0
rugosity	0.0
rugous	0.0
rugs	3.2
rugulose	0.0
ruin	4.3
ruinable	0.0
ruinate	0.0
ruinated	0.0
ruinates	0.0
ruined	4.3
ruiner	2.0
ruiners	1.2
ruing	1.6
ruining	3.7
ruinous	2.7
ruins	4.0
rulable	0.0
rule	4.9
ruled	4.3
ruleless	0.0
ruler	3.8
rulers	3.7
rules	5.1
rulier	0.0
ruliest	0.0
ruling	4.3
rulings	3.4
ruly	1.1
rum	3.6
rumaki	0.0
rumakis	0.0
rumba	2.6
rumbaed	0.0
rumbaing	0.0
rumbas	1.2
rumble	3.4
rumbled	2.5
rumbler	1.3
rumblers	0.0
rumbles	2.5
rumbling	3.0
rumbly	1.6
rumen	2.3
rumens	0.0
rumina	0.0
ruminal	1.5
ruminant	2.1
ruminate	2.2
rummage	2.5
rummaged	2.1
rummager	0.0
rummages	1.6
rummer	1.2
rummers	0.0
rummest	0.0
rummier	0.0
rummies	0.0
rummiest	0.0
rummy	2.4
rumor	3.7
rumored	3.4
rumoring	0.0
rumors	4.0
rumour	3.4
rumoured	3.0
rumours	3.7
rump	3.0
rumple	2.2
rumpled	2.2
rumples	0.0
rumpless	0.0
rumplier	0.0
rumpling	0.0
rumply	0.0
rumps	1.7
rumpus	2.3
rumpuses	0.0
rums	2.1
run	5.5
runabout	2.3
runagate	0.0
runaway	3.5
runaways	2.8
runback	1.2
runbacks	0.0
rundle	2.4
rundles	0.0
rundlet	0.0
rundlets	0.0
rundown	3.2
rundowns	1.4
rune	3.0
runelike	0.0
runes	2.9
rung	3.2
rungless	0.0
rungs	2.5
runic	2.4
runkle	1.8
runkled	0.0
runkles	0.0
runkling	0.0
runless	0.0
runlet	0.0
runlets	0.0
runnel	1.3
runnels	2.0
runner	4.2
runners	4.0
runnier	1.2
runniest	0.0
running	5.2
runnings	2.2
runny	2.9
runoff	3.5
runoffs	2.0
runout	1.9
runouts	0.0
runover	0.0
runovers	0.0
runround	0.0
runs	4.8
runt	2.5
runtier	0.0
runtiest	0.0
runtish	0.0
runts	1.8
runty	1.4
runway	3.9
runways	3.1
rupee	3.0
rupees	3.4
rupiah	2.4
rupiahs	1.3
rupture	3.3
ruptured	3.2
ruptures	2.5
rural	4.6
ruralise	0.0
ruralism	0.0
ruralist	1.1
ruralite	0.0
rurality	1.2
ruralize	0.0
rurally	1.4
rurban	0.0
ruse	3.2
ruses	1.8
rush	4.5
rushed	4.0
rushee	0.0
rushees	0.0
rusher	2.8
rushers	2.5
rushes	3.3
rushier	0.0
rushiest	0.0
rushing	4.0
rushings	0.0
rushlike	0.0
rushy	1.5
rusine	0.0
rusk	2.7
rusks	1.5
russet	2.5
russets	1.4
russety	0.0
russify	0.0
rust	3.7
rustable	0.0
rusted	2.9
rustic	3.4
rustical	0.0
rusticly	0.0
rustics	1.5
rustier	1.1
rustiest	0.0
rustily	0.0
rusting	2.7
rustle	2.7
rustled	2.4
rustler	2.0
rustlers	2.3
rustles	2.0
rustless	0.0
rustling	2.9
rusts	2.1
rusty	3.6
rut	3.1
rutabaga	1.9
ruth	4.0
ruthenic	0.0
ruthful	0.0
ruthless	3.6
ruths	1.4
rutilant	0.0
rutile	2.2
rutiles	0.0
rutin	1.6
rutins	0.0
ruts	2.4
rutted	2.0
ruttier	0.0
ruttiest	0.0
ruttily	0.0
rutting	2.1
ruttish	0.0
rutty	1.5
rya	2.1
ryas	0.0
rye	3.5
ryegrass	2.0
ryes	1.5
ryke	1.0
ryked	0.0
rykes	0.0
ryking	0.0
rynd	1.1
rynds	0.0
ryokan	1.9
ryokans	0.0
ryot	1.3
ryots	0.0
sab	2.8
sabaton	1.7
sabatons	0.0
sabayon	1.5
sabayons	0.0
sabbat	2.0
sabbath	3.5
sabbaths	2.0
sabbatic	0.0
sabbats	1.3
sabbed	0.0
sabbing	0.0
sabe	2.1
sabed	0.0
sabeing	0.0
saber	3.2
sabered	0.0
sabering	0.0
sabers	2.4
sabes	1.8
sabin	2.5
sabine	3.2
sabines	1.7
sabins	0.0
sabir	1.9
sabirs	0.0
sable	3.0
sables	2.1
sabot	2.1
sabotage	3.6
saboteur	2.4
sabots	1.5
sabra	2.5
sabras	1.3
sabre	3.0
sabred	0.0
sabres	3.2
sabring	0.0
sabs	1.6
sabulose	0.0
sabulous	0.0
sac	3.7
sacaton	1.2
sacatons	0.0
sacbut	0.0
sacbuts	0.0
saccade	1.8
saccades	1.7
saccadic	1.6
saccate	0.0
saccular	0.0
saccule	1.1
saccules	0.0
sacculi	0.0
sacculus	1.0
sachem	2.1
sachemic	0.0
sachems	1.4
sachet	2.2
sacheted	0.0
sachets	2.1
sack	3.9
sackbut	1.4
sackbuts	0.0
sacked	3.7
sacker	1.6
sackers	0.0
sackful	1.4
sackfuls	0.0
sacking	3.1
sackings	1.7
sacklike	0.0
sacks	3.6
sacksful	0.0
saclike	0.0
sacque	0.0
sacques	0.0
sacra	2.7
sacral	2.5
sacrals	0.0
sacraria	0.0
sacred	4.2
sacredly	1.4
sacring	0.0
sacrings	0.0
sacrist	0.0
sacrists	0.0
sacristy	2.3
sacrum	2.4
sacrums	0.0
sacs	2.7
sad	4.8
sadden	2.0
saddened	3.2
saddens	2.7
sadder	3.0
saddest	3.2
saddhu	0.0
saddhus	0.0
saddle	3.7
saddled	2.9
saddler	2.3
saddlers	1.9
saddlery	1.9
saddles	2.9
saddling	2.1
sade	2.8
sades	0.0
sadhe	0.0
sadhes	0.0
sadhu	2.2
sadhus	1.9
sadi	1.9
sadiron	0.0
sadirons	0.0
sadis	0.0
sadism	2.6
sadisms	0.0
sadist	2.6
sadistic	3.2
sadists	2.2
sadly	4.2
sadness	3.9
sae	3.1
safari	3.6
safaried	0.0
safaris	2.5
safe	5.1
safely	4.2
safeness	1.3
safer	4.1
safes	2.8
safest	3.6
safetied	0.0
safeties	2.7
safety	5.0
saffron	3.2
saffrons	0.0
safranin	0.0
safrol	0.0
safrole	1.2
safroles	0.0
safrols	0.0
sag	3.2
saga	3.9
sagacity	2.0
sagaman	0.0
sagamen	0.0
sagamore	2.0
saganash	0.0
sagas	2.6
sagbut	0.0
sagbuts	0.0
sage	3.8
sagely	2.0
sageness	0.0
sager	2.5
sages	2.9
sagest	0.0
saggar	1.1
saggard	0.0
saggards	0.0
saggared	0.0
saggars	0.0
sagged	2.2
sagger	1.2
saggered	0.0
saggers	1.4
saggier	0.0
saggiest	0.0
sagging	2.9
saggy	2.7
sagier	0.0
sagiest	0.0
sagittal	2.2
sago	2.3
sagos	0.0
sags	2.3
saguaro	2.1
saguaros	1.4
sagum	0.0
sagy	0.0
sahib	3.0
sahibs	1.4
sahiwal	1.5
sahiwals	0.0
sahuaro	1.3
sahuaros	0.0
saice	0.0
saices	0.0
said	6.0
saids	1.6
saiga	2.0
saigas	0.0
sail	4.0
sailable	0.0
sailboat	3.0
sailed	3.7
sailer	1.9
sailers	1.5
sailfish	2.2
sailing	4.0
sailings	2.4
sailor	3.8
sailorly	0.0
sailors	3.8
sails	3.5
saimin	0.0
saimins	0.0
sain	2.1
sained	0.0
sainfoin	1.1
saining	0.0
sains	1.7
saint	4.4
saintdom	0.0
sainted	2.2
sainting	0.0
saintly	2.7
saints	4.2
saith	2.9
saithe	1.2
saiyid	1.3
saiyids	0.0
sajou	0.0
sajous	0.0
sake	4.4
saker	2.0
sakers	0.0
sakes	2.9
saki	2.6
sakis	1.3
sal	3.5
salaam	3.1
salaamed	0.0
salaams	1.4
salable	2.1
salably	0.0
salacity	0.0
salad	4.2
saladang	0.0
salads	3.3
salal	1.6
salals	0.0
salami	2.9
salamis	2.3
salariat	0.0
salaried	3.0
salaries	3.9
salary	4.4
salchow	1.4
salchows	0.0
sale	5.0
saleable	2.3
saleably	0.0
salep	1.2
saleps	0.0
saleroom	1.4
sales	5.0
salesman	3.6
salesmen	3.0
salic	1.8
salicin	1.3
salicine	0.0
salicins	0.0
salience	2.3
saliency	1.7
salient	3.1
salients	1.1
salified	0.0
salifies	0.0
salify	0.0
salina	2.7
salinas	2.9
saline	3.3
salines	1.6
salinity	3.0
salinize	0.0
saliva	3.4
salivary	2.7
salivas	0.0
salivate	2.1
sall	2.2
sallet	1.3
sallets	0.0
sallied	1.6
sallier	0.0
salliers	0.0
sallies	1.8
sallow	2.2
sallowed	0.0
sallower	0.0
sallowly	0.0
sallows	1.2
sallowy	0.0
sally	4.0
sallying	1.1
salmi	1.6
salmis	0.0
salmon	4.0
salmonid	1.8
salmons	2.0
salol	0.0
salols	0.0
salon	3.9
salons	3.0
saloon	3.4
saloons	2.7
saloop	0.0
saloops	0.0
salp	1.4
salpa	1.3
salpae	0.0
salpas	0.0
salpian	0.0
salpians	0.0
salpid	0.0
salpids	0.0
salpinx	0.0
salps	1.4
sals	1.7
salsa	3.5
salsas	1.9
salsify	1.7
salsilla	0.0
salt	4.6
saltant	0.0
saltbox	1.6
saltbush	1.7
salted	3.3
salter	2.8
saltern	1.1
salterns	0.0
salters	1.8
saltest	0.0
saltie	0.0
saltier	2.0
saltiers	0.0
salties	1.2
saltiest	1.6
saltily	0.0
saltine	1.9
saltines	1.9
salting	2.5
saltings	1.1
saltire	2.4
saltires	1.3
saltish	0.0
saltless	0.0
saltlike	0.0
saltness	0.0
saltpan	0.0
saltpans	1.2
salts	3.4
saltwork	0.0
saltwort	0.0
salty	3.7
saluki	1.7
salukis	1.6
salutary	2.4
salute	3.7
saluted	2.7
saluter	0.0
saluters	0.0
salutes	2.8
saluting	2.7
salvable	0.0
salvably	0.0
salvage	3.6
salvaged	3.1
salvagee	0.0
salvager	1.4
salvages	1.9
salve	2.8
salved	1.3
salver	1.7
salvers	0.0
salves	1.9
salvia	2.7
salvias	1.4
salvific	1.6
salving	1.3
salvo	2.9
salvoed	0.0
salvoes	1.6
salvoing	0.0
salvor	1.6
salvors	1.3
salvos	2.2
samara	2.6
samaras	2.2
samarium	1.9
samba	3.2
sambaed	0.0
sambaing	0.0
sambar	2.1
sambars	0.0
sambas	1.7
sambhar	1.6
sambhars	0.0
sambhur	0.0
sambhurs	0.0
sambo	2.5
sambos	1.1
sambuca	2.0
sambucas	0.0
sambuke	0.0
sambukes	0.0
sambur	0.0
samburs	0.0
same	5.8
samech	0.0
samechs	0.0
samek	1.0
samekh	0.0
samekhs	0.0
sameks	0.0
sameness	2.4
samiel	0.0
samiels	0.0
samisen	0.0
samisens	0.0
samite	1.2
samites	0.0
samizdat	1.8
samlet	0.0
samlets	0.0
samosa	2.1
samosas	2.2
samovar	1.9
samovars	1.2
samp	2.0
sampan	1.9
sampans	1.5
samphire	2.0
sample	4.5
sampled	3.4
sampler	3.1
samplers	2.5
samples	4.3
sampling	3.8
samps	0.0
samsara	2.3
samsaras	0.0
samshu	0.0
samshus	0.0
samurai	3.6
samurais	1.9
sanative	0.0
sancta	2.0
sanctify	2.4
sanction	3.4
sanctity	3.0
sanctum	2.8
sanctums	1.5
sand	4.4
sandal	2.9
sandaled	0.0
sandals	3.5
sandarac	0.0
sandbag	2.4
sandbags	2.6
sandbank	2.1
sandbar	2.3
sandbars	1.9
sandbox	3.0
sandbur	0.0
sandburr	0.0
sandburs	0.0
sanddab	0.0
sanddabs	0.0
sanded	2.5
sander	2.9
sanders	4.0
sandfish	0.0
sandfly	1.4
sandhi	1.6
sandhis	0.0
sandhog	0.0
sandhogs	0.0
sandier	1.3
sandiest	0.0
sanding	2.7
sandlike	0.0
sandling	1.0
sandlot	2.1
sandlots	0.0
sandman	3.0
sandmen	0.0
sandpeep	0.0
sandpile	0.0
sandpit	2.0
sandpits	1.3
sands	3.8
sandshoe	0.0
sandsoap	0.0
sandspur	0.0
sandwich	4.1
sandworm	1.5
sandwort	0.0
sandy	4.2
sane	3.7
saned	0.0
sanely	1.7
saneness	0.0
saner	2.2
sanes	1.2
sanest	1.8
sang	4.1
sanga	2.0
sangar	1.7
sangaree	0.0
sangars	0.0
sangas	0.0
sanger	2.9
sangers	0.0
sangh	2.5
sanghs	0.0
sangria	2.5
sangrias	1.1
sanguine	2.7
sanicle	0.0
sanicles	0.0
sanies	0.0
saning	0.0
sanious	0.0
sanitary	3.4
sanitate	0.0
sanities	0.0
sanitise	1.6
sanitize	2.4
sanity	3.5
sanjak	1.3
sanjaks	0.0
sank	3.7
sannop	0.0
sannops	0.0
sannup	0.0
sannups	0.0
sannyasi	1.4
sans	3.6
sansar	1.8
sansars	0.0
sansei	1.4
sanseis	0.0
sanserif	0.0
santalic	0.0
santalol	0.0
santimi	0.0
santims	0.0
santir	0.0
santirs	0.0
santo	3.4
santol	0.0
santols	0.0
santonin	0.0
santos	3.7
santour	0.0
santours	0.0
santur	0.0
santurs	0.0
sap	3.6
sapajou	0.0
sapajous	0.0
saphead	0.0
sapheads	0.0
saphena	0.0
saphenae	0.0
sapid	1.0
sapidity	0.0
sapience	1.5
sapiency	0.0
sapiens	3.0
sapient	2.1
sapless	0.0
sapling	2.5
saplings	2.5
saponify	0.0
saponin	1.6
saponine	0.0
saponins	1.8
saponite	0.0
sapor	1.1
saporous	0.0
sapors	0.0
sapota	0.0
sapotas	0.0
sapote	1.1
sapotes	0.0
sapour	0.0
sapours	0.0
sapped	2.4
sapper	2.4
sappers	2.2
sapphic	2.0
sapphics	0.0
sapphire	3.4
sapphism	0.0
sapphist	0.0
sappier	0.0
sappiest	0.0
sappily	0.0
sapping	2.4
sappy	2.7
sapremia	0.0
sapremic	0.0
saprobe	0.0
saprobes	0.0
saprobic	0.0
sapropel	0.0
saps	2.7
sapsago	0.0
sapsagos	0.0
sapwood	1.8
sapwoods	0.0
saraband	1.2
saran	2.6
sarans	0.0
sarape	0.0
sarapes	0.0
sarcasm	3.6
sarcasms	1.3
sarcenet	0.0
sarcoid	1.4
sarcoids	0.0
sarcoma	2.7
sarcomas	2.0
sarcous	0.0
sard	1.7
sardana	1.2
sardanas	0.0
sardar	2.8
sardars	1.6
sardine	2.7
sardines	2.9
sardius	0.0
sardonic	2.6
sardonyx	1.6
sards	0.0
saree	2.6
sarees	2.2
sargasso	2.1
sarge	2.5
sarges	0.0
sari	3.1
sarin	2.8
sarins	0.0
saris	2.4
sark	2.7
sarkier	0.0
sarkiest	0.0
sarks	1.1
sarky	1.4
sarment	0.0
sarmenta	0.0
sarments	0.0
sarod	1.4
sarode	0.0
sarodes	0.0
sarodist	0.0
sarods	0.0
sarong	2.3
sarongs	1.7
saros	1.8
saroses	0.0
sarsar	0.0
sarsars	0.0
sarsen	1.4
sarsenet	0.0
sarsens	1.1
sartor	1.7
sartorii	0.0
sartors	0.0
sash	3.2
sashay	2.1
sashayed	1.6
sashays	1.3
sashed	1.1
sashes	2.5
sashimi	2.6
sashimis	0.0
sashing	0.0
sasin	1.1
sasins	0.0
sass	3.0
sassaby	0.0
sassed	1.4
sasses	0.0
sassier	1.4
sassies	0.0
sassiest	1.3
sassily	0.0
sassing	1.5
sasswood	0.0
sassy	3.2
sastruga	0.0
sastrugi	0.0
sat	4.6
satang	0.0
satangs	0.0
satanic	3.3
satanism	2.5
satanist	2.4
satara	1.9
sataras	0.0
satay	2.2
satays	0.0
satchel	2.9
satchels	2.1
sate	2.6
sated	2.4
sateen	1.8
sateens	0.0
satem	1.2
sates	2.1
sati	2.5
satiable	0.0
satiably	0.0
satiate	2.2
satiated	2.4
satiates	1.2
satiety	2.5
satin	3.4
satinet	0.0
satinets	0.0
sating	1.6
satinpod	0.0
satins	1.8
satiny	1.8
satire	3.6
satires	2.4
satiric	2.3
satirise	1.6
satirist	2.6
satirize	2.1
satis	1.9
satisfy	4.0
satori	2.1
satoris	0.0
satrap	1.9
satraps	1.8
satrapy	1.5
satsuma	2.3
satsumas	1.3
saturant	0.0
saturate	2.6
satyr	2.5
satyric	0.0
satyrid	0.0
satyrids	0.0
satyrs	2.1
sau	2.6
sauce	4.3
saucebox	0.0
sauced	2.0
saucepan	3.0
saucer	3.1
saucers	2.7
sauces	3.2
sauch	0.0
sauchs	0.0
saucier	1.9
sauciest	0.0
saucily	1.2
saucing	1.4
saucy	2.9
sauger	1.3
saugers	0.0
saugh	0.0
saughs	0.0
saughy	0.0
saul	3.6
sauls	1.6
sault	2.6
saults	0.0
sauna	3.2
saunas	2.4
saunter	2.2
saunters	1.8
saurel	1.1
saurels	0.0
saurian	1.9
saurians	1.4
sauries	0.0
sauropod	1.9
saury	1.5
sausage	3.8
sausages	3.3
saute	2.5
sauted	1.1
sauteed	2.4
sauteing	1.4
sauterne	1.2
sautes	0.0
sautoir	0.0
sautoire	0.0
sautoirs	0.0
savable	1.2
savage	4.0
savaged	2.3
savagely	2.8
savager	0.0
savagery	2.9
savages	3.4
savagest	0.0
savaging	1.7
savagism	0.0
savanna	2.8
savannah	3.6
savannas	2.2
savant	2.7
savants	2.1
savarin	1.6
savarins	0.0
savate	1.3
savates	0.0
save	5.1
saveable	0.0
saved	4.7
saveloy	1.0
saveloys	0.0
saver	3.3
savers	3.0
saves	4.1
savin	2.6
savine	0.0
savines	0.0
saving	4.6
savingly	0.0
savings	4.4
savins	0.0
savior	3.7
saviors	2.7
saviour	3.3
saviours	2.2
savor	3.0
savored	2.3
savorer	0.0
savorers	0.0
savorier	0.0
savories	1.1
savorily	0.0
savoring	2.4
savorous	0.0
savors	1.9
savory	3.0
savour	2.8
savoured	2.0
savourer	0.0
savours	1.8
savoury	2.8
savoy	3.1
savoys	0.0
savvied	0.0
savvier	1.4
savvies	0.0
savviest	1.4
savvy	3.6
savvying	0.0
saw	5.3
sawbill	0.0
sawbills	0.0
sawbones	1.6
sawbuck	1.3
sawbucks	0.0
sawdust	2.9
sawdusts	0.0
sawed	2.8
sawer	1.6
sawers	1.5
sawfish	1.7
sawflies	1.4
sawfly	1.8
sawhorse	1.5
sawing	2.8
sawlike	0.0
sawlog	0.0
sawlogs	1.1
sawmill	2.9
sawmills	2.5
sawn	2.7
sawney	1.5
sawneys	0.0
saws	3.0
sawteeth	0.0
sawtooth	2.4
sawyer	3.5
sawyers	2.2
sax	3.1
saxatile	0.0
saxes	1.7
saxhorn	0.0
saxhorns	0.0
saxonies	0.0
saxony	3.0
saxtuba	0.0
saxtubas	0.0
say	5.9
sayable	0.0
sayer	2.5
sayers	2.8
sayest	1.8
sayid	2.2
sayids	0.0
saying	5.4
sayings	3.2
sayonara	2.4
says	5.5
sayst	0.0
sayyid	2.3
sayyids	1.1
scab	2.8
scabbard	2.5
scabbed	1.6
scabbier	0.0
scabbily	0.0
scabbing	1.6
scabble	0.0
scabbled	0.0
scabbles	0.0
scabby	2.0
scabies	2.4
scabiosa	1.2
scabious	1.4
scabland	0.0
scablike	0.0
scabrous	1.9
scabs	2.6
scad	2.1
scads	1.9
scaffold	3.0
scag	1.8
scags	0.0
scalable	2.9
scalably	0.0
scalade	0.0
scalades	0.0
scalado	0.0
scalados	0.0
scalage	0.0
scalages	0.0
scalar	2.9
scalare	0.0
scalares	0.0
scalars	2.0
scalawag	1.4
scald	2.2
scalded	2.2
scaldic	0.0
scalding	2.6
scalds	1.6
scale	4.8
scaled	3.5
scalene	1.6
scaleni	0.0
scalenus	0.0
scalepan	0.0
scaler	1.9
scalers	1.6
scales	4.0
scaleup	1.3
scaleups	0.0
scalier	0.0
scaliest	0.0
scaling	3.6
scall	0.0
scallion	2.0
scallop	2.8
scallops	3.0
scalls	0.0
scalp	3.5
scalped	2.4
scalpel	2.8
scalpels	2.0
scalper	2.0
scalpers	2.3
scalping	2.6
scalps	2.6
scaly	2.8
scam	3.9
scammed	3.0
scamming	2.8
scammony	0.0
scamp	2.3
scamped	0.0
scamper	2.4
scampers	1.7
scampi	2.2
scampies	0.0
scamping	0.0
scampish	0.0
scamps	1.7
scams	3.4
scan	4.1
scandal	4.2
scandals	3.5
scandent	0.0
scandia	1.6
scandias	0.0
scandic	1.3
scandium	1.9
scanned	3.5
scanner	3.6
scanners	3.3
scanning	3.7
scans	3.6
scansion	1.5
scant	3.1
scanted	0.0
scanter	0.0
scantest	0.0
scantier	0.0
scanties	0.0
scantily	2.6
scanting	0.0
scantly	1.4
scants	0.0
scanty	2.3
scape	2.7
scaped	1.3
scapes	2.1
scaphoid	1.8
scaping	1.3
scapose	0.0
scapula	2.5
scapulae	1.7
scapular	2.2
scapulas	0.0
scar	3.8
scarab	2.8
scarabs	2.0
scarce	3.6
scarcely	3.3
scarcer	2.1
scarcest	1.4
scarcity	3.4
scare	4.1
scared	4.6
scarer	1.2
scarers	1.1
scares	3.7
scarey	1.6
scarf	3.7
scarfed	1.8
scarfing	1.9
scarfpin	0.0
scarfs	2.3
scarier	3.0
scariest	3.2
scarify	1.2
scarily	2.3
scaring	3.2
scariose	0.0
scarious	1.0
scarless	1.1
scarlet	3.6
scarlets	2.6
scarp	2.3
scarped	0.0
scarper	1.6
scarpers	0.0
scarph	0.0
scarphed	0.0
scarphs	0.0
scarping	0.0
scarps	1.8
scarred	3.3
scarrier	0.0
scarring	3.1
scarry	1.9
scars	3.8
scart	1.8
scarted	0.0
scarting	0.0
scarts	0.0
scarves	3.1
scary	4.4
scat	2.9
scatback	0.0
scathe	1.3
scathed	1.4
scathes	0.0
scathing	3.0
scats	1.8
scatt	1.1
scatted	0.0
scatter	3.4
scatters	2.4
scattier	0.0
scatting	1.6
scatts	0.0
scatty	1.6
scaup	1.7
scauper	0.0
scaupers	0.0
scaups	0.0
scaur	0.0
scaurs	0.0
scavenge	2.5
scena	1.6
scenario	4.2
scenas	0.0
scend	0.0
scended	0.0
scending	0.0
scends	0.0
scene	5.0
scenery	3.7
scenes	4.6
scenic	3.7
scenical	0.0
scent	3.8
scented	3.3
scenting	1.8
scents	3.1
scepter	2.7
scepters	1.6
sceptic	2.5
sceptics	2.5
sceptral	0.0
sceptre	2.6
sceptred	1.3
sceptres	1.4
schappe	0.0
schappes	0.0
schav	0.0
schavs	0.0
schedule	4.7
schema	3.1
schemas	2.4
schemata	1.9
scheme	4.6
schemed	2.2
schemer	2.3
schemers	2.0
schemes	4.0
scheming	3.1
scherzi	0.0
scherzo	2.2
scherzos	0.0
schiller	3.0
schism	3.0
schisms	2.2
schist	2.3
schists	1.8
schizier	0.0
schizo	2.1
schizoid	2.3
schizont	0.0
schizos	0.0
schizy	0.0
schizzy	0.0
schlep	1.9
schlepp	1.3
schlepps	0.0
schleps	0.0
schliere	0.0
schlock	2.1
schlocks	0.0
schlocky	1.5
schlump	0.0
schlumps	0.0
schmaltz	2.2
schmalz	1.5
schmalzy	0.0
schmear	1.3
schmears	0.0
schmeer	0.0
schmeers	0.0
schmelze	0.0
schmo	1.8
schmoe	1.4
schmoes	1.4
schmoos	0.0
schmoose	0.0
schmooze	2.0
schmos	0.0
schmuck	2.5
schmucks	2.1
schnapps	2.2
schnaps	1.2
schnecke	0.0
schnook	1.0
schnooks	0.0
schnoz	1.4
schnozz	0.0
scholar	4.0
scholars	4.1
scholia	1.8
scholium	1.2
school	5.7
schooled	3.1
schools	5.0
schooner	3.0
schorl	0.0
schorls	0.0
schrik	0.0
schriks	0.0
schrod	0.0
schrods	0.0
schtick	2.3
schticks	0.0
schtik	0.0
schtiks	0.0
schuit	0.0
schuits	0.0
schul	1.3
schuln	0.0
schuss	1.4
schussed	0.0
schusser	0.0
schusses	0.0
schwa	1.9
schwas	0.0
sciaenid	0.0
sciatic	2.4
sciatica	2.5
sciatics	0.0
science	5.1
sciences	4.4
scilicet	1.1
scilla	1.7
scillas	0.0
scimetar	0.0
scimitar	2.5
scimiter	0.0
scincoid	0.0
sciolism	0.0
sciolist	0.0
scion	3.0
scions	2.3
scirocco	1.9
scirrhi	0.0
scirrhus	0.0
scissile	0.0
scission	1.5
scissor	2.9
scissors	3.6
scissure	0.0
sciurid	0.0
sciurids	0.0
sciurine	0.0
sciuroid	0.0
sclaff	0.0
sclaffed	0.0
sclaffer	0.0
sclaffs	0.0
sclera	2.0
sclerae	0.0
scleral	1.8
scleras	0.0
sclereid	0.0
sclerite	1.3
scleroid	0.0
scleroma	0.0
sclerose	0.0
sclerous	0.0
scoff	2.8
scoffed	2.8
scoffer	1.2
scoffers	1.5
scoffing	2.4
scofflaw	1.5
scoffs	2.4
scold	2.8
scolded	3.0
scolder	0.0
scolders	0.0
scolding	2.8
scolds	2.5
scoleces	0.0
scolex	1.6
scolices	0.0
scolioma	0.0
scollop	0.0
scollops	0.0
sconce	2.0
sconced	0.0
sconces	2.1
sconcing	0.0
scone	2.7
scones	2.8
scoop	3.7
scooped	3.0
scooper	1.9
scoopers	1.4
scoopful	0.0
scooping	2.8
scoops	3.0
scoot	2.8
scooted	2.2
scooter	3.6
scooters	3.0
scooting	2.2
scoots	1.9
scop	1.8
scope	4.3
scoped	2.4
scopes	2.9
scoping	2.8
scops	1.5
scopula	0.0
scopulae	0.0
scopulas	0.0
scorch	2.7
scorched	3.1
scorcher	2.3
scorches	1.8
score	4.8
scored	4.6
scorepad	0.0
scorer	3.6
scorers	3.2
scores	4.4
scoria	1.9
scoriae	0.0
scorify	0.0
scoring	4.4
scorn	3.1
scorned	2.9
scorner	1.0
scorners	0.0
scornful	2.3
scorning	1.8
scorns	2.0
scorpion	3.4
scot	3.3
scotch	3.7
scotched	1.6
scotches	1.9
scoter	1.7
scoters	1.2
scotia	3.5
scotias	0.0
scotoma	1.6
scotomas	0.0
scotopia	0.0
scotopic	1.3
scots	3.7
scottie	3.0
scotties	1.9
scour	3.0
scoured	2.9
scourer	1.1
scourers	1.1
scourge	3.2
scourged	1.9
scourger	0.0
scourges	2.0
scouring	3.0
scours	2.1
scouse	2.3
scouses	0.0
scout	4.0
scouted	2.8
scouter	1.8
scouters	1.6
scouth	0.0
scouther	0.0
scouths	0.0
scouting	3.5
scouts	3.8
scow	2.0
scowder	0.0
scowders	0.0
scowed	0.0
scowing	0.0
scowl	2.5
scowled	2.0
scowler	0.0
scowlers	0.0
scowling	2.3
scowls	1.9
scows	1.3
scrabble	3.0
scrabbly	0.0
scrag	1.5
scragged	1.1
scraggly	2.1
scraggy	1.7
scrags	0.0
scraich	0.0
scraichs	0.0
scraigh	0.0
scraighs	0.0
scram	2.4
scramble	3.4
scramjet	1.7
scrammed	1.2
scrams	1.3
scrannel	0.0
scrap	3.9
scrape	3.4
scraped	3.2
scraper	2.8
scrapers	2.4
scrapes	2.9
scrapie	1.8
scrapies	0.0
scraping	3.3
scrapped	3.5
scrapper	2.2
scrapple	1.8
scrappy	3.1
scraps	3.4
scratch	4.2
scratchy	2.8
scrawl	2.3
scrawled	2.5
scrawler	0.0
scrawls	1.6
scrawly	0.0
scrawny	2.7
screak	0.0
screaked	0.0
screaks	0.0
screaky	0.0
scream	4.1
screamed	3.7
screamer	2.6
screams	3.8
scree	2.3
screech	2.9
screechy	1.7
screed	2.3
screeded	0.0
screeds	1.9
screen	4.8
screened	3.7
screener	2.3
screens	4.0
screes	1.4
screw	4.2
screwed	4.0
screwer	0.0
screwers	0.0
screwier	0.0
screwing	3.4
screws	3.6
screwup	1.9
screwups	1.6
screwy	2.3
scribal	2.0
scribble	2.7
scribe	3.1
scribed	1.8
scriber	1.1
scribers	0.0
scribes	2.9
scribing	1.8
scried	0.0
scries	0.0
scrieve	0.0
scrieved	0.0
scrieves	0.0
scrim	2.5
scrimp	2.0
scrimped	1.6
scrimper	0.0
scrimpit	0.0
scrimps	0.0
scrimpy	0.0
scrims	2.2
scrip	2.6
scrips	1.8
script	4.4
scripted	3.4
scripter	1.7
scripts	3.7
scrive	0.0
scrived	0.0
scrives	0.0
scriving	0.0
scrod	1.2
scrods	0.0
scrofula	1.6
scroggy	0.0
scroll	3.9
scrolled	2.8
scrolls	3.4
scrooch	0.0
scrooge	3.0
scrooges	1.2
scroop	1.5
scrooped	0.0
scroops	0.0
scrootch	0.0
scrota	0.0
scrotal	2.1
scrotum	2.9
scrotums	1.3
scrouge	0.0
scrouged	0.0
scrouges	0.0
scrounge	2.3
scroungy	0.0
scrub	3.7
scrubbed	3.0
scrubber	2.5
scrubby	2.3
scrubs	3.2
scruff	2.6
scruffs	1.5
scruffy	2.9
scrum	3.2
scrummed	0.0
scrums	2.2
scrunch	2.3
scruple	1.9
scrupled	0.0
scruples	2.6
scrutiny	3.7
scry	1.6
scrying	1.9
scuba	3.3
scubas	0.0
scud	2.5
scudded	1.0
scudding	1.4
scudi	1.6
scudo	1.5
scuds	1.7
scuff	2.5
scuffed	2.5
scuffing	2.0
scuffle	2.8
scuffled	1.6
scuffler	0.0
scuffles	2.1
scuffs	2.0
sculk	0.0
sculked	0.0
sculker	0.0
sculkers	0.0
sculking	0.0
sculks	0.0
scull	2.3
sculled	0.0
sculler	1.4
scullers	1.3
scullery	2.2
sculling	1.8
scullion	2.0
sculls	2.0
sculp	1.2
sculped	0.0
sculpin	1.9
sculping	0.0
sculpins	1.3
sculps	0.0
sculpt	2.8
sculpted	3.1
sculptor	3.3
sculpts	2.1
scum	3.7
scumbag	3.3
scumbags	2.9
scumble	0.0
scumbled	0.0
scumbles	0.0
scumlike	0.0
scummed	0.0
scummer	0.0
scummers	0.0
scummier	0.0
scumming	1.1
scummy	2.4
scums	1.9
scunner	1.1
scunners	0.0
scup	1.2
scuppaug	0.0
scupper	2.0
scuppers	1.7
scups	0.0
scurf	1.2
scurfier	0.0
scurfs	0.0
scurfy	1.1
scurried	2.3
scurries	1.8
scurril	0.0
scurrile	0.0
scurry	2.6
scurvier	0.0
scurvies	0.0
scurvily	0.0
scurvy	2.7
scut	1.8
scuta	0.0
scutage	1.1
scutages	0.0
scutate	0.0
scutch	0.0
scutched	0.0
scutcher	0.0
scutches	0.0
scute	1.6
scutella	0.0
scutes	1.7
scuts	0.0
scutter	1.0
scutters	0.0
scuttle	2.7
scuttled	2.6
scuttles	1.8
scutum	1.7
scuzzier	0.0
scuzzy	1.8
scyphate	0.0
scyphi	0.0
scyphus	0.0
scythe	2.8
scythed	1.4
scythes	2.1
scything	1.6
sea	5.1
seabag	0.0
seabags	0.0
seabeach	0.0
seabed	2.9
seabeds	1.4
seabird	2.4
seabirds	2.7
seaboard	3.0
seaboot	0.0
seaboots	0.0
seaborne	2.4
seacoast	2.4
seacock	0.0
seacocks	1.2
seacraft	1.1
seadog	1.4
seadogs	1.0
seadrome	0.0
seafarer	2.1
seafloor	2.7
seafood	3.6
seafoods	2.0
seafowl	0.0
seafowls	0.0
seafront	2.6
seagirt	0.0
seagoing	2.2
seagull	3.0
seagulls	3.0
seal	4.3
sealable	1.6
sealant	2.6
sealants	2.4
sealed	4.1
sealer	2.6
sealers	2.3
sealery	0.0
sealing	3.5
seallike	0.0
seals	3.9
sealskin	1.6
seam	3.4
seaman	3.2
seamanly	0.0
seamark	1.2
seamarks	0.0
seamed	2.1
seamen	2.9
seamer	2.1
seamers	1.7
seamier	1.2
seamiest	0.0
seaming	1.9
seamless	3.3
seamlike	0.0
seamount	1.9
seams	3.3
seamster	1.0
seamy	1.8
seance	2.4
seances	1.8
seapiece	0.0
seaplane	2.5
seaport	2.9
seaports	2.4
seaquake	0.0
sear	2.7
search	5.0
searched	4.0
searcher	2.4
searches	3.9
seared	2.9
searer	0.0
searest	0.0
searing	3.0
searobin	0.0
sears	3.5
seas	3.9
seascape	2.4
seascout	0.0
seashell	2.4
seashore	2.9
seasick	2.3
seaside	3.6
seasides	0.0
season	5.5
seasonal	4.0
seasoned	3.5
seasoner	0.0
seasons	4.5
seat	4.8
seated	3.9
seater	3.1
seaters	2.0
seating	3.8
seatings	1.5
seatless	1.0
seatmate	1.7
seatrain	1.4
seats	4.5
seatwork	1.1
seawall	2.4
seawalls	1.8
seawan	0.0
seawans	0.0
seawant	0.0
seawants	0.0
seaward	2.5
seawards	1.4
seaware	0.0
seawares	0.0
seawater	3.1
seaway	2.5
seaways	1.8
seaweed	3.2
seaweeds	2.2
sebacic	0.0
sebasic	0.0
sebum	2.1
sebums	0.0
sec	4.3
secalose	0.0
secant	1.9
secantly	0.0
secants	0.0
secateur	0.0
secco	1.7
seccos	0.0
secede	2.8
seceded	2.5
seceder	0.0
seceders	1.2
secedes	1.6
seceding	2.2
secern	0.0
secerned	0.0
secerns	0.0
seclude	1.7
secluded	3.2
secludes	0.0
second	5.6
seconde	1.9
seconded	3.2
seconder	1.2
secondes	1.4
secondi	1.1
secondly	3.9
secondo	1.9
seconds	4.9
secpar	0.0
secpars	0.0
secrecy	3.6
secret	4.9
secrete	2.7
secreted	3.0
secreter	0.0
secretes	2.3
secretin	1.5
secretly	4.0
secretor	1.1
secrets	4.3
secs	3.1
sect	3.5
sectary	1.1
sectile	1.1
section	5.0
sections	4.4
sector	4.7
sectoral	2.6
sectored	1.0
sectors	4.1
sects	3.1
secular	4.0
seculars	1.7
secund	0.0
secundly	0.0
secundum	2.0
secure	4.6
secured	4.2
securely	3.3
securer	0.0
securers	0.0
secures	3.1
securest	0.0
securing	3.9
security	5.2
sedan	3.5
sedans	2.8
sedarim	0.0
sedate	2.8
sedated	2.8
sedately	1.5
sedater	0.0
sedates	1.2
sedatest	0.0
sedating	2.0
sedation	3.0
sedative	3.0
seder	2.5
seders	1.3
sederunt	1.6
sedge	2.4
sedges	2.1
sedgier	0.0
sedgiest	0.0
sedgy	0.0
sedile	0.0
sedilia	1.2
sedilium	0.0
sediment	3.4
sedition	3.0
seduce	3.2
seduced	3.2
seducer	2.4
seducers	1.6
seduces	2.7
seducing	2.8
seducive	0.0
sedulity	0.0
sedulous	0.0
sedum	2.0
sedums	1.2
see	6.1
seeable	1.1
seecatch	0.0
seed	4.4
seedbed	1.7
seedbeds	1.2
seedcake	0.0
seedcase	0.0
seeded	3.6
seeder	1.8
seeders	1.8
seedier	1.6
seediest	1.1
seedily	0.0
seeding	3.2
seedless	2.3
seedlike	0.0
seedling	2.8
seedman	0.0
seedmen	0.0
seedpod	1.1
seedpods	1.4
seeds	4.3
seedsman	1.8
seedsmen	0.0
seedtime	1.1
seedy	2.8
seeing	5.0
seeings	1.0
seek	4.6
seeker	3.4
seekers	3.6
seeking	4.6
seeks	4.1
seel	2.1
seeled	0.0
seeling	1.3
seels	0.0
seely	2.2
seem	5.1
seemed	4.8
seemer	0.0
seemers	0.0
seeming	3.4
seemings	0.0
seemlier	0.0
seemly	2.0
seems	5.2
seen	5.5
seep	2.8
seepage	2.5
seepages	1.2
seeped	2.6
seepier	0.0
seepiest	0.0
seeping	2.7
seeps	2.7
seepy	0.0
seer	3.0
seeress	1.2
seers	2.4
sees	4.6
seesaw	2.5
seesawed	1.1
seesaws	1.3
seethe	2.2
seethed	1.9
seethes	1.7
seething	2.9
seg	2.4
segetal	0.0
seggar	0.0
seggars	0.0
segment	4.3
segments	4.0
segni	1.4
segno	1.4
segnos	0.0
sego	1.5
segos	0.0
segs	1.4
segue	2.6
segued	1.9
segueing	1.5
segues	2.1
sei	2.9
seicento	1.3
seiche	1.3
seiches	1.0
seidel	2.4
seidels	0.0
seif	2.3
seifs	0.0
seigneur	2.3
seignior	0.0
seignory	1.0
seine	3.2
seined	0.0
seiner	2.0
seiners	1.1
seines	1.7
seining	1.3
seis	2.4
seisable	0.0
seise	0.0
seised	1.2
seiser	0.0
seisers	0.0
seises	0.0
seisin	1.3
seising	0.0
seisings	0.0
seisins	0.0
seism	0.0
seismal	0.0
seismic	3.5
seismism	0.0
seisms	0.0
seisor	0.0
seisors	0.0
seisure	0.0
seisures	0.0
seizable	0.0
seize	3.8
seized	4.0
seizer	0.0
seizers	0.0
seizes	2.9
seizin	0.0
seizing	3.3
seizings	0.0
seizins	0.0
seizor	0.0
seizors	0.0
seizure	3.7
seizures	3.6
sejant	0.0
sejeant	0.0
sel	2.9
seladang	0.0
selah	2.4
selahs	0.0
selamlik	0.0
selcouth	0.0
seldom	3.6
seldomly	1.4
select	4.5
selected	4.7
selectee	1.4
selectly	0.0
selector	3.2
selects	3.3
selenate	0.0
selenic	0.0
selenide	1.8
selenite	1.9
selenium	2.9
selenous	0.0
self	5.2
selfdom	0.0
selfdoms	0.0
selfed	0.0
selfheal	0.0
selfhood	2.0
selfing	1.3
selfish	4.1
selfless	3.3
selfness	0.0
selfs	1.9
selfsame	1.9
selfward	0.0
sell	5.0
sellable	2.0
selle	1.8
seller	4.0
sellers	3.8
selles	1.2
selling	4.8
sellout	2.9
sellouts	2.1
sells	4.1
sels	1.8
selsyn	0.0
selsyns	0.0
seltzer	2.7
seltzers	1.0
selva	2.2
selvage	1.7
selvaged	0.0
selvages	0.0
selvas	0.0
selvedge	1.9
selves	3.4
semantic	3.4
sematic	0.0
seme	2.0
sememe	0.0
sememes	0.0
sememic	0.0
semen	3.4
semens	0.0
semes	1.1
semester	4.0
semi	4.5
semiarid	2.0
semibald	0.0
semicoma	0.0
semideaf	0.0
semidome	0.0
semidry	0.0
semifit	0.0
semigala	0.0
semihard	0.0
semihigh	0.0
semihobo	0.0
semilog	0.0
semimat	0.0
semimatt	0.0
semimute	0.0
semina	1.4
seminal	3.3
seminar	3.8
seminars	3.5
seminary	3.5
seminude	0.0
semioses	0.0
semiosis	1.4
semiotic	2.3
semipro	1.6
semipros	0.0
semiraw	0.0
semis	3.1
semises	0.0
semisoft	0.0
semitist	0.0
semitone	1.9
semiwild	0.0
semolina	2.2
semple	2.4
semplice	1.5
sempre	2.1
sen	4.0
senarii	0.0
senarius	0.0
senary	0.0
senate	4.8
senates	1.7
senator	4.6
senators	4.1
send	5.1
sendable	0.0
sendal	0.0
sendals	0.0
sended	1.3
sender	3.2
senders	2.4
sending	4.6
sendoff	2.1
sendoffs	0.0
sends	4.2
sendup	1.3
sendups	0.0
sene	2.0
seneca	3.2
senecas	1.5
senecio	1.9
senecios	0.0
senega	0.0
senegas	0.0
sengi	1.3
senhor	2.1
senhora	1.9
senhoras	0.0
senhores	0.0
senhors	0.0
senile	3.0
senilely	0.0
seniles	0.0
senility	2.2
senior	4.9
seniors	3.9
seniti	0.0
senna	2.9
sennas	0.0
sennet	1.1
sennets	0.0
sennight	0.0
sennit	0.0
sennits	0.0
senopia	0.0
senopias	0.0
senor	2.6
senora	2.2
senoras	0.0
senores	0.0
senorita	2.1
senors	1.0
senryu	1.4
sensa	1.8
sensate	1.7
sensated	0.0
sensates	0.0
sense	5.2
sensed	3.3
senseful	0.0
senses	3.9
sensible	4.0
sensibly	2.9
sensilla	1.2
sensing	3.6
sensor	3.9
sensoria	1.1
sensors	3.9
sensory	3.7
sensual	3.4
sensum	0.0
sensuous	2.8
sent	5.2
sente	1.7
sentence	4.6
senti	1.8
sentient	3.1
sentimo	0.0
sentimos	0.0
sentinel	3.4
sentries	2.7
sentry	3.1
sepal	1.8
sepaled	0.0
sepaline	0.0
sepalled	0.0
sepaloid	0.0
sepalous	0.0
sepals	2.6
separate	4.8
sepia	2.8
sepias	0.0
sepic	0.0
sepoy	2.1
sepoys	2.1
seppuku	2.3
seppukus	0.0
sepses	0.0
sepsis	3.0
sept	4.3
septa	2.7
septal	2.4
septaria	0.0
septate	1.7
septet	1.8
septets	0.0
septette	0.0
septic	3.2
septical	0.0
septics	0.0
septime	1.2
septimes	0.0
septs	1.5
septum	2.9
septums	1.1
septuple	1.3
sequel	4.0
sequela	1.3
sequelae	2.0
sequels	3.3
sequence	4.3
sequency	0.0
sequent	1.9
sequents	0.0
sequin	2.6
sequined	2.3
sequins	2.7
sequitur	2.3
sequoia	2.8
sequoias	1.9
ser	3.5
sera	3.1
serac	1.1
seracs	1.1
seraglio	1.7
serai	1.8
serail	1.3
serails	0.0
serais	0.0
seral	1.2
serape	1.6
serapes	0.0
seraph	2.4
seraphic	1.8
seraphim	2.5
seraphin	1.7
seraphs	1.8
serdab	0.0
serdabs	0.0
sere	2.2
sered	1.1
serein	0.0
sereins	0.0
serenade	2.9
serenata	1.6
serenate	0.0
serene	3.3
serenely	2.3
serener	0.0
serenes	0.0
serenest	0.0
serenity	3.3
serer	1.2
seres	1.7
serest	0.0
serf	2.4
serfage	0.0
serfages	0.0
serfdom	2.5
serfdoms	0.0
serfhood	0.0
serfish	0.0
serflike	0.0
serfs	2.7
serge	3.2
sergeant	4.1
serges	0.0
serging	0.0
sergings	0.0
serial	4.2
serially	2.4
serials	3.0
seriate	1.2
seriated	0.0
seriates	0.0
seriatim	1.3
sericin	0.0
sericins	0.0
seriema	0.0
seriemas	0.0
series	5.3
serif	2.6
serifed	0.0
seriffed	0.0
serifs	1.8
serin	1.6
serine	2.6
serines	0.0
sering	1.4
seringa	0.0
seringas	0.0
serins	0.0
serious	5.1
serjeant	2.4
sermon	3.6
sermonic	0.0
sermons	3.4
serology	1.9
serosa	1.3
serosae	0.0
serosal	1.0
serosas	0.0
serosity	0.0
serotine	0.0
serotype	2.0
serous	2.3
serow	1.2
serows	0.0
serpent	3.5
serpents	2.8
serpigo	0.0
serranid	0.0
serrano	2.8
serranos	1.4
serrate	1.8
serrated	2.8
serrates	0.0
serried	1.6
serries	0.0
serry	1.7
serrying	0.0
sers	2.0
serum	3.7
serumal	0.0
serums	2.4
servable	0.0
serval	2.0
servals	1.1
servant	4.1
servants	4.0
serve	4.8
served	4.8
server	4.5
servers	4.0
serves	4.4
service	5.5
serviced	3.3
servicer	2.2
services	5.3
servile	2.5
serving	4.6
servings	3.1
servitor	1.9
servo	2.9
servos	2.2
sesame	3.5
sesames	0.0
sesamoid	1.7
sessile	2.4
session	4.7
sessions	4.5
sesspool	0.0
sesterce	0.0
sestet	1.2
sestets	0.0
sestina	1.3
sestinas	0.0
sestine	0.0
sestines	0.0
set	5.6
seta	2.3
setae	2.2
setal	0.0
setback	3.4
setbacks	3.2
setenant	0.0
setiform	0.0
setline	0.0
setlines	0.0
setoff	1.1
setoffs	0.0
seton	2.8
setons	0.0
setose	1.0
setous	0.0
setout	0.0
setouts	0.0
sets	4.7
setscrew	1.1
sett	2.3
settee	2.4
settees	1.7
setter	3.0
setters	2.8
setting	4.8
settings	4.2
settle	4.4
settled	4.4
settler	3.1
settlers	3.8
settles	3.4
settling	3.9
settlor	1.6
settlors	0.0
setts	1.8
setulose	0.0
setulous	0.0
setup	4.1
setups	2.9
seven	5.1
sevens	3.2
seventh	4.2
sevenths	1.7
seventy	3.8
sever	3.1
several	5.4
severals	1.1
severe	4.6
severed	3.5
severely	4.1
severer	1.2
severest	2.1
severing	2.8
severity	3.7
severs	2.4
seviche	0.0
seviches	0.0
sevruga	0.0
sevrugas	0.0
sew	3.5
sewable	0.0
sewage	3.5
sewages	0.0
sewan	0.0
sewans	0.0
sewar	0.0
sewars	0.0
sewed	2.9
sewer	3.6
sewerage	2.9
sewered	0.0
sewering	0.0
sewers	3.2
sewing	3.7
sewings	0.0
sewn	3.2
sews	2.2
sex	5.2
sexed	2.5
sexes	3.4
sexier	3.0
sexiest	3.2
sexily	1.9
sexiness	2.6
sexing	2.4
sexism	3.5
sexisms	0.0
sexist	3.6
sexists	1.9
sexless	2.3
sexology	2.0
sexpot	1.7
sexpots	0.0
sext	2.3
sextain	0.0
sextains	0.0
sextan	0.0
sextans	0.0
sextant	2.3
sextants	1.6
sextarii	0.0
sextet	2.3
sextets	0.0
sextette	0.0
sextile	1.4
sextiles	0.0
sexto	1.4
sexton	3.1
sextons	1.1
sextos	0.0
sexts	1.8
sextuple	1.7
sextuply	0.0
sexual	4.8
sexually	4.1
sexy	4.4
sferics	0.0
sforzato	0.0
sfumato	1.1
sfumatos	0.0
sha	3.4
shabbier	1.4
shabbily	1.9
shabby	3.3
shack	3.4
shackle	2.6
shackled	2.7
shackler	0.0
shackles	3.0
shacko	0.0
shackoes	0.0
shackos	0.0
shacks	2.7
shad	2.8
shadblow	0.0
shadbush	0.0
shadchan	0.0
shaddock	1.3
shade	4.2
shaded	3.3
shader	2.6
shaders	2.4
shades	4.0
shadfly	0.0
shadier	1.8
shadiest	1.6
shadily	0.0
shading	3.3
shadings	1.8
shadoof	0.0
shadoofs	0.0
shadow	4.4
shadowed	2.8
shadower	0.0
shadows	4.1
shadowy	3.2
shadrach	2.0
shads	1.2
shaduf	0.0
shadufs	0.0
shady	3.7
shaft	3.9
shafted	2.4
shafting	2.0
shafts	3.3
shag	3.0
shagbark	1.3
shagged	2.4
shaggier	0.0
shaggily	0.0
shagging	2.5
shaggy	3.2
shagreen	1.5
shags	2.0
shah	3.8
shahdom	0.0
shahdoms	0.0
shahs	1.9
shaird	0.0
shairds	0.0
shairn	0.0
shairns	0.0
shaitan	1.9
shaitans	0.0
shakable	0.0
shake	4.3
shaken	3.6
shakeout	1.8
shaker	3.2
shakers	2.9
shakes	3.6
shakeup	2.4
shakeups	1.4
shakier	1.7
shakiest	1.3
shakily	2.1
shaking	4.1
shako	1.7
shakoes	0.0
shakos	1.1
shaky	3.5
shale	3.7
shaled	0.0
shales	2.5
shaley	0.0
shalier	0.0
shaliest	0.0
shall	5.0
shalloon	0.0
shallop	1.1
shallops	0.0
shallot	2.4
shallots	2.7
shallow	4.0
shallows	2.6
shalom	3.0
shaloms	0.0
shalt	3.3
shaly	1.1
sham	3.5
shamable	0.0
shaman	3.2
shamanic	2.4
shamans	2.8
shamas	1.2
shamble	1.6
shambled	1.4
shambles	3.1
shame	4.5
shamed	3.2
shameful	3.6
shames	2.5
shaming	3.4
shammas	1.2
shammash	0.0
shammed	0.0
shammer	0.0
shammers	0.0
shammes	0.0
shammied	0.0
shammies	0.0
shamming	1.6
shammos	0.0
shammy	1.5
shamois	0.0
shamos	1.2
shamosim	0.0
shamoy	0.0
shamoyed	0.0
shamoys	0.0
shampoo	3.6
shampoos	2.5
shamrock	2.9
shams	2.6
shamus	2.4
shamuses	0.0
shandies	0.0
shandy	2.4
shanghai	4.0
shank	3.1
shanked	2.2
shanking	1.6
shanks	3.0
shannies	0.0
shanny	1.5
shantey	0.0
shanteys	0.0
shanti	2.8
shanties	2.3
shantih	0.0
shantihs	0.0
shantis	0.0
shantung	1.8
shanty	2.8
shapable	0.0
shape	4.7
shaped	4.4
shapely	2.6
shapen	1.2
shaper	2.6
shapers	2.3
shapes	4.0
shapeup	0.0
shapeups	0.0
shaping	3.7
sharable	1.6
shard	3.0
shards	3.0
share	5.2
shared	4.7
sharer	2.1
sharers	2.0
shares	4.6
sharif	3.4
sharifs	1.5
sharing	4.7
shark	4.1
sharked	0.0
sharker	0.0
sharkers	0.0
sharking	2.0
sharks	4.0
sharn	1.4
sharns	0.0
sharny	0.0
sharp	4.5
sharped	1.1
sharpen	3.1
sharpens	2.5
sharper	3.2
sharpers	1.1
sharpest	2.9
sharpie	2.7
sharpies	2.1
sharping	1.0
sharply	3.9
sharps	2.6
sharpy	1.4
shashlik	1.3
shaslik	0.0
shasliks	0.0
shat	2.8
shatter	3.2
shatters	2.8
shaugh	0.0
shaughs	0.0
shaul	2.1
shauled	0.0
shauling	0.0
shauls	0.0
shavable	0.0
shave	3.8
shaved	3.7
shaven	2.9
shaver	2.8
shavers	2.3
shaves	2.8
shavie	0.0
shavies	0.0
shaving	3.6
shavings	2.7
shaw	4.1
shawed	0.0
shawing	0.0
shawl	3.2
shawled	0.0
shawling	0.0
shawls	2.5
shawm	1.2
shawms	0.0
shawn	3.8
shaws	1.9
shay	3.1
shays	2.0
she	6.3
shea	3.4
sheaf	2.6
sheafed	0.0
sheafing	0.0
sheafs	0.0
sheal	0.0
shealing	0.0
sheals	0.0
shear	3.4
sheared	2.5
shearer	3.0
shearers	2.0
shearing	2.9
shears	2.9
sheas	0.0
sheath	3.2
sheathe	1.8
sheathed	2.5
sheather	0.0
sheathes	1.4
sheaths	2.4
sheave	1.6
sheaved	0.0
sheaves	2.4
sheaving	0.0
shebang	2.4
shebangs	0.0
shebean	0.0
shebeans	0.0
shebeen	1.6
shebeens	1.2
shed	4.2
shedable	0.0
shedded	1.3
shedder	1.3
shedders	1.1
shedding	3.4
shedlike	0.0
sheds	3.5
sheen	3.3
sheened	0.0
sheeney	0.0
sheeneys	0.0
sheenful	0.0
sheenie	0.0
sheenier	0.0
sheenies	0.0
sheening	0.0
sheens	1.7
sheeny	1.4
sheep	4.2
sheepcot	0.0
sheepdog	2.5
sheepish	2.4
sheepman	1.1
sheepmen	0.0
sheer	4.0
sheered	1.5
sheerer	1.2
sheerest	1.0
sheering	1.5
sheerly	1.3
sheers	1.9
sheet	4.4
sheeted	2.0
sheeter	1.1
sheeters	0.0
sheetfed	1.0
sheeting	2.7
sheets	4.2
sheeve	0.0
sheeves	0.0
shegetz	0.0
sheik	3.1
sheikdom	0.0
sheikh	3.6
sheikhs	2.3
sheiks	2.1
sheila	3.6
sheilas	1.4
sheitan	0.0
sheitans	0.0
shekel	2.2
shekels	2.5
shelduck	1.3
shelf	4.0
shelfful	0.0
shell	4.4
shellac	2.6
shellack	0.0
shellacs	0.0
shelled	3.1
sheller	1.7
shellers	1.2
shellier	0.0
shelling	3.2
shells	3.9
shelly	3.3
shelta	0.0
sheltas	0.0
shelter	4.2
shelters	3.7
sheltie	1.7
shelties	1.2
shelty	0.0
shelve	2.4
shelved	3.0
shelver	0.0
shelvers	0.0
shelves	3.8
shelvier	0.0
shelving	2.9
shelvy	0.0
shend	0.0
shending	0.0
shends	0.0
shent	0.0
sheol	2.1
sheols	0.0
shepherd	3.9
sheqalim	0.0
sheqel	0.0
sherbert	1.9
sherbet	2.5
sherbets	1.4
sherd	1.4
sherds	2.1
shereef	0.0
shereefs	0.0
sherif	2.5
sheriff	4.2
sheriffs	3.1
sherifs	0.0
sherlock	3.7
sheroot	0.0
sheroots	0.0
sherpa	2.8
sherpas	2.3
sherries	1.6
sherris	0.0
sherry	3.4
shes	3.6
shetland	3.1
sheuch	0.0
sheuchs	0.0
sheugh	0.0
sheughs	0.0
shew	2.5
shewed	1.9
shewer	0.0
shewers	0.0
shewing	1.7
shewn	1.6
shews	1.4
shh	3.0
shiatsu	2.2
shiatsus	0.0
shiatzu	0.0
shiatzus	0.0
shibah	0.0
shibahs	0.0
shicker	0.0
shickers	0.0
shicksa	0.0
shicksas	0.0
shied	2.5
shiel	2.1
shield	4.3
shielded	3.2
shielder	0.0
shields	3.9
shieling	1.1
shiels	2.1
shier	1.4
shiers	0.0
shies	2.0
shiest	0.0
shift	4.6
shifted	4.0
shifter	3.0
shifters	2.7
shiftier	0.0
shiftily	0.0
shifting	4.0
shifts	4.0
shifty	2.8
shigella	2.0
shiitake	2.2
shikar	1.5
shikaree	0.0
shikari	1.9
shikaris	0.0
shikars	0.0
shikker	0.0
shikkers	0.0
shiksa	1.4
shiksas	0.0
shikse	0.0
shikses	0.0
shilingi	0.0
shill	2.7
shillala	0.0
shilled	1.2
shilling	3.2
shills	2.3
shilpit	0.0
shily	0.0
shim	2.7
shimmed	1.2
shimmer	3.0
shimmers	2.3
shimmery	2.3
shimmied	1.8
shimmies	1.6
shimming	1.4
shimmy	2.6
shims	2.1
shin	3.7
shinbone	1.8
shindies	0.0
shindig	2.4
shindigs	1.4
shindy	1.2
shindys	0.0
shine	4.2
shined	2.8
shiner	2.6
shiners	1.9
shines	3.6
shingle	3.0
shingled	2.0
shingler	1.4
shingles	3.1
shingly	0.0
shinier	2.2
shiniest	1.8
shinily	0.0
shining	4.0
shinleaf	0.0
shinned	1.7
shinnery	0.0
shinney	0.0
shinneys	0.0
shinnied	0.0
shinnies	0.0
shinning	2.2
shinny	2.0
shins	2.7
shiny	3.9
ship	4.9
shiplap	1.5
shiplaps	0.0
shipload	1.6
shipman	2.5
shipmate	2.1
shipmen	0.0
shipment	3.8
shipped	4.0
shippen	1.9
shippens	0.0
shipper	3.0
shippers	3.1
shipping	4.5
shippon	0.0
shippons	0.0
ships	4.5
shipside	1.2
shipway	1.3
shipways	0.0
shipworm	0.0
shipyard	3.3
shire	3.5
shires	2.5
shirk	2.7
shirked	1.9
shirker	1.3
shirkers	1.6
shirking	2.3
shirks	1.6
shirr	0.0
shirred	1.6
shirring	1.1
shirrs	0.0
shirt	4.6
shirtier	0.0
shirting	1.7
shirts	4.2
shirty	1.7
shist	0.0
shists	0.0
shit	5.5
shitake	1.5
shitakes	0.0
shithead	2.9
shits	3.6
shittah	0.0
shittahs	0.0
shitted	2.0
shittier	2.2
shittim	1.1
shittims	0.0
shitting	3.4
shitty	4.0
shiv	3.1
shiva	3.3
shivah	1.2
shivahs	0.0
shivaree	1.1
shivas	1.6
shive	1.6
shiver	3.0
shivered	2.4
shiverer	0.0
shivers	3.0
shivery	1.7
shives	1.5
shivs	1.5
shkotzim	0.0
shlemiel	0.0
shlep	0.0
shlepp	0.0
shlepped	0.0
shlepps	0.0
shleps	0.0
shlock	1.1
shlocks	0.0
shlump	0.0
shlumped	0.0
shlumps	0.0
shlumpy	0.0
shmaltz	0.0
shmaltzy	0.0
shmear	0.0
shmears	0.0
shmo	0.0
shmoes	0.0
shmooze	0.0
shmoozed	0.0
shmoozes	0.0
shmuck	1.6
shmucks	1.1
shnaps	0.0
shnook	0.0
shnooks	0.0
shoal	2.9
shoaled	0.0
shoaler	0.0
shoalest	0.0
shoalier	0.0
shoaling	1.7
shoals	3.0
shoaly	0.0
shoat	1.1
shoats	0.0
shock	4.5
shocked	4.3
shocker	3.1
shockers	2.3
shocking	4.1
shocks	3.5
shod	2.3
shodden	0.0
shoddier	0.0
shoddies	0.0
shoddily	1.7
shoddy	3.0
shoe	4.2
shoebill	1.4
shoed	1.5
shoehorn	2.1
shoeing	2.1
shoelace	2.4
shoeless	2.2
shoepac	0.0
shoepack	0.0
shoepacs	0.0
shoer	0.0
shoers	0.0
shoes	4.7
shoetree	0.0
shofar	2.1
shofars	0.0
shofroth	0.0
shog	1.1
shogged	0.0
shogging	0.0
shogs	0.0
shogun	2.9
shogunal	1.2
shoguns	1.7
shoji	2.3
shojis	0.0
sholom	2.0
sholoms	0.0
shone	3.2
shoo	2.9
shooed	2.0
shoofly	1.2
shooing	2.0
shook	4.0
shooks	0.0
shool	1.6
shooled	0.0
shooling	0.0
shools	0.0
shoon	1.3
shoos	1.5
shoot	4.7
shooter	4.0
shooters	3.7
shooting	4.8
shootout	3.5
shoots	4.0
shop	4.9
shopboy	0.0
shopboys	0.0
shopgirl	1.5
shophar	0.0
shophars	0.0
shoplift	2.1
shopman	1.0
shopmen	0.0
shoppe	2.5
shopped	3.0
shopper	3.2
shoppers	3.5
shoppes	1.8
shopping	4.7
shops	4.3
shoptalk	1.1
shopworn	1.6
shoran	0.0
shorans	0.0
shore	4.3
shored	2.1
shores	3.8
shoring	2.5
shorings	0.0
shorl	0.0
shorls	0.0
shorn	2.5
short	5.3
shortage	3.9
shortcut	3.4
shorted	2.7
shorten	3.4
shortens	2.5
shorter	4.2
shortest	3.6
shortia	0.0
shortias	0.0
shortie	1.8
shorties	2.0
shorting	2.6
shortish	1.8
shortly	4.5
shorts	4.1
shorty	3.3
shot	5.2
shote	0.0
shotes	0.0
shotgun	3.8
shotguns	3.0
shots	4.6
shott	1.4
shotted	1.9
shotten	0.0
shotting	1.8
shotts	1.8
should	6.0
shoulder	4.5
shouldst	1.7
shout	4.1
shouted	3.8
shouter	1.6
shouters	1.4
shouting	4.0
shouts	3.5
shove	3.7
shoved	3.5
shovel	3.5
shoveled	2.3
shoveler	1.7
shovels	3.0
shover	0.0
shovers	0.0
shoves	2.7
shoving	3.2
show	5.7
showable	0.0
showbiz	3.0
showboat	2.3
showcase	3.9
showdown	3.5
showed	4.9
shower	4.5
showered	3.2
showerer	0.0
showers	3.9
showery	2.1
showgirl	2.4
showier	1.3
showiest	1.0
showily	0.0
showing	4.9
showings	2.9
showman	2.8
showmen	1.9
shown	4.9
showoff	2.1
showoffs	1.1
showring	0.0
showroom	3.1
shows	5.2
showy	2.8
shoyu	1.7
shoyus	0.0
shrank	2.9
shrapnel	3.1
shred	3.3
shredded	3.5
shredder	3.0
shreds	3.2
shrew	2.8
shrewd	3.1
shrewder	1.4
shrewdie	0.0
shrewdly	2.3
shrewed	0.0
shrewing	0.0
shrewish	1.5
shrews	2.3
shri	3.6
shriek	2.8
shrieked	2.4
shrieker	1.3
shrieks	2.7
shrieky	0.0
shrieval	0.0
shrieve	1.4
shrieved	0.0
shrieves	0.0
shrift	2.2
shrifts	0.0
shrike	2.4
shrikes	1.7
shrill	2.9
shrilled	0.0
shriller	1.2
shrills	1.2
shrilly	1.8
shrimp	3.8
shrimped	0.0
shrimper	1.2
shrimps	2.8
shrimpy	1.5
shrine	3.7
shrined	0.0
shrines	3.2
shrining	0.0
shrink	3.7
shrinker	1.4
shrinks	3.1
shris	0.0
shrive	1.2
shrived	0.0
shrivel	2.4
shrivels	1.8
shriven	0.0
shriver	2.7
shrivers	0.0
shrives	0.0
shriving	0.0
shroff	2.2
shroffed	0.0
shroffs	0.0
shroud	3.2
shrouded	3.0
shrouds	2.5
shrove	2.1
shrub	3.2
shrubby	2.1
shrubs	3.4
shrug	3.3
shrugged	3.3
shrugs	3.0
shrunk	3.2
shrunken	2.6
shtetel	0.0
shtetels	0.0
shtetl	1.9
shtetls	1.1
shtick	2.5
shticks	0.0
shtik	0.0
shtiks	0.0
shuck	2.4
shucked	2.0
shucker	1.1
shuckers	1.3
shucking	2.0
shucks	2.6
shudder	3.1
shudders	2.7
shuddery	0.0
shuffle	3.5
shuffled	3.0
shuffler	1.7
shuffles	2.5
shul	2.2
shuln	0.0
shuls	1.1
shun	3.2
shunned	3.1
shunner	0.0
shunners	0.0
shunning	2.6
shunpike	1.0
shuns	2.3
shunt	2.8
shunted	2.5
shunter	1.4
shunters	1.2
shunting	2.5
shunts	2.0
shush	2.8
shushed	1.9
shushes	1.5
shushing	2.0
shut	4.8
shutdown	3.6
shute	2.3
shuted	0.0
shutes	1.1
shuteye	1.4
shuteyes	0.0
shuting	1.1
shutoff	2.2
shutoffs	1.5
shutout	3.1
shutouts	2.5
shuts	3.5
shutter	3.5
shutters	3.2
shutting	3.7
shuttle	3.9
shuttled	2.3
shuttles	2.9
shwanpan	0.0
shy	4.2
shyer	1.7
shyers	0.0
shyest	1.6
shying	2.3
shylock	2.4
shylocks	1.4
shyly	2.4
shyness	2.9
shyster	1.9
shysters	1.6
sial	1.9
sialic	1.8
sialid	0.0
sialidan	0.0
sialids	0.0
sialoid	0.0
sials	0.0
siamang	1.1
siamangs	0.0
siamese	3.0
siameses	0.0
sib	2.4
sibb	0.0
sibbs	0.0
sibilant	2.0
sibilate	0.0
sibling	3.6
siblings	4.0
sibs	2.2
sibyl	2.5
sibylic	0.0
sibyllic	0.0
sibyls	1.4
sic	3.6
siccan	0.0
sicced	1.5
siccing	1.1
sice	1.7
sices	0.0
sick	4.9
sickbay	1.8
sickbays	0.0
sickbed	1.9
sickbeds	0.0
sicked	1.3
sickee	0.0
sickees	0.0
sicken	2.3
sickened	2.7
sickener	0.0
sickens	2.5
sicker	2.8
sickerly	0.0
sickest	2.6
sickie	1.7
sickies	1.4
sicking	1.5
sickish	0.0
sickle	3.1
sickled	1.0
sickles	2.3
sicklied	0.0
sicklier	0.0
sicklies	0.0
sicklily	0.0
sickling	1.2
sickly	3.0
sickness	3.8
sicko	2.5
sickos	2.1
sickout	0.0
sickouts	0.0
sickroom	1.4
sicks	1.5
sics	1.5
siddur	1.5
siddurim	0.0
siddurs	0.0
side	5.5
sidearm	2.5
sideband	2.0
sidebar	3.1
sidebars	1.9
sidecar	2.5
sidecars	1.5
sided	3.9
sidehill	1.1
sidekick	3.2
sideline	3.3
sideling	1.3
sidelong	1.8
sideman	2.1
sidemen	2.0
sidereal	2.2
siderite	1.4
sides	4.7
sideshow	2.9
sideslip	1.4
sidespin	1.0
sidestep	2.6
sidewalk	3.7
sidewall	2.4
sideward	1.3
sideway	1.6
sideways	3.5
sidewise	1.6
siding	3.5
sidings	2.5
sidle	2.0
sidled	1.8
sidler	0.0
sidlers	0.0
sidles	1.5
sidling	1.6
siege	3.9
sieged	1.6
sieges	2.6
sieging	1.3
siemens	3.3
sienite	0.0
sienites	0.0
sienna	3.0
siennas	0.0
sierozem	0.0
sierra	4.1
sierran	1.0
sierras	2.4
siesta	2.6
siestas	1.6
sieur	2.2
sieurs	0.0
sieve	3.0
sieved	1.9
sieves	2.1
sieving	2.0
sifaka	1.2
sifakas	1.1
siffleur	0.0
sift	3.0
sifted	2.6
sifter	2.0
sifters	1.3
sifting	2.9
siftings	0.0
sifts	1.9
siganid	0.0
siganids	0.0
sigh	4.0
sighed	3.1
sigher	0.0
sighers	0.0
sighing	2.9
sighless	0.0
sighlike	0.0
sighs	3.4
sight	4.5
sighted	3.5
sighter	1.1
sighters	0.0
sighting	3.3
sightly	1.8
sights	3.8
sightsaw	0.0
sightsee	1.7
sigil	2.4
sigils	1.9
sigloi	0.0
siglos	1.2
sigma	3.5
sigmas	1.4
sigmate	0.0
sigmoid	2.0
sigmoids	0.0
sign	5.1
signage	3.2
signages	0.0
signal	4.6
signaled	3.1
signaler	1.4
signally	1.6
signals	4.3
signed	4.8
signee	2.0
signees	1.8
signer	2.7
signers	2.6
signet	2.7
signeted	0.0
signets	1.3
signify	3.2
signing	4.4
signior	1.7
signiori	0.0
signiors	0.0
signiory	0.0
signor	2.8
signora	2.4
signoras	0.0
signore	2.2
signori	1.8
signors	0.0
signory	0.0
signpost	2.5
signs	4.7
sike	2.1
siker	0.0
sikes	2.5
silage	2.3
silages	0.0
silane	1.9
silanes	1.4
sild	1.0
silds	0.0
silence	4.5
silenced	3.4
silencer	2.8
silences	2.9
sileni	0.0
silent	4.5
silenter	0.0
silently	3.6
silents	1.8
silenus	1.7
silesia	2.6
silesias	0.0
silex	1.9
silexes	0.0
silica	3.3
silicas	0.0
silicate	2.7
silicic	1.7
silicide	1.6
silicify	0.0
silicium	0.0
silicle	0.0
silicles	0.0
silicon	4.0
silicone	3.4
silicons	0.0
silicula	0.0
siliqua	1.2
siliquae	0.0
silique	0.0
siliques	0.0
silk	4.1
silked	0.0
silken	2.6
silkier	1.2
silkies	1.4
silkiest	1.1
silkily	1.3
silking	0.0
silklike	0.0
silks	2.8
silkweed	0.0
silkworm	2.4
silky	3.3
sill	3.0
sillabub	0.0
siller	1.6
sillers	1.4
sillibub	0.0
sillier	2.1
sillies	1.4
silliest	2.4
sillily	0.0
sills	2.8
silly	4.4
silo	3.0
siloed	1.7
siloing	0.0
silos	2.9
siloxane	1.6
silt	3.0
silted	1.9
siltier	0.0
siltiest	0.0
silting	2.0
silts	1.7
silty	2.1
silurid	0.0
silurids	0.0
siluroid	0.0
silva	3.8
silvae	1.2
silvan	2.0
silvans	0.0
silvas	1.7
silver	4.8
silvered	2.1
silverer	0.0
silverly	0.0
silvern	0.0
silvers	2.8
silvery	3.0
silvex	0.0
silvexes	0.0
silvical	0.0
silvics	0.0
sim	3.8
sima	2.5
simar	1.4
simars	0.0
simaruba	0.0
simas	1.7
simazine	0.0
simian	2.5
simians	1.6
similar	5.2
simile	2.4
similes	2.1
simioid	0.0
simious	0.0
simitar	0.0
simitars	0.0
simlin	0.0
simlins	0.0
simmer	3.3
simmered	2.5
simmers	2.1
simnel	1.5
simnels	0.0
simoleon	0.0
simoniac	0.0
simonies	0.0
simonist	0.0
simonize	0.0
simony	1.9
simoom	1.2
simooms	0.0
simoon	0.0
simoons	0.0
simp	2.3
simper	1.8
simpered	1.1
simperer	0.0
simpers	1.1
simple	5.1
simpler	3.8
simples	2.2
simplest	3.6
simplex	3.0
simplify	3.5
simplism	0.0
simplist	0.0
simply	5.1
simps	1.9
sims	3.8
simulant	1.8
simular	1.6
simulars	0.0
simulate	3.4
sin	4.4
sinapism	0.0
since	5.8
sincere	3.8
sincerer	0.0
sinciput	0.0
sine	3.1
sinecure	1.9
sines	2.1
sinew	2.3
sinewed	0.0
sinewing	0.0
sinews	2.1
sinewy	2.1
sinfonia	2.1
sinfonie	0.0
sinful	3.3
sinfully	1.9
sing	4.5
singable	1.6
singe	2.4
singed	2.6
singeing	1.6
singer	4.5
singers	3.8
singes	1.5
singing	4.6
single	5.4
singled	3.3
singles	4.4
singlet	2.7
singlets	2.0
singling	2.7
singly	2.7
sings	3.9
singsong	2.0
singular	3.7
sinh	1.9
sinhs	0.0
sinicize	0.0
sinister	3.6
sink	4.2
sinkable	0.0
sinkage	0.0
sinkages	0.0
sinker	2.6
sinkers	1.8
sinkhole	2.8
sinking	3.8
sinks	3.5
sinless	2.3
sinned	3.0
sinner	3.4
sinners	3.4
sinning	2.7
sinology	1.2
sinopia	0.0
sinopias	0.0
sinopie	0.0
sins	4.0
sinsyne	0.0
sinter	2.0
sintered	2.1
sinters	0.0
sinuate	1.6
sinuated	0.0
sinuates	0.0
sinuous	2.5
sinus	3.3
sinuses	2.9
sinusoid	1.5
sip	3.7
sipe	1.9
siped	0.0
sipes	1.7
siphon	2.9
siphonal	1.4
siphoned	2.4
siphonic	0.0
siphons	2.1
siping	1.4
sipped	2.7
sipper	1.6
sippers	1.5
sippet	0.0
sippets	0.0
sipping	3.3
sips	3.0
sir	5.1
sirdar	1.6
sirdars	0.0
sire	3.4
sired	2.6
siree	1.7
sirees	0.0
siren	3.5
sirenian	0.0
sirens	3.4
sires	2.5
siring	1.8
sirloin	2.5
sirloins	1.1
sirocco	1.9
siroccos	0.0
sirra	0.0
sirrah	1.7
sirrahs	0.0
sirras	0.0
sirree	1.3
sirrees	0.0
sirs	2.7
sirup	1.3
sirups	0.0
sirupy	0.0
sirvente	0.0
sis	3.6
sisal	2.2
sisals	0.0
sises	0.0
siskin	1.7
siskins	1.6
sissier	0.0
sissies	2.4
sissiest	0.0
sissy	3.2
sissyish	0.0
sister	5.0
sistered	0.0
sisterly	2.3
sisters	4.4
sistra	0.0
sistroid	0.0
sistrum	1.1
sistrums	0.0
sit	4.9
sitar	2.4
sitarist	0.0
sitars	1.1
sitcom	3.5
sitcoms	2.9
site	5.2
sited	2.8
sites	4.7
sith	3.0
sithence	0.0
sithens	0.0
siting	2.7
sitology	0.0
sits	4.2
sitten	1.4
sitter	3.2
sitters	2.7
sitting	4.9
sittings	2.5
situate	2.4
situated	4.2
situates	2.0
situp	0.0
situps	1.6
situs	2.0
situses	0.0
sitzmark	0.0
siver	1.8
sivers	1.2
six	5.3
sixes	2.9
sixfold	2.0
sixmo	0.0
sixmos	0.0
sixpence	2.7
sixpenny	1.6
sixte	1.1
sixteen	4.0
sixteens	1.4
sixtes	0.0
sixth	4.4
sixthly	1.1
sixths	1.9
sixties	3.4
sixtieth	2.1
sixty	3.9
sixtyish	0.0
sizable	3.4
sizably	0.0
sizar	1.1
sizars	0.0
size	5.1
sizeable	3.2
sizeably	0.0
sized	4.3
sizer	1.9
sizers	1.3
sizes	4.2
sizier	0.0
siziest	0.0
siziness	0.0
sizing	3.2
sizings	1.1
sizy	0.0
sizzle	2.8
sizzled	1.9
sizzler	2.2
sizzlers	1.3
sizzles	2.3
sizzling	3.1
sjambok	1.1
sjamboks	0.0
ska	3.0
skag	1.6
skags	1.1
skald	1.6
skaldic	1.2
skalds	1.2
skas	0.0
skat	1.8
skate	3.7
skated	2.8
skater	3.3
skaters	3.1
skates	3.3
skating	3.8
skatings	0.0
skatol	0.0
skatole	1.1
skatoles	0.0
skatols	0.0
skats	0.0
skean	0.0
skeane	0.0
skeanes	0.0
skeans	0.0
skee	2.1
skeed	0.0
skeeing	0.0
skeen	2.0
skeens	0.0
skees	1.2
skeet	2.7
skeeter	2.5
skeeters	1.9
skeets	1.8
skeg	1.4
skegs	0.0
skeigh	0.0
skein	2.3
skeined	0.0
skeining	0.0
skeins	2.1
skeletal	3.4
skeleton	3.8
skellum	0.0
skellums	0.0
skelm	0.0
skelms	0.0
skelp	1.2
skelped	0.0
skelping	0.0
skelpit	0.0
skelps	0.0
skelter	2.5
skelters	0.0
skene	2.1
skenes	0.0
skep	1.4
skeps	0.0
skepsis	0.0
skeptic	2.9
skeptics	3.1
skerries	1.9
skerry	1.6
sketch	4.0
sketched	3.0
sketcher	1.6
sketches	3.7
sketchy	3.2
skew	3.0
skewback	0.0
skewbald	0.0
skewed	3.2
skewer	2.7
skewered	2.4
skewers	2.7
skewing	2.4
skewness	1.8
skews	2.3
ski	4.1
skiable	1.6
skiagram	0.0
skibob	0.0
skibobs	0.0
skid	3.3
skidded	2.5
skidder	1.2
skidders	1.1
skiddier	0.0
skidding	2.5
skiddoo	0.0
skiddoos	0.0
skiddy	1.3
skidoo	1.8
skidooed	0.0
skidoos	0.0
skids	2.7
skidway	0.0
skidways	0.0
skied	2.5
skier	3.2
skiers	3.2
skies	3.9
skiey	0.0
skiff	2.6
skiffle	1.9
skiffled	0.0
skiffles	0.0
skiffs	2.0
skiing	3.8
skiings	0.0
skijorer	0.0
skilful	2.9
skill	4.4
skilled	4.1
skilless	0.0
skillet	3.1
skillets	1.9
skillful	3.1
skilling	2.3
skills	4.8
skim	3.2
skimmed	2.9
skimmer	2.4
skimmers	2.2
skimming	3.0
skimo	1.1
skimos	0.0
skimp	2.5
skimped	1.8
skimpier	1.3
skimpily	1.4
skimping	2.0
skimps	1.2
skimpy	2.8
skims	2.1
skin	4.9
skinful	1.1
skinfuls	0.0
skinhead	2.7
skink	2.1
skinked	0.0
skinker	1.3
skinkers	0.0
skinking	0.0
skinks	1.8
skinless	2.3
skinlike	0.0
skinned	3.5
skinner	3.5
skinners	1.9
skinnier	2.5
skinning	2.5
skinny	4.0
skins	3.8
skint	2.4
skioring	0.0
skip	4.2
skipjack	2.0
skiplane	0.0
skipped	3.7
skipper	3.5
skippers	2.5
skippet	0.0
skippets	0.0
skipping	3.6
skips	3.1
skirl	1.3
skirled	0.0
skirling	1.2
skirls	0.0
skirmish	3.1
skirr	0.0
skirred	0.0
skirret	0.0
skirrets	0.0
skirring	0.0
skirrs	0.0
skirt	4.0
skirted	2.6
skirter	0.0
skirters	0.0
skirting	2.8
skirts	3.6
skis	3.2
skit	3.1
skite	1.0
skited	0.0
skites	0.0
skiting	0.0
skits	2.9
skitter	2.0
skitters	1.5
skittery	0.0
skittish	2.6
skittle	2.0
skittles	2.8
skive	1.6
skived	1.0
skiver	1.3
skivers	1.1
skives	0.0
skiving	1.7
skivvied	0.0
skivvies	1.8
skivvy	1.5
skiwear	1.1
sklent	0.0
sklented	0.0
sklents	0.0
skoal	1.8
skoaled	0.0
skoaling	0.0
skoals	0.0
skookum	1.6
skosh	0.0
skoshes	0.0
skreegh	0.0
skreeghs	0.0
skreigh	0.0
skreighs	0.0
skua	1.8
skuas	1.6
skulk	1.9
skulked	1.4
skulker	1.4
skulkers	0.0
skulking	2.2
skulks	1.4
skull	4.1
skullcap	2.1
skulled	1.7
skulls	3.4
skunk	3.1
skunked	1.8
skunking	0.0
skunks	2.5
sky	4.7
skyborne	0.0
skybox	2.4
skyboxes	1.4
skycap	1.0
skycaps	0.0
skydive	2.6
skydived	1.3
skydiver	2.3
skydives	1.4
skydove	0.0
skyed	0.0
skyey	0.0
skyhook	1.8
skyhooks	1.5
skying	1.5
skyjack	0.0
skyjacks	0.0
skylark	2.5
skylarks	1.7
skylight	2.8
skyline	3.5
skylines	2.4
skylit	1.4
skyman	0.0
skymen	0.0
skyphoi	0.0
skyphos	0.0
skysail	0.0
skysails	0.0
skywalk	2.1
skywalks	1.1
skyward	2.7
skywards	1.8
skyway	2.5
skyways	1.6
skywrite	0.0
skywrote	0.0
slab	3.5
slabbed	1.6
slabber	1.1
slabbers	0.0
slabbery	0.0
slabbing	1.1
slablike	0.0
slabs	3.2
slack	3.7
slacked	2.1
slacken	2.0
slackens	1.4
slacker	2.8
slackers	2.4
slackest	0.0
slacking	2.8
slackly	0.0
slacks	2.9
slag	3.2
slagged	1.8
slaggier	0.0
slagging	2.3
slaggy	1.1
slags	2.4
slain	3.5
slainte	1.4
slakable	0.0
slake	2.0
slaked	1.8
slaker	0.0
slakers	0.0
slakes	0.0
slaking	1.8
slalom	3.1
slalomed	0.0
slaloms	1.4
slam	4.0
slammed	3.6
slammer	2.3
slammers	1.9
slamming	3.4
slams	3.6
slander	3.3
slanders	2.3
slang	3.5
slanged	0.0
slangier	0.0
slangily	0.0
slanging	1.9
slangs	1.5
slangy	1.5
slank	1.4
slant	3.2
slanted	2.9
slanting	2.2
slants	2.2
slanty	1.5
slap	4.0
slapdash	2.0
slapjack	0.0
slapped	3.7
slapper	2.3
slappers	1.8
slapping	3.4
slaps	3.2
slash	3.6
slashed	3.2
slasher	2.9
slashers	1.9
slashes	2.8
slashing	3.1
slat	2.4
slatch	0.0
slatches	0.0
slate	3.8
slated	3.4
slater	3.5
slaters	1.8
slates	2.6
slatey	0.0
slather	2.2
slathers	1.1
slatier	0.0
slatiest	0.0
slating	2.0
slatings	0.0
slats	2.7
slatted	2.0
slattern	1.5
slatting	0.0
slaty	2.0
slave	4.3
slaved	2.2
slaver	2.4
slavered	0.0
slaverer	0.0
slavers	2.5
slavery	4.2
slaves	4.2
slavey	1.3
slaveys	0.0
slaving	2.5
slavish	2.2
slaw	2.6
slaws	0.0
slay	3.4
slayed	2.5
slayer	3.5
slayers	2.6
slaying	3.3
slays	2.5
sleave	1.1
sleaved	0.0
sleaves	0.0
sleaving	0.0
sleaze	2.6
sleazes	0.0
sleazier	1.3
sleazily	0.0
sleazo	0.0
sleazy	3.0
sled	3.2
sledded	0.0
sledder	0.0
sledders	1.1
sledding	2.6
sledge	3.1
sledged	1.2
sledges	2.2
sledging	2.1
sleds	2.6
sleek	3.3
sleeked	0.0
sleeken	0.0
sleekens	0.0
sleeker	2.2
sleekest	1.5
sleekier	0.0
sleeking	0.0
sleekit	0.0
sleekly	1.5
sleeks	0.0
sleeky	0.0
sleep	5.0
sleeper	3.5
sleepers	3.0
sleepier	1.6
sleepily	2.0
sleeping	4.6
sleeps	3.7
sleepy	3.7
sleet	2.8
sleeted	0.0
sleetier	0.0
sleeting	1.3
sleets	0.0
sleety	1.1
sleeve	3.9
sleeved	2.9
sleeves	3.7
sleeving	1.7
sleigh	3.0
sleighed	0.0
sleigher	0.0
sleighs	1.8
sleight	2.8
sleights	1.7
slender	3.6
slept	4.2
sleuth	2.6
sleuthed	0.0
sleuths	2.2
slew	3.3
slewed	1.3
slewing	1.7
slews	1.1
slice	4.0
sliced	3.6
slicer	2.5
slicers	1.8
slices	3.6
slicing	3.1
slick	3.7
slicked	2.4
slicker	2.5
slickers	2.0
slickest	1.9
slicking	1.5
slickly	1.8
slicks	2.4
slid	3.5
slidable	1.3
slidden	0.0
slide	4.3
slider	3.2
sliders	3.0
slides	3.8
slideway	0.0
sliding	3.9
slier	1.1
sliest	0.0
slight	4.2
slighted	2.5
slighter	1.8
slightly	4.8
slights	2.3
slily	0.0
slim	4.0
slime	3.4
slimed	1.9
slimes	2.2
slimier	0.0
slimiest	1.2
slimily	0.0
sliming	1.5
slimly	0.0
slimmed	2.3
slimmer	2.9
slimmers	1.3
slimmest	2.1
slimming	2.9
slimness	1.6
slimpsy	0.0
slims	2.2
slimsier	0.0
slimsy	0.0
slimy	3.1
sling	3.3
slinger	2.4
slingers	2.1
slinging	2.8
slings	2.7
slink	2.4
slinked	1.5
slinkier	0.0
slinkily	0.0
slinking	2.0
slinks	1.8
slinky	2.7
slip	4.3
slipcase	1.9
slipe	0.0
sliped	0.0
slipes	0.0
slipform	0.0
sliping	0.0
slipknot	2.7
slipless	0.0
slipout	0.0
slipouts	0.0
slipover	0.0
slippage	2.6
slipped	4.0
slipper	3.1
slippers	3.4
slippery	3.6
slippier	0.0
slipping	3.7
slippy	2.3
slips	3.6
slipshod	1.9
slipslop	0.0
slipsole	0.0
slipt	0.0
slipup	1.1
slipups	1.1
slipware	1.1
slipway	2.1
slipways	1.6
slit	3.5
slither	2.5
slithers	2.0
slithery	1.7
slitless	0.0
slits	2.9
slitted	1.4
slitter	1.3
slitters	0.0
slitting	2.5
sliver	3.0
slivered	1.7
sliverer	0.0
slivers	2.4
slivovic	0.0
slob	2.8
slobber	2.2
slobbers	1.4
slobbery	1.8
slobbier	0.0
slobbish	0.0
slobby	1.2
slobs	2.2
sloe	2.1
sloes	1.4
slog	2.9
slogan	3.7
slogans	3.3
slogged	1.9
slogger	1.1
sloggers	0.0
slogging	2.3
slogs	1.6
sloid	0.0
sloids	0.0
slojd	0.0
slojds	0.0
sloop	2.8
sloops	2.1
slop	2.7
slope	3.9
sloped	2.8
sloper	1.9
slopers	1.0
slopes	3.8
sloping	3.1
slopped	1.7
sloppier	1.6
sloppily	2.1
slopping	1.8
sloppy	3.6
slops	1.9
slopwork	0.0
slosh	2.1
sloshed	2.2
sloshes	1.4
sloshier	0.0
sloshing	2.4
sloshy	1.2
slot	4.1
slotback	1.3
sloth	3.1
slothful	1.9
sloths	2.7
slots	3.8
slotted	3.1
slotting	2.4
slouch	2.7
slouched	2.0
sloucher	0.0
slouches	1.9
slouchy	2.2
slough	3.1
sloughed	1.8
sloughs	1.9
sloughy	0.0
sloven	1.1
slovenly	2.2
slovens	0.0
slow	4.8
slowdown	3.1
slowed	3.7
slower	4.0
slowest	3.1
slowing	3.7
slowish	1.2
slowly	4.6
slowness	2.6
slowpoke	2.3
slows	3.4
slowworm	0.0
sloyd	1.2
sloyds	0.0
slub	1.6
slubbed	0.0
slubber	0.0
slubbers	0.0
slubbing	0.0
slubs	0.0
sludge	3.2
sludges	1.4
sludgier	0.0
sludgy	1.8
slue	1.3
slued	0.0
slues	0.0
sluff	1.0
sluffed	0.0
sluffing	0.0
sluffs	0.0
slug	3.3
slugabed	0.0
slugfest	2.1
sluggard	1.4
slugged	2.4
slugger	2.8
sluggers	2.0
slugging	2.7
sluggish	3.2
slugs	3.0
sluice	2.6
sluiced	1.3
sluices	2.0
sluicing	1.8
sluicy	0.0
sluing	0.0
slum	3.2
slumber	3.2
slumbers	2.1
slumbery	0.0
slumgum	0.0
slumgums	0.0
slumism	0.0
slumisms	0.0
slumlord	1.8
slummed	0.0
slummer	0.0
slummers	0.0
slummier	0.0
slumming	2.1
slummy	1.3
slump	3.4
slumped	3.0
slumping	2.5
slumps	2.5
slums	3.2
slung	2.9
slunk	2.0
slur	3.2
slurb	0.0
slurban	0.0
slurbs	0.0
slurp	2.6
slurped	1.9
slurping	2.5
slurps	1.9
slurred	2.6
slurried	0.0
slurries	1.8
slurring	2.4
slurry	3.0
slurs	3.1
slush	3.0
slushed	0.0
slushes	0.0
slushier	0.0
slushily	0.0
slushing	0.0
slushy	2.4
slut	3.8
sluts	3.2
sluttier	1.5
sluttish	1.4
slutty	3.1
sly	3.4
slyboots	0.0
slyer	0.0
slyest	0.0
slyly	2.5
slyness	1.3
slype	0.0
slypes	0.0
smack	3.6
smacked	3.2
smacker	1.4
smackers	1.4
smacking	3.0
smacks	3.0
small	5.5
smallage	0.0
smaller	4.8
smallest	4.0
smallish	2.5
smallpox	3.3
smalls	2.9
smalt	0.0
smalti	0.0
smaltine	0.0
smaltite	0.0
smalto	0.0
smaltos	0.0
smalts	0.0
smaragd	0.0
smaragde	0.0
smaragds	0.0
smarm	1.4
smarmier	0.0
smarmily	0.0
smarms	0.0
smarmy	2.2
smart	4.8
smartass	2.6
smarted	1.7
smarten	2.1
smartens	0.0
smarter	3.9
smartest	3.5
smartie	1.6
smarties	2.3
smarting	2.3
smartly	2.9
smarts	3.0
smarty	2.5
smash	4.1
smashed	3.8
smasher	2.3
smashers	1.9
smashes	3.0
smashing	3.7
smashup	1.3
smashups	0.0
smatter	1.2
smatters	0.0
smaze	0.0
smazes	0.0
smear	3.5
smeared	3.1
smearer	0.0
smearers	0.0
smearier	0.0
smearing	2.8
smears	2.9
smeary	1.4
smectic	1.7
smectite	1.6
smeddum	0.0
smeddums	0.0
smeek	0.0
smeeked	0.0
smeeking	0.0
smeeks	0.0
smegma	1.8
smegmas	0.0
smell	4.5
smelled	3.5
smeller	1.3
smellers	0.0
smellier	1.3
smelling	3.6
smells	4.0
smelly	3.3
smelt	3.0
smelted	2.1
smelter	2.9
smelters	2.5
smeltery	1.2
smelting	2.9
smelts	1.5
smerk	0.0
smerked	0.0
smerking	0.0
smerks	0.0
smew	1.1
smews	0.0
smidge	2.4
smidgen	2.3
smidgens	0.0
smidgeon	1.5
smidges	0.0
smidgin	0.0
smidgins	0.0
smilax	1.5
smilaxes	0.0
smile	4.6
smiled	3.9
smiler	2.1
smilers	1.5
smiles	3.9
smiley	3.4
smiling	4.2
smirch	1.2
smirched	0.0
smirches	0.0
smirk	3.0
smirked	2.6
smirker	0.0
smirkers	0.0
smirkier	0.0
smirking	2.7
smirks	2.3
smirky	1.4
smit	2.5
smite	2.9
smiter	1.2
smiters	0.0
smites	1.7
smith	4.9
smithers	2.6
smithery	0.0
smithies	2.0
smiths	3.2
smithy	2.5
smiting	2.0
smitten	3.0
smock	2.6
smocked	1.6
smocking	1.5
smocks	1.8
smog	3.0
smoggier	0.0
smoggy	1.8
smogless	0.0
smogs	0.0
smokable	1.2
smoke	4.7
smoked	3.9
smokepot	0.0
smoker	3.4
smokers	3.5
smokes	3.5
smokey	3.3
smokier	1.3
smokiest	0.0
smokily	0.0
smoking	4.5
smoky	3.3
smolder	2.0
smolders	1.6
smolt	1.5
smolts	1.5
smooch	2.5
smooched	1.4
smooches	2.3
smoochy	1.6
smooth	4.4
smoothed	2.9
smoothen	1.5
smoother	3.4
smoothes	1.8
smoothie	3.2
smoothly	3.7
smooths	2.2
smoothy	1.6
smote	2.3
smother	2.9
smothers	2.3
smothery	0.0
smoulder	1.7
smudge	2.8
smudged	2.6
smudges	2.4
smudgier	0.0
smudgily	0.0
smudging	2.1
smudgy	1.8
smug	3.3
smugger	0.0
smuggest	1.3
smuggle	3.1
smuggled	3.2
smuggler	3.0
smuggles	1.9
smugly	2.4
smugness	2.3
smut	2.9
smutch	0.0
smutched	0.0
smutches	0.0
smutchy	0.0
smuts	2.4
smutted	0.0
smuttier	0.0
smuttily	0.0
smutting	0.0
smutty	2.2
snack	3.9
snacked	1.8
snacking	2.8
snacks	3.9
snaffle	2.0
snaffled	1.1
snaffles	1.1
snafu	2.5
snafued	0.0
snafuing	0.0
snafus	1.7
snag	3.3
snagged	2.9
snaggier	0.0
snagging	2.5
snaggy	0.0
snaglike	0.0
snags	2.6
snail	3.7
snailed	0.0
snailing	0.0
snails	3.3
snake	4.2
snakebit	1.2
snaked	2.4
snakes	3.9
snakey	1.7
snakier	0.0
snakiest	0.0
snakily	0.0
snaking	2.4
snaky	1.7
snap	4.2
snapback	2.2
snapless	0.0
snapped	3.8
snapper	3.0
snappers	2.4
snappier	1.7
snappily	1.3
snapping	3.5
snappish	1.3
snappy	3.0
snaps	3.7
snapshot	3.4
snapweed	0.0
snare	3.2
snared	2.3
snarer	0.0
snarers	0.0
snares	2.7
snaring	1.9
snark	2.6
snarkier	0.0
snarks	1.6
snarky	2.8
snarl	2.6
snarled	2.5
snarler	0.0
snarlers	0.0
snarlier	0.0
snarling	2.7
snarls	2.4
snarly	1.5
snash	0.0
snashes	0.0
snatch	3.5
snatched	3.5
snatcher	2.4
snatches	2.7
snatchy	0.0
snath	0.0
snathe	0.0
snathes	0.0
snaths	0.0
snaw	0.0
snawed	0.0
snawing	0.0
snaws	0.0
snazzier	1.1
snazzy	2.6
sneak	4.0
sneaked	2.8
sneaker	3.0
sneakers	3.5
sneakier	1.6
sneakily	2.3
sneaking	3.4
sneaks	3.0
sneaky	3.5
sneap	0.0
sneaped	0.0
sneaping	0.0
sneaps	0.0
sneck	0.0
snecks	0.0
sned	1.2
snedded	0.0
snedding	0.0
sneds	0.0
sneer	2.7
sneered	2.4
sneerer	0.0
sneerers	0.0
sneerful	0.0
sneering	2.5
sneers	2.1
sneesh	0.0
sneeshes	0.0
sneeze	3.2
sneezed	2.7
sneezer	1.2
sneezers	0.0
sneezes	2.8
sneezier	0.0
sneezing	3.0
sneezy	1.8
snell	2.9
snelled	0.0
sneller	1.1
snellest	0.0
snelling	2.5
snells	1.2
snib	0.0
snibbed	0.0
snibbing	0.0
snibs	0.0
snick	1.7
snicked	0.0
snicker	2.5
snickers	3.0
snickery	0.0
snicking	0.0
snicks	0.0
snide	2.6
snidely	1.8
snider	2.6
snidest	0.0
sniff	3.4
sniffed	2.9
sniffer	2.6
sniffers	1.9
sniffier	0.0
sniffily	1.2
sniffing	3.2
sniffish	0.0
sniffle	2.2
sniffled	1.6
sniffler	0.0
sniffles	2.4
sniffs	2.6
sniffy	1.8
snifter	1.7
snifters	1.1
snigger	2.0
sniggers	1.7
sniggle	0.0
sniggled	0.0
sniggler	0.0
sniggles	0.0
snip	2.8
snipe	3.0
sniped	2.1
sniper	3.7
snipers	3.2
snipes	2.6
sniping	2.9
snipped	2.4
snipper	1.4
snippers	1.2
snippet	3.1
snippets	3.1
snippety	1.0
snippier	0.0
snippily	0.0
snipping	2.2
snippy	2.2
snips	2.2
snit	1.8
snitch	3.1
snitched	2.3
snitcher	0.0
snitches	2.5
snits	0.0
snivel	1.4
sniveled	0.0
sniveler	0.0
snivels	0.0
snob	3.0
snobbery	2.5
snobbier	0.0
snobbily	0.0
snobbish	2.5
snobbism	0.0
snobby	2.5
snobs	2.6
snog	2.1
snogged	1.4
snogging	2.0
snogs	1.2
snood	1.8
snooded	0.0
snooding	0.0
snoods	1.2
snook	2.5
snooked	0.0
snooker	3.0
snookers	1.3
snooking	0.0
snooks	1.8
snool	0.0
snooled	0.0
snooling	0.0
snools	0.0
snoop	3.4
snooped	2.0
snooper	1.7
snoopers	1.8
snoopier	0.0
snoopily	0.0
snooping	3.0
snoops	2.1
snoopy	2.8
snoot	1.9
snooted	0.0
snootier	0.0
snootily	0.0
snooting	0.0
snoots	1.2
snooty	2.5
snooze	3.0
snoozed	1.7
snoozer	1.7
snoozers	1.1
snoozes	1.4
snoozier	0.0
snoozing	2.4
snoozle	0.0
snoozled	0.0
snoozles	0.0
snoozy	1.4
snore	2.8
snored	2.0
snorer	1.5
snorers	1.4
snores	2.5
snoring	3.3
snorkel	2.7
snorkels	1.9
snort	3.0
snorted	2.9
snorter	1.4
snorters	0.0
snorting	3.0
snorts	2.5
snot	2.9
snots	1.3
snottier	0.0
snottily	0.0
snotty	2.5
snout	3.1
snouted	1.6
snoutier	0.0
snouting	0.0
snoutish	0.0
snouts	2.2
snouty	0.0
snow	4.7
snowball	3.2
snowbank	1.9
snowbell	1.2
snowbelt	0.0
snowbird	2.2
snowbush	0.0
snowcap	1.3
snowcaps	1.0
snowdrop	2.2
snowed	2.9
snowfall	3.2
snowier	1.2
snowiest	1.8
snowily	0.0
snowing	3.1
snowland	0.0
snowless	1.3
snowlike	0.0
snowman	3.2
snowmelt	2.2
snowmen	2.4
snowmold	0.0
snowpack	2.3
snowplow	2.2
snows	3.0
snowshed	0.0
snowshoe	2.4
snowsuit	1.6
snowy	3.5
snub	2.9
snubbed	2.8
snubber	1.2
snubbers	0.0
snubbier	0.0
snubbing	2.2
snubby	0.0
snubness	0.0
snubs	2.3
snuck	3.3
snuff	3.1
snuffbox	1.5
snuffed	2.6
snuffer	1.5
snuffers	1.1
snuffier	0.0
snuffily	0.0
snuffing	2.0
snuffle	1.6
snuffled	0.0
snuffler	0.0
snuffles	1.7
snuffly	0.0
snuffs	1.7
snuffy	1.9
snug	3.1
snugged	1.3
snugger	1.1
snuggery	0.0
snuggest	0.0
snuggies	1.2
snugging	0.0
snuggle	3.0
snuggled	2.7
snuggles	2.5
snugly	2.5
snugness	1.0
snugs	1.4
snye	0.0
snyes	0.0
soak	3.6
soakage	0.0
soakages	0.0
soaked	3.7
soaker	2.2
soakers	1.6
soaking	3.4
soaks	2.6
soap	4.2
soapbark	0.0
soapbox	2.5
soaped	1.6
soaper	1.1
soapers	0.0
soapier	0.0
soapiest	0.0
soapily	0.0
soaping	1.7
soapless	0.0
soaplike	0.0
soaps	3.2
soapsuds	1.1
soapwort	1.0
soapy	2.8
soar	3.4
soared	3.1
soarer	1.1
soarers	0.0
soaring	3.4
soarings	0.0
soars	2.9
soave	1.7
soaves	0.0
sob	3.3
sobbed	2.8
sobber	0.0
sobbers	0.0
sobbing	3.5
sobeit	0.0
sober	3.9
sobered	2.4
soberer	0.0
soberest	0.0
sobering	2.9
soberize	0.0
soberly	2.2
sobers	2.1
sobful	0.0
sobriety	3.2
sobs	3.2
socage	1.3
socager	0.0
socagers	0.0
socages	0.0
soccage	0.0
soccages	0.0
soccer	4.5
soccers	0.0
sociable	3.0
sociably	1.5
social	5.4
socially	4.0
socials	2.4
societal	3.6
society	5.2
sock	3.6
socked	2.3
socket	3.5
socketed	1.8
sockets	3.2
sockeye	2.3
sockeyes	0.0
socking	1.8
sockless	1.4
sockman	0.0
sockmen	0.0
socko	1.4
socks	4.0
socle	1.4
socles	0.0
socman	0.0
socmen	0.0
sod	3.2
soda	4.0
sodaless	0.0
sodalist	0.0
sodalite	1.7
sodality	1.7
sodamide	0.0
sodas	2.9
sodded	1.3
sodden	2.4
soddened	0.0
soddenly	0.0
soddens	0.0
soddies	0.0
sodding	2.1
soddy	1.8
sodic	1.3
sodium	3.9
sodiums	0.0
sodom	2.9
sodomies	0.0
sodomist	0.0
sodomite	1.9
sodomize	1.6
sodoms	0.0
sodomy	3.0
sods	2.3
soever	1.7
sofa	3.8
sofar	1.9
sofars	0.0
sofas	2.9
soffit	1.9
soffits	1.6
soft	4.7
softa	0.0
softas	0.0
softback	1.3
softball	3.7
soften	3.4
softened	3.2
softener	2.5
softens	2.7
softer	3.5
softest	2.8
softhead	0.0
softie	2.4
softies	2.0
softish	1.1
softly	3.8
softness	3.0
softs	1.8
software	4.8
softwood	2.3
softy	2.2
sogged	0.0
soggier	0.0
soggiest	0.0
soggily	0.0
soggy	3.1
soigne	0.0
soignee	0.0
soil	4.4
soilage	0.0
soilages	0.0
soiled	3.0
soiling	2.4
soilless	1.2
soils	3.6
soilure	0.0
soilures	0.0
soiree	2.5
soirees	2.0
soja	2.0
sojas	0.0
sojourn	2.8
sojourns	1.9
soke	2.0
sokeman	0.0
sokemen	0.0
sokes	0.0
sokol	2.2
sokols	0.0
sol	3.7
sola	2.7
solace	3.3
solaced	0.0
solacer	0.0
solacers	0.0
solaces	0.0
solacing	0.0
solan	1.9
soland	0.0
solander	1.7
solands	0.0
solanin	0.0
solanine	1.4
solanins	0.0
solano	2.7
solanos	0.0
solans	0.0
solanum	2.2
solanums	0.0
solar	4.5
solaria	1.6
solarise	0.0
solarism	0.0
solarium	2.2
solarize	0.0
solate	0.0
solated	0.0
solates	0.0
solatia	0.0
solating	0.0
solation	0.0
solatium	0.0
sold	5.0
soldan	1.4
soldans	0.0
solder	3.1
soldered	2.7
solderer	0.0
solders	2.2
soldi	1.7
soldier	4.5
soldiers	4.7
soldiery	2.0
soldo	1.7
sole	4.3
solecise	0.0
solecism	1.1
solecist	0.0
solecize	0.0
soled	2.3
solei	0.0
soleless	0.0
solely	4.2
solemn	3.4
solemner	0.0
solemnly	3.0
soleness	0.0
solenoid	2.7
soleret	0.0
solerets	0.0
soles	3.2
soleus	1.7
solfege	1.4
solfeges	0.0
solfeggi	0.0
solgel	0.0
soli	2.4
solicit	3.1
solicits	2.3
solid	4.7
solidago	1.7
solidary	1.5
solider	2.6
solidest	0.0
solidi	1.5
solidify	3.0
solidity	2.6
solidly	3.1
solids	3.3
solidus	2.0
soling	1.4
solion	0.0
solions	0.0
soliquid	0.0
solitary	3.7
soliton	2.0
solitons	2.0
solitude	3.4
solleret	0.0
solo	4.6
soloed	1.9
soloing	2.3
soloist	3.0
soloists	2.8
solon	2.7
solonets	0.0
solonetz	0.0
solons	1.4
solos	3.3
sols	2.1
solstice	3.1
soluble	3.4
solubles	1.2
solubly	0.0
solum	1.8
solums	0.0
solus	2.3
solute	2.6
solutes	2.2
solution	4.8
solvable	2.6
solvate	1.3
solvated	1.5
solvates	0.0
solve	4.4
solved	4.1
solvency	2.7
solvent	3.4
solvents	3.1
solver	2.8
solvers	2.6
solves	3.3
solving	4.0
soma	3.2
somas	1.3
somata	1.1
somatic	2.9
somber	3.0
somberly	1.8
sombre	2.8
sombrely	1.3
sombrero	2.6
sombrous	0.0
some	6.2
somebody	4.8
someday	4.0
somedeal	0.0
somehow	4.5
someone	5.6
someones	3.2
somerset	3.8
sometime	4.2
someway	2.5
someways	1.2
somewhat	4.5
somewhen	1.2
somewise	0.0
somital	0.0
somite	1.4
somites	1.6
somitic	0.0
son	5.3
sonance	0.0
sonances	0.0
sonant	0.0
sonantal	0.0
sonantic	0.0
sonants	0.0
sonar	3.3
sonarman	0.0
sonarmen	0.0
sonars	1.8
sonata	3.1
sonatas	2.6
sonatina	1.6
sonatine	1.2
sonde	1.4
sonder	1.9
sonders	1.1
sondes	1.4
sone	2.6
sones	1.9
song	5.3
songbird	2.7
songbook	2.5
songfest	1.3
songful	0.0
songless	0.0
songlike	0.0
songs	4.8
songster	1.8
sonhood	0.0
sonhoods	0.0
sonic	3.9
sonicate	0.0
sonics	2.5
sonless	0.0
sonlike	0.0
sonly	0.0
sonnet	3.0
sonneted	0.0
sonnets	2.9
sonnies	0.0
sonny	3.6
sonobuoy	1.2
sonogram	2.2
sonorant	1.3
sonority	2.0
sonorous	2.3
sonovox	0.0
sons	4.5
sonship	1.8
sonships	0.0
sonsie	1.0
sonsier	0.0
sonsiest	0.0
sonsy	0.0
soochong	0.0
sooey	0.0
sook	2.6
sooks	1.1
soon	5.3
sooner	4.2
sooners	2.8
soonest	2.4
soot	3.0
sooted	0.0
sooth	2.4
soothe	3.2
soothed	2.5
soother	1.7
soothers	1.3
soothes	2.6
soothest	0.0
soothing	3.5
soothly	0.0
sooths	0.0
soothsay	0.0
sootier	0.0
sootiest	0.0
sootily	0.0
sooting	1.0
soots	1.1
sooty	2.5
sop	2.9
soph	2.5
sophies	1.1
sophism	1.3
sophisms	0.0
sophist	2.0
sophists	1.9
sophs	1.3
sophy	2.1
sopite	0.0
sopited	0.0
sopites	0.0
sopiting	0.0
sopor	1.3
sopors	0.0
sopped	1.2
soppier	0.0
soppiest	0.0
sopping	2.1
soppy	2.3
soprani	0.0
soprano	3.3
sopranos	3.0
sops	2.2
sora	3.0
soras	1.2
sorb	1.4
sorbable	0.0
sorbate	1.6
sorbates	0.0
sorbed	1.3
sorbent	1.8
sorbents	1.4
sorbet	2.6
sorbets	1.7
sorbic	1.4
sorbing	0.0
sorbitol	2.1
sorbose	0.0
sorboses	0.0
sorbs	1.2
sorcerer	3.1
sorcery	3.1
sord	1.3
sordid	3.0
sordidly	0.0
sordine	0.0
sordines	0.0
sordini	0.0
sordino	0.0
sordor	0.0
sordors	0.0
sords	0.0
sore	4.0
sorehead	0.0
sorel	2.3
sorels	1.0
sorely	3.2
soreness	3.0
sorer	1.4
sores	3.0
sorest	1.6
sorgho	0.0
sorghos	0.0
sorghum	2.8
sorghums	0.0
sorgo	0.0
sorgos	0.0
sori	2.2
soricine	0.0
soring	1.4
sorings	0.0
sorites	1.3
soritic	0.0
sorn	1.9
sorned	0.0
sorner	0.0
sorners	0.0
sorning	0.0
sorns	0.0
soroche	0.0
soroches	0.0
sororal	1.1
sororate	0.0
sorority	3.3
soroses	0.0
sorosis	1.1
sorption	2.2
sorptive	0.0
sorrel	2.6
sorrels	1.3
sorrier	1.5
sorriest	1.6
sorrily	0.0
sorrow	3.7
sorrowed	1.1
sorrower	0.0
sorrows	3.2
sorry	5.2
sort	5.0
sortable	1.9
sortably	0.0
sorted	3.8
sorter	2.3
sorters	1.9
sortie	2.6
sortied	1.1
sorties	2.7
sorting	3.6
sorts	4.2
sorus	0.0
sos	3.4
sot	2.7
soth	1.8
soths	0.0
sotol	0.0
sotols	0.0
sots	1.8
sotted	0.0
sottish	0.0
sou	2.8
souari	0.0
souaris	0.0
soubise	1.4
soubises	0.0
soucar	0.0
soucars	0.0
souchong	1.6
soudan	1.9
soudans	0.0
souffle	2.3
souffled	0.0
souffles	1.5
sough	1.6
soughed	0.0
soughing	0.0
soughs	0.0
sought	4.5
souk	2.4
souks	1.9
soul	4.8
souled	2.1
soulful	3.1
soulless	2.9
soullike	0.0
souls	4.2
sound	5.2
soundbox	1.3
sounded	4.1
sounder	2.5
sounders	2.8
soundest	1.7
sounding	3.9
soundly	3.0
soundman	1.7
soundmen	0.0
sounds	5.0
soup	4.2
soupcon	1.2
soupcons	0.0
souped	2.3
soupier	0.0
soupiest	0.0
souping	1.1
soups	3.1
soupy	2.3
sour	3.9
sourball	0.0
source	5.2
sourced	3.5
sources	4.8
sourcing	3.3
sourdine	0.0
soured	2.8
sourer	1.1
sourest	1.3
souring	2.2
sourish	0.0
sourly	1.6
sourness	2.0
sourpuss	1.7
sours	2.4
soursop	1.5
soursops	0.0
sourwood	1.1
sous	3.1
souse	1.7
soused	1.7
souses	0.0
sousing	0.0
soutache	0.0
soutane	1.0
soutanes	0.0
souter	2.4
souters	0.0
south	5.4
southed	0.0
souther	2.1
southern	4.8
southers	0.0
southing	0.0
southpaw	2.6
southron	1.3
souths	2.5
souvenir	3.4
souvlaki	1.9
soviet	4.5
soviets	3.6
sovkhoz	1.2
sovkhozy	0.0
sovran	1.4
sovranly	0.0
sovrans	0.0
sovranty	0.0
sow	3.4
sowable	0.0
sowans	0.0
sowar	0.0
sowars	0.0
sowbelly	0.0
sowbread	0.0
sowcar	0.0
sowcars	0.0
sowed	2.6
sowens	0.0
sower	2.2
sowers	1.9
sowing	3.0
sown	3.0
sows	2.6
sox	3.8
soy	3.6
soya	2.7
soyas	0.0
soybean	3.1
soybeans	3.0
soymilk	1.9
soymilks	0.0
soys	1.1
soyuz	2.9
soyuzes	0.0
sozin	1.4
sozine	0.0
sozines	0.0
sozins	0.0
sozzled	1.4
spa	4.0
space	5.2
spaced	3.4
spaceman	2.5
spacemen	2.0
spacer	2.8
spacers	2.5
spaces	4.3
spacey	3.0
spacial	2.1
spacier	0.0
spaciest	0.0
spacing	3.4
spacings	1.9
spacious	3.4
spackle	1.8
spackled	1.0
spackles	0.0
spacy	1.7
spade	3.3
spaded	1.2
spadeful	0.0
spader	2.2
spaders	0.0
spades	3.1
spadices	0.0
spadille	0.0
spading	1.1
spadix	1.6
spadixes	0.0
spado	0.0
spadones	0.0
spae	0.0
spaed	0.0
spaeing	0.0
spaeings	0.0
spaes	0.0
spaetzle	1.5
spagyric	0.0
spahee	0.0
spahees	0.0
spahi	0.0
spahis	1.0
spail	0.0
spails	0.0
spait	0.0
spaits	0.0
spake	2.5
spale	0.0
spales	0.0
spall	2.2
spalled	0.0
spaller	0.0
spallers	0.0
spalling	1.8
spalls	0.0
spalpeen	0.0
span	4.1
spancel	0.0
spancels	0.0
spandex	2.9
spandrel	1.7
spandril	0.0
spang	1.8
spangle	1.7
spangled	2.9
spangles	1.8
spangly	1.4
spaniel	2.8
spaniels	2.3
spank	3.1
spanked	2.9
spanker	1.6
spankers	1.1
spanking	3.3
spanks	2.1
spanless	0.0
spanned	3.1
spanner	2.6
spanners	2.0
spanning	3.5
spans	3.5
spanworm	0.0
spar	3.1
sparable	0.0
spare	4.3
spared	3.6
sparely	1.3
sparer	1.3
sparerib	0.0
sparers	0.0
spares	3.0
sparest	0.0
sparge	1.4
sparged	0.0
sparger	0.0
spargers	0.0
sparges	0.0
sparging	1.5
sparid	0.0
sparids	0.0
sparing	3.0
spark	4.0
sparked	3.5
sparker	1.1
sparkers	0.0
sparkier	0.0
sparkily	0.0
sparking	3.1
sparkish	0.0
sparkle	3.4
sparkled	2.4
sparkler	2.2
sparkles	2.9
sparkly	3.1
sparks	3.8
sparky	2.9
sparlike	0.0
sparling	1.9
sparoid	0.0
sparoids	0.0
sparred	2.2
sparrier	0.0
sparring	3.1
sparrow	3.5
sparrows	2.9
sparry	0.0
spars	2.5
sparse	3.4
sparsely	3.1
sparser	1.8
sparsest	0.0
sparsity	1.9
spartan	3.4
spas	2.8
spasm	2.8
spasms	3.0
spastic	2.7
spastics	1.7
spat	3.3
spate	2.8
spates	1.4
spathal	0.0
spathe	1.6
spathed	0.0
spathes	1.2
spathic	0.0
spathose	0.0
spatial	3.8
spats	2.5
spatted	0.0
spatter	2.4
spatters	1.7
spatting	0.0
spatula	2.9
spatular	0.0
spatulas	1.9
spatzle	0.0
spavie	0.0
spavies	0.0
spaviet	0.0
spavin	0.0
spavined	0.0
spavins	0.0
spawn	3.4
spawned	3.5
spawner	1.6
spawners	1.9
spawning	3.3
spawns	2.6
spay	2.4
spayed	2.5
spaying	2.0
spays	1.1
spaz	2.4
spazzes	1.3
speak	5.0
speaker	4.5
speakers	4.2
speaking	4.9
speaks	4.4
spean	1.6
speaned	0.0
speaning	0.0
speans	0.0
spear	3.7
speared	2.4
spearer	0.0
spearers	0.0
speargun	1.6
spearing	2.4
spearman	2.5
spearmen	1.9
spears	3.7
spec	3.6
specced	1.5
speccing	0.0
special	5.3
specials	3.7
speciate	0.0
specie	2.4
species	4.8
specific	5.0
specify	3.8
specimen	3.7
specious	2.5
speck	3.0
specked	1.2
specking	0.0
speckle	2.2
speckled	2.8
speckles	2.1
specks	2.7
specs	3.5
spectate	1.8
specter	3.1
specters	2.0
spectra	3.2
spectral	3.5
spectre	3.2
spectres	2.3
spectrum	4.3
specula	1.4
specular	2.2
speculum	2.5
sped	3.3
speech	4.8
speeches	3.9
speed	5.0
speeded	2.4
speeder	2.3
speeders	2.1
speedier	2.3
speedily	2.8
speeding	3.7
speedo	2.7
speedos	2.2
speeds	4.0
speedup	2.1
speedups	1.4
speedway	3.2
speedy	3.6
speel	1.4
speeled	0.0
speeling	0.0
speels	0.0
speer	2.7
speered	0.0
speering	0.0
speers	1.9
speil	0.0
speiled	0.0
speiling	0.0
speils	0.0
speir	1.4
speired	0.0
speiring	0.0
speirs	2.2
speise	0.0
speises	0.0
speiss	0.0
speisses	0.0
spelaean	0.0
spelean	0.0
spell	4.4
spelled	3.8
speller	2.2
spellers	2.0
spelling	4.0
spells	3.8
spelt	3.2
spelter	1.5
spelters	0.0
spelts	0.0
speltz	0.0
speltzes	0.0
spelunk	0.0
spelunks	0.0
spence	3.4
spencer	4.1
spencers	2.1
spences	1.1
spend	5.0
spender	2.8
spenders	2.5
spending	4.7
spends	4.0
spense	1.1
spenses	0.0
spent	5.0
sperm	3.8
spermary	0.0
spermic	0.0
spermine	1.2
spermous	0.0
sperms	2.1
spew	2.9
spewed	2.7
spewer	0.0
spewers	0.0
spewing	3.0
spews	2.5
sphagnum	2.3
sphene	0.0
sphenes	0.0
sphenic	0.0
sphenoid	1.8
spheral	0.0
sphere	3.9
sphered	0.0
spheres	3.4
spheric	1.2
spherics	0.0
spherier	0.0
sphering	0.0
spheroid	2.1
spherule	0.0
sphery	0.0
sphinges	0.0
sphingid	0.0
sphinx	3.0
sphinxes	2.1
sphygmic	0.0
sphygmus	0.0
spic	2.1
spica	2.3
spicae	0.0
spicas	0.0
spicate	0.0
spicated	0.0
spiccato	1.1
spice	3.9
spiced	3.0
spicer	3.0
spicers	1.6
spicery	0.0
spices	3.5
spicey	1.9
spicier	2.1
spiciest	1.8
spicily	0.0
spicing	2.2
spick	1.9
spicks	1.6
spics	1.5
spicula	0.0
spiculae	0.0
spicular	0.0
spicule	1.2
spicules	1.8
spiculum	0.0
spicy	3.8
spider	4.2
spiders	3.8
spidery	1.9
spied	3.1
spiegel	3.0
spiegels	0.0
spiel	2.7
spieled	0.0
spieler	1.4
spielers	0.0
spieling	0.0
spiels	1.5
spier	1.9
spiered	0.0
spiering	0.0
spiers	2.1
spies	3.7
spiff	1.9
spiffed	1.5
spiffier	0.0
spiffily	0.0
spiffing	1.6
spiffs	0.0
spiffy	2.4
spigot	2.5
spigots	1.8
spik	1.2
spike	4.0
spiked	3.2
spikelet	1.4
spiker	2.0
spikers	1.9
spikes	3.5
spikey	2.1
spikier	1.1
spikiest	0.0
spikily	0.0
spiking	2.8
spiks	0.0
spiky	2.8
spile	1.2
spiled	0.0
spiles	0.0
spilikin	0.0
spiling	0.0
spilings	0.0
spill	3.8
spillage	2.4
spilled	3.6
spiller	2.5
spillers	1.7
spilling	3.4
spills	3.4
spillway	2.7
spilt	2.9
spilth	0.0
spilths	0.0
spin	4.4
spinach	3.5
spinachy	0.0
spinage	0.0
spinages	0.0
spinal	3.9
spinally	0.0
spinals	0.0
spinate	0.0
spindle	3.1
spindled	1.2
spindler	2.0
spindles	2.5
spindly	2.3
spine	3.9
spined	2.0
spinel	2.3
spinelle	0.0
spinels	1.4
spines	3.2
spinet	1.6
spinets	0.0
spinier	0.0
spiniest	0.0
spinifex	1.7
spinless	1.3
spinner	3.4
spinners	3.1
spinnery	0.0
spinney	2.0
spinneys	1.1
spinnies	0.0
spinning	4.0
spinny	1.8
spinoff	3.2
spinoffs	2.4
spinor	1.7
spinors	1.4
spinose	1.3
spinous	1.8
spinout	1.7
spinouts	1.0
spins	3.5
spinster	2.7
spinto	0.0
spintos	0.0
spinula	0.0
spinulae	0.0
spinule	0.0
spinules	1.1
spiny	2.6
spiracle	1.4
spiraea	1.6
spiraeas	0.0
spiral	3.9
spiraled	2.5
spirally	2.1
spirals	2.9
spirant	1.3
spirants	0.0
spire	3.1
spirea	1.4
spireas	0.0
spired	1.6
spirem	0.0
spireme	0.0
spiremes	0.0
spirems	0.0
spires	2.8
spirier	0.0
spiriest	0.0
spirilla	0.0
spiring	0.0
spirit	4.8
spirited	3.5
spirits	4.2
spiroid	0.0
spirt	1.8
spirted	0.0
spirting	0.0
spirts	1.2
spirula	0.0
spirulae	0.0
spirulas	0.0
spiry	0.0
spit	3.9
spital	1.6
spitals	0.0
spitball	1.8
spite	4.0
spited	0.0
spiteful	2.9
spites	1.1
spitfire	3.0
spiting	1.4
spits	3.1
spitted	1.4
spitter	2.0
spitters	1.6
spitting	3.5
spittle	2.2
spittles	0.0
spittoon	1.9
spitz	2.5
spitzes	0.0
spiv	1.6
spivs	1.3
splake	0.0
splakes	0.0
splash	3.9
splashed	3.0
splasher	1.3
splashes	2.9
splashy	2.3
splat	2.7
splats	1.8
splatted	1.3
splatter	2.8
splay	2.1
splayed	2.5
splaying	1.4
splays	1.4
spleen	3.1
spleens	1.9
spleeny	0.0
splendid	3.8
splendor	3.0
splenia	0.0
splenial	0.0
splenic	2.2
splenii	0.0
splenium	0.0
splenius	0.0
splent	0.0
splents	0.0
splice	2.9
spliced	2.7
splicer	1.9
splicers	1.6
splices	2.2
splicing	2.9
spliff	2.3
spliffs	1.8
spline	2.5
splined	1.5
splines	2.2
splining	0.0
splint	2.7
splinted	1.5
splinter	3.3
splints	2.6
split	4.7
splits	3.5
splitter	2.9
splodge	1.5
splodged	0.0
splodges	1.2
splore	0.0
splores	0.0
splosh	1.5
sploshed	0.0
sploshes	0.0
splotch	1.6
splotchy	1.7
splurge	2.9
splurged	2.2
splurger	0.0
splurges	1.7
splurgy	0.0
splutter	1.8
spode	2.0
spodes	0.0
spoil	3.8
spoilage	2.4
spoiled	3.8
spoiler	3.5
spoilers	3.5
spoiling	3.2
spoils	3.3
spoilt	3.1
spoke	4.6
spoked	1.7
spoken	4.5
spokes	2.8
spoking	0.0
spoliate	0.0
spondaic	0.0
spondee	1.0
spondees	0.0
sponge	3.6
sponged	2.0
sponger	1.2
spongers	1.4
sponges	3.1
spongier	0.0
spongily	0.0
spongin	0.0
sponging	2.2
spongins	0.0
spongy	2.6
sponsal	0.0
sponsion	0.0
sponson	1.2
sponsons	1.6
sponsor	4.0
sponsors	3.9
spontoon	0.0
spoof	3.1
spoofed	2.4
spoofer	1.4
spoofers	1.1
spoofery	0.0
spoofing	2.6
spoofs	2.3
spoofy	0.0
spook	2.9
spooked	3.1
spookery	0.0
spookier	1.6
spookily	1.6
spooking	2.1
spookish	0.0
spooks	2.8
spooky	3.5
spool	2.8
spooled	1.7
spooling	1.9
spools	2.4
spoon	3.9
spooned	2.1
spooney	1.1
spooneys	0.0
spoonful	2.9
spoonier	0.0
spoonies	0.0
spoonily	0.0
spooning	2.5
spoons	3.3
spoony	1.7
spoor	2.1
spoored	0.0
spooring	0.0
spoors	1.1
sporadic	3.3
sporal	0.0
spore	3.0
spored	1.6
spores	3.3
sporing	0.0
sporoid	0.0
sporozoa	0.0
sporran	1.6
sporrans	0.0
sport	4.7
sported	2.7
sporter	1.6
sporters	0.0
sportful	0.0
sportier	2.0
sportif	1.8
sportily	0.0
sporting	4.2
sportive	2.3
sports	4.9
sporty	3.1
sporular	0.0
sporule	0.0
sporules	0.0
spot	4.9
spotless	3.1
spotlit	1.2
spots	4.3
spotted	4.2
spotter	2.8
spotters	2.6
spottier	0.0
spottily	0.0
spotting	3.4
spotty	2.9
spousal	2.9
spousals	0.0
spouse	4.0
spoused	0.0
spouses	3.5
spousing	0.0
spout	3.1
spouted	2.3
spouter	0.0
spouters	0.0
spouting	2.9
spouts	2.5
spraddle	0.0
sprag	1.1
sprags	0.0
sprain	2.9
sprained	3.0
sprains	2.4
sprang	3.1
sprangs	0.0
sprat	2.0
sprats	1.6
sprattle	0.0
sprawl	3.0
sprawled	2.7
sprawler	0.0
sprawls	2.0
sprawly	0.0
spray	4.2
sprayed	3.5
sprayer	2.6
sprayers	2.2
spraying	3.4
sprays	3.2
spread	4.8
spreader	2.6
spreads	3.7
spree	3.6
sprees	2.5
sprent	1.1
sprier	0.0
spriest	0.0
sprig	2.4
sprigged	0.0
sprigger	0.0
spriggy	0.0
spright	0.0
sprights	0.0
sprigs	2.4
spring	4.9
springal	0.0
springe	1.4
springed	0.0
springer	3.6
springes	0.0
springs	4.2
springy	2.5
sprinkle	3.4
sprint	4.0
sprinted	2.7
sprinter	3.2
sprints	3.1
sprit	2.0
sprite	3.2
sprites	2.8
sprits	1.4
spritz	2.5
spritzed	1.4
spritzer	1.9
spritzes	1.3
sprocket	2.6
sprout	3.1
sprouted	2.8
sprouts	3.2
spruce	3.4
spruced	2.1
sprucely	0.0
sprucer	0.0
spruces	1.8
sprucest	0.0
sprucier	0.0
sprucing	2.1
sprucy	0.0
sprue	2.0
sprues	1.5
sprug	0.0
sprugs	0.0
sprung	3.4
spry	2.5
spryer	0.0
spryest	0.0
spryly	0.0
spryness	0.0
spud	2.7
spudded	0.0
spudder	0.0
spudders	0.0
spudding	0.0
spuds	2.5
spue	0.0
spued	0.0
spues	0.0
spuing	0.0
spume	1.4
spumed	0.0
spumes	0.0
spumier	0.0
spumiest	0.0
spuming	0.0
spumone	0.0
spumones	0.0
spumoni	1.3
spumonis	0.0
spumous	0.0
spumy	0.0
spun	3.7
spunk	2.7
spunked	1.4
spunkie	0.0
spunkier	0.0
spunkies	0.0
spunkily	0.0
spunking	1.1
spunks	0.0
spunky	2.5
spur	3.7
spurgall	0.0
spurge	1.9
spurges	0.0
spurious	3.0
spurn	2.4
spurned	2.6
spurner	0.0
spurners	0.0
spurning	1.9
spurns	2.0
spurred	3.3
spurrer	0.0
spurrers	0.0
spurrey	0.0
spurreys	0.0
spurrier	2.4
spurries	0.0
spurring	2.5
spurry	0.0
spurs	4.0
spurt	2.8
spurted	1.8
spurting	2.2
spurtle	0.0
spurtles	0.0
spurts	2.5
sputa	0.0
sputnik	2.8
sputniks	1.2
sputter	2.2
sputters	1.9
sputum	2.4
spy	4.2
spyglass	2.2
spying	3.6
squab	2.0
squabble	2.6
squabby	0.0
squabs	1.4
squad	4.7
squadded	0.0
squadron	3.7
squads	3.5
squalene	1.9
squalid	2.6
squall	2.7
squalled	0.0
squaller	0.0
squalls	2.2
squally	1.8
squalor	2.7
squalors	0.0
squama	1.0
squamae	0.0
squamate	0.0
squamose	0.0
squamous	2.6
squander	2.7
square	4.8
squared	3.4
squarely	3.2
squarer	1.6
squarers	0.0
squares	3.7
squarest	0.0
squaring	2.6
squarish	1.9
squash	3.6
squashed	3.0
squasher	0.0
squashes	2.3
squashy	1.6
squat	3.5
squatly	0.0
squats	3.3
squatted	2.5
squatter	2.5
squatty	1.8
squaw	2.7
squawk	2.4
squawked	1.7
squawker	0.0
squawks	1.9
squaws	1.7
squeak	2.9
squeaked	2.5
squeaker	2.2
squeaks	2.5
squeaky	3.1
squeal	2.8
squealed	2.6
squealer	1.7
squeals	2.5
squeegee	2.2
squeeze	3.9
squeezed	3.5
squeezer	1.9
squeezes	2.8
squeg	0.0
squegged	0.0
squegs	0.0
squelch	2.4
squelchy	1.5
squib	2.3
squibbed	0.0
squibs	2.0
squid	3.4
squidded	0.0
squids	2.5
squiffed	0.0
squiffy	1.4
squiggle	2.1
squiggly	2.2
squilgee	0.0
squill	1.3
squilla	1.2
squillae	0.0
squillas	0.0
squills	0.0
squinch	1.3
squinny	0.0
squint	2.8
squinted	2.2
squinter	0.0
squints	2.3
squinty	2.1
squire	3.3
squired	1.3
squireen	0.0
squires	2.8
squiring	1.2
squirish	0.0
squirm	2.8
squirmed	2.2
squirmer	0.0
squirms	2.0
squirmy	1.8
squirrel	3.7
squirt	3.2
squirted	2.5
squirter	1.9
squirts	2.6
squish	2.8
squished	2.5
squishes	2.0
squishy	3.0
squoosh	0.0
squooshy	0.0
squush	0.0
squushed	0.0
squushes	0.0
sraddha	0.0
sraddhas	0.0
sradha	0.0
sradhas	0.0
sri	4.1
sris	1.2
stab	3.8
stabbed	3.9
stabber	2.0
stabbers	1.5
stabbing	3.6
stabile	1.9
stabiles	0.0
stable	4.5
stabled	2.0
stabler	2.4
stablers	0.0
stables	3.4
stablest	0.0
stabling	2.0
stablish	1.2
stably	2.2
stabs	3.0
staccati	0.0
staccato	2.6
stack	4.0
stacked	3.6
stacker	2.4
stackers	1.9
stacking	3.3
stacks	3.5
stackup	0.0
stackups	0.0
stacte	0.0
stactes	0.0
staddle	0.0
staddles	0.0
stade	2.7
stades	1.2
stadia	2.7
stadias	0.0
stadium	4.6
stadiums	3.5
staff	5.1
staffed	3.4
staffer	3.1
staffers	3.2
staffing	3.5
staffs	3.2
stag	3.2
stage	5.1
staged	3.8
stageful	0.0
stager	1.9
stagers	1.6
stages	4.4
stagey	1.6
staggard	0.0
staggart	0.0
stagged	0.0
stagger	2.8
staggers	2.5
staggery	0.0
staggie	0.0
staggier	0.0
staggies	0.0
stagging	0.0
staggy	0.0
stagier	0.0
stagiest	0.0
stagily	0.0
staging	3.6
stagings	1.9
stagnant	3.3
stagnate	2.5
stags	2.6
stagy	1.4
staid	2.6
staider	0.0
staidest	0.0
staidly	0.0
staig	0.0
staigs	0.0
stain	3.7
stained	3.8
stainer	1.9
stainers	1.3
staining	3.2
stains	3.5
stair	3.3
stairs	4.1
stairway	3.1
staithe	1.0
staithes	1.5
stake	4.2
staked	3.0
stakeout	2.0
stakes	4.0
staking	2.9
stalag	2.3
stalags	0.0
stale	3.4
staled	0.0
stalely	0.0
staler	1.2
stales	1.3
stalest	0.0
staling	1.3
stalk	3.5
stalked	3.2
stalker	3.5
stalkers	2.7
stalkier	0.0
stalkily	0.0
stalking	3.6
stalks	3.2
stalky	1.6
stall	3.8
stalled	3.4
stalling	3.2
stallion	3.2
stalls	3.5
stalwart	2.9
stamen	2.0
stamens	2.7
stamina	3.4
staminal	0.0
staminas	0.0
stammel	0.0
stammels	0.0
stammer	2.5
stammers	2.0
stamp	4.1
stamped	3.6
stampede	3.1
stamper	2.4
stampers	1.7
stamping	3.2
stamps	3.9
stance	4.0
stances	3.0
stanch	1.9
stanched	1.0
stancher	0.0
stanches	0.0
stanchly	0.0
stand	5.1
standard	5.0
standby	3.4
standbys	1.8
standee	1.6
standees	1.6
stander	2.2
standers	1.7
standing	4.9
standish	2.6
standoff	3.1
standout	3.3
standpat	0.0
stands	4.6
standup	3.0
stane	1.9
staned	0.0
stanes	1.4
stang	2.3
stanged	0.0
stanging	0.0
stangs	1.3
stanhope	2.8
stanine	0.0
stanines	0.0
staning	0.0
stank	2.8
stanks	1.1
stannary	1.1
stannic	0.0
stannite	0.0
stannous	1.4
stannum	1.1
stannums	0.0
stanza	3.0
stanzaed	0.0
stanzaic	1.2
stanzas	2.7
stapedes	0.0
stapelia	0.0
stapes	1.9
staph	2.6
staphs	0.0
staple	3.7
stapled	2.6
stapler	2.5
staplers	1.9
staples	3.6
stapling	2.2
star	5.2
starch	3.3
starched	2.3
starches	2.5
starchy	2.6
stardom	3.1
stardoms	0.0
stardust	3.2
stare	3.9
stared	3.6
starer	1.3
starers	0.0
stares	3.3
starets	0.0
starfish	3.0
stargaze	1.6
staring	4.1
stark	4.0
starker	2.0
starkers	1.4
starkest	1.6
starkly	2.6
starless	1.9
starlet	2.7
starlets	2.3
starlike	1.2
starling	3.0
starlit	1.9
starnose	0.0
starred	3.7
starrier	0.0
starring	4.1
starry	3.1
stars	4.9
starship	3.3
start	5.6
started	5.4
starter	4.0
starters	3.7
starting	5.1
startle	2.7
startled	3.3
startler	0.0
startles	2.0
starts	4.8
startsy	0.0
startup	3.8
startups	3.5
starve	3.5
starved	3.5
starver	0.0
starvers	0.0
starves	2.2
starving	3.8
starwort	0.0
stases	0.0
stash	3.5
stashed	3.0
stashes	2.2
stashing	2.3
stasima	0.0
stasimon	0.0
stasis	3.0
stat	4.0
statable	0.0
statal	0.0
statant	0.0
state	5.8
stated	4.7
statedly	0.0
stately	3.1
stater	2.1
staters	2.2
states	5.5
static	4.0
statical	1.1
statice	1.3
statices	0.0
staticky	1.4
statics	2.5
stating	4.2
station	5.0
stations	4.5
statism	2.2
statisms	0.0
statist	2.6
statists	1.8
stative	1.8
statives	0.0
stator	2.6
stators	1.5
stats	4.3
statuary	2.6
statue	4.1
statued	0.0
statues	3.6
stature	3.5
statures	1.3
status	4.9
statuses	2.8
statusy	0.0
statute	3.8
statutes	3.5
staumrel	0.0
staunch	3.2
stave	3.0
staved	2.0
staves	2.6
staving	2.0
staw	1.5
stay	5.3
stayed	4.5
stayer	1.9
stayers	1.9
staying	4.5
stays	4.3
staysail	1.5
stead	3.2
steaded	0.0
steadied	2.4
steadier	2.3
steadies	1.9
steadily	3.8
steading	1.7
steads	1.0
steady	4.3
steak	4.0
steaks	3.3
steal	4.4
stealage	0.0
stealer	2.5
stealers	2.2
stealing	4.2
steals	3.7
stealth	3.5
stealths	0.0
stealthy	2.8
steam	4.5
steamed	3.3
steamer	3.4
steamers	2.9
steamier	1.1
steamily	0.0
steaming	3.3
steams	2.3
steamy	3.1
steapsin	0.0
stearate	1.9
stearic	1.9
stearin	1.1
stearine	0.0
stearins	0.0
steatite	1.4
stedfast	1.4
steed	3.0
steeds	2.1
steek	1.3
steeked	0.0
steeking	0.0
steeks	0.0
steel	4.7
steeled	2.1
steelie	1.1
steelier	0.0
steelies	0.0
steeling	1.9
steels	2.8
steely	2.8
steenbok	0.0
steep	4.0
steeped	3.1
steepen	1.2
steepens	1.1
steeper	2.9
steepers	0.0
steepest	2.6
steeping	2.4
steepish	0.0
steeple	2.7
steepled	1.3
steeples	2.1
steeply	2.9
steeps	1.8
steer	3.7
steerage	2.3
steered	3.1
steerer	1.7
steerers	0.0
steering	3.9
steers	2.9
steeve	1.5
steeved	0.0
steeves	1.7
steeving	0.0
stegodon	0.0
stein	3.6
steinbok	0.0
steins	2.3
stela	2.1
stelae	1.9
stelai	0.0
stelar	1.4
stele	2.3
stelene	0.0
steles	1.5
stelic	0.0
stella	3.7
stellar	3.8
stellas	1.3
stellate	2.1
stellify	0.0
stem	4.3
stemless	1.7
stemlike	0.0
stemma	1.2
stemmas	0.0
stemmata	0.0
stemmed	3.2
stemmer	1.4
stemmers	0.0
stemmery	0.0
stemmier	0.0
stemming	3.3
stemmy	0.0
stems	3.8
stemson	0.0
stemsons	0.0
stemware	1.7
stench	3.1
stenches	1.2
stenchy	0.0
stencil	2.8
stencils	2.5
stengah	0.0
stengahs	0.0
steno	2.1
stenoky	0.0
stenos	0.0
stenosed	0.0
stenoses	1.1
stenosis	2.8
stenotic	1.4
stentor	1.5
stentors	0.0
step	5.1
stepdame	0.0
steplike	0.0
steppe	2.8
stepped	4.2
stepper	2.4
steppers	2.0
steppes	2.6
stepping	4.0
steps	4.7
stepson	2.9
stepsons	1.8
stepwise	2.3
stere	1.2
stereo	3.8
stereoed	0.0
stereos	2.3
steres	0.0
steric	2.1
sterical	0.0
sterigma	0.0
sterile	3.4
sterlet	0.0
sterlets	0.0
sterling	4.1
stern	3.9
sterna	1.8
sternal	2.0
sterner	2.3
sternest	1.8
sternite	1.0
sternly	2.6
sterns	2.1
sternson	0.0
sternum	2.8
sternums	0.0
sternway	0.0
steroid	3.3
steroids	3.6
sterol	2.1
sterols	2.0
stertor	0.0
stertors	0.0
stet	1.8
stets	1.4
stetted	0.0
stetting	0.0
stew	3.5
steward	3.5
stewards	3.2
stewbum	0.0
stewbums	0.0
stewed	2.6
stewing	2.4
stewpan	0.0
stewpans	0.0
stews	2.6
stey	0.0
sthenia	0.0
sthenias	0.0
sthenic	0.0
stibial	0.0
stibine	0.0
stibines	0.0
stibium	0.0
stibiums	0.0
stibnite	1.3
stich	2.1
stichic	0.0
stichs	0.0
stick	4.8
sticked	1.8
sticker	3.7
stickers	3.7
stickful	0.0
stickier	1.9
stickily	0.0
sticking	4.0
stickit	1.0
stickle	1.7
stickled	0.0
stickler	2.5
stickles	1.5
stickman	2.1
stickmen	1.2
stickout	0.0
stickpin	1.1
sticks	4.1
stickum	1.2
stickums	0.0
stickup	1.5
stickups	0.0
sticky	3.8
stiction	1.2
stied	0.0
sties	1.5
stiff	3.9
stiffed	2.3
stiffen	2.5
stiffens	1.9
stiffer	2.8
stiffest	1.9
stiffing	1.8
stiffish	0.0
stiffly	2.2
stiffs	2.0
stifle	3.0
stifled	2.9
stifler	1.7
stiflers	0.0
stifles	2.4
stifling	3.0
stigma	3.7
stigmal	0.0
stigmas	2.5
stigmata	2.4
stilbene	1.4
stilbite	1.3
stile	2.4
stiles	3.2
stiletto	2.7
still	5.9
stilled	2.1
stiller	2.7
stillest	0.0
stillier	0.0
stilling	2.0
stillman	2.6
stillmen	0.0
stills	3.3
stilly	1.6
stilt	2.4
stilted	2.6
stilting	0.0
stilts	2.8
stime	0.0
stimes	0.0
stimied	0.0
stimies	0.0
stimuli	3.4
stimulus	3.8
stimy	0.0
stimying	0.0
sting	3.8
stinger	2.9
stingers	2.5
stingier	1.2
stingily	1.2
stinging	3.1
stingo	1.2
stingos	0.0
stingray	2.9
stings	3.1
stingy	3.0
stink	3.5
stinkard	0.0
stinkbug	1.3
stinker	2.4
stinkers	2.0
stinkier	0.0
stinking	3.0
stinko	1.1
stinkpot	0.0
stinks	3.2
stinky	3.1
stint	3.6
stinted	1.2
stinter	0.0
stinters	0.0
stinting	1.2
stints	3.0
stipe	2.7
stiped	0.0
stipel	0.0
stipels	0.0
stipend	3.0
stipends	2.4
stipes	1.7
stipites	0.0
stipple	1.9
stippled	1.7
stippler	0.0
stipples	0.0
stipular	0.0
stipule	0.0
stipuled	0.0
stipules	1.9
stir	4.0
stirk	1.6
stirks	0.0
stirp	0.0
stirpes	0.0
stirps	0.0
stirred	3.5
stirrer	2.2
stirrers	2.0
stirring	3.7
stirrup	2.4
stirrups	2.4
stirs	3.0
stitch	3.6
stitched	3.2
stitcher	2.2
stitches	3.6
stithied	0.0
stithies	0.0
stithy	0.0
stiver	0.0
stivers	2.0
stoa	1.8
stoae	0.0
stoai	0.0
stoas	0.0
stoat	2.0
stoats	1.8
stob	1.7
stobbed	0.0
stobbing	0.0
stobs	0.0
stoccado	0.0
stoccata	0.0
stock	4.9
stockade	2.6
stockcar	1.1
stocked	3.4
stocker	2.5
stockers	1.6
stockier	1.6
stockily	0.0
stocking	3.5
stockish	0.0
stockist	1.8
stockman	2.6
stockmen	1.8
stockpot	1.6
stocks	4.3
stocky	2.7
stodge	1.4
stodged	0.0
stodges	0.0
stodgier	0.0
stodgily	0.0
stodging	0.0
stodgy	2.2
stogey	0.0
stogeys	0.0
stogie	1.7
stogies	1.5
stogy	0.0
stoic	3.1
stoical	1.8
stoicism	2.6
stoics	2.2
stoke	3.7
stoked	3.4
stoker	2.8
stokers	1.9
stokes	3.6
stokesia	0.0
stoking	2.5
stole	4.2
stoled	1.4
stolen	4.4
stoles	1.7
stolid	2.0
stolider	0.0
stolidly	1.4
stollen	1.8
stollens	0.0
stolon	1.3
stolonic	0.0
stolons	1.7
stolport	0.0
stoma	2.2
stomach	4.4
stomachs	3.1
stomachy	0.0
stomal	0.0
stomas	0.0
stomata	2.1
stomatal	2.0
stomate	0.0
stomates	0.0
stomatic	0.0
stomodea	0.0
stomp	3.2
stomped	2.9
stomper	2.1
stompers	1.8
stomping	3.1
stomps	2.5
stonable	0.0
stone	4.8
stoned	3.5
stonefly	1.4
stoner	3.3
stoners	2.7
stones	4.3
stoney	2.8
stonier	1.5
stoniest	0.0
stonily	1.2
stoning	2.8
stonish	0.0
stony	3.3
stood	4.6
stooge	2.7
stooged	0.0
stooges	2.9
stooging	0.0
stook	1.4
stooked	0.0
stooker	0.0
stookers	0.0
stooking	0.0
stooks	1.2
stool	3.5
stooled	0.0
stoolie	1.2
stoolies	1.2
stooling	1.1
stools	3.0
stoop	3.1
stooped	2.6
stooper	0.0
stoopers	0.0
stooping	2.5
stoops	2.7
stop	5.5
stopbank	0.0
stopcock	1.5
stope	1.5
stoped	2.2
stoper	0.0
stopers	0.0
stopes	2.2
stopgap	2.4
stopgaps	1.1
stoping	2.2
stopover	2.7
stoppage	3.2
stopped	4.8
stopper	3.1
stoppers	2.8
stopping	4.3
stopple	0.0
stoppled	0.0
stopples	0.0
stops	4.4
stopt	1.4
storable	1.8
storage	4.6
storages	2.2
storax	1.4
storaxes	0.0
store	5.0
stored	4.2
stores	4.6
storey	3.6
storeyed	1.9
storeys	2.9
storied	3.0
stories	5.0
storing	3.6
stork	2.9
storks	2.5
storm	4.7
stormed	3.3
stormier	1.2
stormily	0.0
storming	3.2
storms	3.9
stormy	3.5
story	5.5
storying	1.2
stoss	1.4
stotinka	0.0
stotinki	0.0
stound	0.0
stounded	0.0
stounds	0.0
stoup	1.6
stoups	0.0
stour	2.2
stoure	0.0
stoures	0.0
stourie	0.0
stours	0.0
stoury	0.0
stout	3.5
stouten	0.0
stoutens	0.0
stouter	1.7
stoutest	1.3
stoutish	0.0
stoutly	2.0
stouts	2.0
stove	3.7
stover	2.6
stovers	0.0
stoves	3.0
stow	3.1
stowable	0.0
stowage	2.2
stowages	0.0
stowaway	2.5
stowed	2.8
stowing	2.1
stowp	0.0
stowps	0.0
stows	1.7
straddle	2.8
strafe	2.1
strafed	2.0
strafer	0.0
strafers	0.0
strafes	1.0
strafing	2.4
straggle	1.4
straggly	1.8
straight	5.0
strain	4.2
strained	3.5
strainer	2.6
strains	3.7
strait	3.6
straiten	1.0
straiter	0.0
straitly	0.0
straits	3.4
strake	1.8
straked	0.0
strakes	1.6
stramash	0.0
stramony	0.0
strand	3.7
stranded	3.7
strander	0.0
strands	3.4
strang	2.6
strange	4.6
stranger	4.3
strangle	3.0
strap	3.8
strapped	3.4
strapper	1.1
straps	3.4
strass	1.5
strasses	0.0
strata	3.2
stratal	0.0
stratas	1.3
strategy	4.7
strath	1.9
straths	0.0
strati	1.3
stratify	1.8
stratous	0.0
stratum	2.7
stratums	0.0
stratus	2.4
stravage	0.0
stravaig	0.0
straw	4.0
strawed	0.0
strawhat	1.2
strawier	0.0
strawing	0.0
straws	3.2
strawy	0.0
stray	3.7
strayed	3.0
strayer	2.2
strayers	0.0
straying	2.7
strays	2.8
streak	4.1
streaked	2.8
streaker	2.0
streaks	3.3
streaky	2.5
stream	4.6
streamed	3.4
streamer	3.0
streams	4.1
streamy	1.4
streek	1.1
streeked	0.0
streeker	0.0
streeks	0.0
streel	0.0
streeled	0.0
streels	0.0
street	5.3
streets	4.7
strength	4.8
strep	2.7
streps	0.0
stress	4.7
stressed	4.2
stresses	3.6
stressor	2.4
stretch	4.3
stretchy	2.8
stretta	1.0
strettas	0.0
strette	0.0
stretti	0.0
stretto	1.3
strettos	0.0
streusel	1.5
strew	1.6
strewed	1.6
strewer	0.0
strewers	0.0
strewing	1.4
strewn	3.1
strews	0.0
stria	1.6
striae	2.1
striate	1.9
striated	2.4
striates	0.0
strick	1.9
stricken	3.5
strickle	0.0
stricks	0.0
strict	4.2
stricter	3.2
strictly	4.2
stridden	0.0
stride	3.4
strident	2.7
strider	2.5
striders	1.8
strides	3.3
striding	2.6
stridor	1.5
stridors	0.0
strife	3.4
strifes	1.3
strigil	0.0
strigils	0.0
strigose	0.0
strike	4.7
striker	3.9
strikers	3.4
strikes	4.2
striking	4.2
string	4.4
stringed	2.6
stringer	3.0
strings	4.0
stringy	2.5
strip	4.4
stripe	3.5
striped	3.5
striper	2.0
stripers	1.9
stripes	3.8
stripier	0.0
striping	2.5
stripped	3.8
stripper	3.5
strips	3.9
stript	0.0
stripy	2.1
strive	3.7
strived	2.5
striven	2.1
striver	1.3
strivers	1.6
strives	3.1
striving	3.5
strobe	2.8
strobes	2.0
strobic	0.0
strobil	0.0
strobila	0.0
strobile	0.0
strobili	1.1
strobils	0.0
strode	2.9
stroke	4.3
stroked	2.9
stroker	1.9
strokers	1.3
strokes	3.8
stroking	3.1
stroll	3.5
strolled	2.9
stroller	3.1
strolls	2.6
stroma	2.3
stromal	2.4
stromata	1.2
strong	5.2
stronger	4.5
strongly	4.5
strongyl	0.0
strontia	0.0
strontic	0.0
strook	1.1
strop	2.2
strophe	1.7
strophes	1.6
strophic	1.5
stropped	1.0
stropper	0.0
stroppy	1.9
strops	1.5
stroud	2.9
strouds	0.0
strove	2.7
strow	1.1
strowed	0.0
strowing	0.0
strown	0.0
strows	0.0
stroy	1.5
stroyed	0.0
stroyer	0.0
stroyers	0.0
stroying	0.0
stroys	0.0
struck	4.4
strucken	0.0
strudel	2.3
strudels	1.6
struggle	4.6
strum	2.5
struma	1.8
strumae	0.0
strumas	0.0
strummed	2.0
strummer	2.1
strumose	0.0
strumous	0.0
strumpet	1.8
strums	2.0
strung	3.3
strunt	0.0
strunted	0.0
strunts	0.0
strut	3.2
struts	2.9
strutted	2.2
strutter	1.7
stub	3.1
stubbed	2.4
stubbier	0.0
stubbily	0.0
stubbing	2.0
stubble	2.9
stubbled	1.2
stubbles	1.2
stubbly	1.7
stubborn	3.8
stubby	2.7
stubs	2.8
stucco	2.9
stuccoed	1.7
stuccoer	0.0
stuccoes	0.0
stuccos	1.1
stuck	4.7
stud	3.7
studbook	1.1
studded	3.2
studdie	0.0
studdies	0.0
studding	1.7
student	5.0
students	5.2
studfish	0.0
studied	4.5
studier	1.6
studiers	0.0
studies	5.0
studio	4.7
studios	4.1
studious	2.5
studlier	0.0
studly	1.8
studs	3.3
studwork	0.0
study	5.3
studying	4.4
stuff	5.1
stuffed	4.0
stuffer	2.1
stuffers	1.9
stuffier	0.0
stuffily	0.0
stuffing	3.5
stuffs	3.1
stuffy	3.0
stuiver	1.0
stuivers	0.0
stull	1.9
stulls	0.0
stultify	0.0
stum	1.5
stumble	3.4
stumbled	3.7
stumbler	0.0
stumbles	3.0
stummed	0.0
stumming	0.0
stump	3.5
stumpage	1.1
stumped	3.0
stumper	1.5
stumpers	0.0
stumpier	0.0
stumping	2.3
stumps	3.1
stumpy	2.3
stums	0.0
stun	3.4
stung	3.3
stunk	2.4
stunned	3.7
stunner	2.8
stunners	2.0
stunning	4.3
stuns	2.9
stunsail	0.0
stunt	3.9
stunted	3.0
stunting	2.6
stuntman	2.6
stuntmen	2.0
stunts	3.4
stupa	2.3
stupas	1.9
stupe	1.1
stupefy	1.7
stupes	0.0
stupid	4.9
stupider	2.5
stupidly	3.0
stupids	1.8
stupor	2.7
stupors	1.0
sturdied	0.0
sturdier	2.4
sturdies	0.0
sturdily	1.8
sturdy	3.4
sturgeon	3.3
sturt	2.6
sturts	0.0
stutter	3.0
stutters	2.5
sty	2.5
stye	1.8
styed	0.0
styes	1.4
stygian	2.0
stying	0.0
stylar	0.0
stylate	0.0
style	5.1
styled	3.6
styler	2.2
stylers	1.5
styles	4.4
stylet	1.6
stylets	1.1
styli	1.6
styling	3.5
stylings	2.4
stylise	0.0
stylised	2.5
styliser	0.0
stylises	0.0
stylish	3.7
stylist	3.4
stylists	2.8
stylite	0.0
stylites	1.3
stylitic	0.0
stylize	1.4
stylized	3.1
stylizer	0.0
stylizes	0.0
styloid	1.5
stylus	3.0
styluses	1.4
stymie	2.2
stymied	2.5
stymies	1.5
stymy	0.0
stymying	0.0
stypsis	0.0
styptic	1.5
styptics	0.0
styrax	1.3
styraxes	0.0
styrene	2.5
styrenes	0.0
suable	0.0
suably	0.0
suasion	1.7
suasions	0.0
suasive	1.0
suasory	0.0
suave	2.9
suavely	1.5
suaver	0.0
suavest	0.0
suavity	1.3
sub	4.7
suba	1.8
subabbot	0.0
subacid	1.2
subacrid	0.0
subacute	2.1
subadar	1.1
subadars	0.0
subadult	1.6
subagent	1.1
subah	1.6
subahdar	1.0
subahs	0.0
subalar	0.0
subarea	1.3
subareas	1.3
subarid	0.0
subas	0.0
subatom	0.0
subatoms	0.0
subaxial	0.0
subbase	1.4
subbases	0.0
subbasin	1.4
subbass	0.0
subbed	3.1
subbing	2.8
subbings	0.0
subblock	0.0
subbreed	0.0
subcaste	0.0
subcause	0.0
subcell	0.0
subcells	0.0
subchief	0.0
subclan	0.0
subclans	0.0
subclass	3.0
subclerk	0.0
subcode	0.0
subcodes	0.0
subcool	0.0
subcools	0.0
subcult	0.0
subcults	0.0
subcutes	0.0
subcutis	0.0
subdean	0.0
subdeans	0.0
subdeb	0.0
subdebs	0.0
subdepot	0.0
subdual	0.0
subduals	0.0
subduce	0.0
subduced	0.0
subduces	0.0
subduct	0.0
subducts	1.2
subdue	3.1
subdued	3.4
subduer	0.0
subduers	0.0
subdues	1.9
subduing	2.4
subdural	2.3
subecho	0.0
subedit	0.0
subedits	0.0
subentry	0.0
subepoch	0.0
suber	1.6
suberect	0.0
suberic	0.0
suberin	0.0
suberins	0.0
suberise	0.0
suberize	0.0
suberose	0.0
suberous	0.0
subers	0.0
subfield	2.1
subfile	0.0
subfiles	0.0
subfix	0.0
subfixes	0.0
subfloor	1.9
subfluid	0.0
subframe	2.0
subfusc	0.0
subgenre	2.4
subgenus	2.3
subgoal	0.0
subgoals	0.0
subgrade	1.6
subgraph	1.9
subgroup	3.1
subgum	0.0
subgums	0.0
subhead	1.5
subheads	1.1
subhuman	2.4
subhumid	1.4
subidea	0.0
subideas	0.0
subindex	1.2
subitem	0.0
subitems	0.0
subito	1.8
subject	5.0
subjects	4.4
subjoin	0.0
subjoins	0.0
sublate	0.0
sublated	0.0
sublates	0.0
sublease	2.1
sublet	2.5
sublets	1.6
sublevel	1.6
sublime	3.5
sublimed	1.2
sublimer	0.0
sublimes	1.3
subline	1.2
sublines	0.0
sublot	0.0
sublots	0.0
sublunar	0.0
submenu	1.8
submenus	1.2
submerge	2.6
submerse	0.0
submiss	0.0
submit	4.3
submits	3.0
subnasal	0.0
subnet	2.4
subnets	1.9
subniche	0.0
subnodal	0.0
suboptic	0.0
suboral	0.0
suborder	2.0
suborn	1.5
suborned	1.5
suborner	0.0
suborns	0.0
suboval	0.0
subovate	0.0
suboxide	0.0
subpanel	1.4
subpar	2.6
subpart	2.0
subparts	1.4
subpena	0.0
subpenas	0.0
subphase	0.0
subphyla	0.0
subplot	2.7
subplots	2.4
subpoena	3.3
subpolar	1.5
subpubic	0.0
subrace	1.4
subraces	1.1
subrent	0.0
subrents	0.0
subring	1.2
subrings	0.0
subrule	0.0
subrules	0.0
subs	3.7
subsale	0.0
subsales	0.0
subscale	1.9
subsea	2.5
subsect	1.5
subsects	0.0
subsense	0.0
subsere	0.0
subseres	0.0
subserve	1.2
subset	3.5
subsets	2.9
subshaft	0.0
subshell	1.6
subshrub	0.0
subside	2.9
subsided	3.0
subsider	0.0
subsides	2.6
subsidy	3.6
subsist	2.5
subsists	1.9
subsite	1.3
subsites	1.2
subskill	0.0
subsoil	2.2
subsoils	1.1
subsolar	1.1
subsonic	2.5
subspace	2.9
substage	1.2
substate	1.5
subsume	2.0
subsumed	2.6
subsumes	1.7
subtask	1.2
subtasks	1.6
subtaxa	0.0
subtaxon	0.0
subteen	0.0
subteens	0.0
subtend	1.2
subtends	1.4
subtest	1.5
subtests	1.7
subtext	2.8
subtexts	1.6
subtheme	1.1
subtile	1.6
subtiler	0.0
subtilin	0.0
subtilty	0.0
subtitle	3.2
subtle	4.1
subtler	2.5
subtlest	1.8
subtlety	3.1
subtly	3.3
subtone	0.0
subtones	0.0
subtonic	0.0
subtopia	0.0
subtopic	1.4
subtotal	2.3
subtract	3.1
subtrend	0.0
subtribe	1.4
subtunic	0.0
subtype	2.8
subtypes	2.8
subulate	1.1
subunit	3.0
subunits	2.9
suburb	3.8
suburban	3.9
suburbed	0.0
suburbia	2.8
suburbs	4.0
subvene	0.0
subvened	0.0
subvenes	0.0
subvert	3.0
subverts	2.3
subvicar	0.0
subviral	0.0
subvocal	1.2
subway	4.0
subwayed	0.0
subways	2.9
subworld	0.0
subzero	2.3
subzone	1.6
subzones	1.3
succah	0.0
succahs	0.0
succeed	4.3
succeeds	3.5
success	5.1
succinct	2.9
succinic	1.9
succinyl	1.5
succor	2.1
succored	0.0
succorer	0.0
succors	0.0
succory	0.0
succoth	1.4
succour	2.3
succours	0.0
succuba	0.0
succubae	0.0
succubi	1.7
succubus	2.5
succumb	3.1
succumbs	2.4
succuss	0.0
such	5.8
suchlike	2.0
suchness	1.4
suck	4.4
sucked	3.9
sucker	3.6
suckered	2.4
suckers	3.2
suckfish	0.0
sucking	3.9
suckle	2.3
suckled	1.9
suckler	1.3
sucklers	0.0
suckles	1.6
suckless	0.0
suckling	2.8
sucks	4.4
sucrase	1.3
sucrases	0.0
sucre	2.5
sucres	0.0
sucrose	2.8
sucroses	0.0
suction	3.4
suctions	1.3
sudaria	0.0
sudaries	0.0
sudarium	0.0
sudary	0.0
sudation	0.0
sudatory	0.0
sudd	1.7
sudden	4.4
suddenly	4.7
suddens	0.0
sudds	0.0
sudor	0.0
sudoral	0.0
sudors	0.0
suds	2.6
sudsed	0.0
sudser	0.0
sudsers	0.0
sudses	0.0
sudsier	0.0
sudsiest	0.0
sudsing	0.0
sudsless	0.0
sudsy	1.7
sue	4.2
sued	3.9
suede	3.2
sueded	0.0
suedes	1.4
sueding	0.0
suer	1.3
suers	0.0
sues	3.0
suet	2.4
suets	0.0
suety	0.0
suffari	0.0
suffaris	0.0
suffer	4.5
suffered	4.5
sufferer	2.9
suffers	3.8
suffice	3.5
sufficed	2.4
sufficer	0.0
suffices	2.4
suffix	3.0
suffixal	0.0
suffixed	1.8
suffixes	2.6
sufflate	0.0
suffrage	3.4
suffuse	1.5
suffused	2.6
suffuses	1.6
sugar	4.7
sugared	2.3
sugarier	0.0
sugaring	1.9
sugars	3.4
sugary	3.1
suggest	4.8
suggests	4.5
sugh	0.0
sughed	0.0
sughing	0.0
sughs	0.0
suicidal	3.6
suicide	4.6
suicided	1.7
suicides	3.4
suing	3.5
suint	0.0
suints	0.0
suit	4.7
suitable	4.4
suitably	3.1
suitcase	3.5
suite	4.2
suited	4.0
suiter	1.6
suiters	1.4
suites	3.5
suiting	2.6
suitings	0.0
suitlike	0.0
suitor	3.0
suitors	3.0
suits	4.2
sukiyaki	1.8
sukkah	1.8
sukkahs	0.0
sukkot	2.0
sukkoth	0.0
sulcal	0.0
sulcate	1.2
sulcated	0.0
sulci	1.8
sulcus	2.3
suldan	0.0
suldans	0.0
sulfa	1.9
sulfas	0.0
sulfate	3.2
sulfated	1.6
sulfates	2.4
sulfid	0.0
sulfide	2.9
sulfides	2.1
sulfids	0.0
sulfinyl	0.0
sulfite	2.2
sulfites	1.7
sulfitic	0.0
sulfo	1.1
sulfone	1.6
sulfones	1.1
sulfonic	1.8
sulfonyl	1.4
sulfur	3.4
sulfured	0.0
sulfuret	0.0
sulfuric	2.8
sulfurs	0.0
sulfury	0.0
sulfuryl	1.2
sulk	2.5
sulked	2.0
sulker	0.0
sulkers	0.0
sulkier	0.0
sulkies	0.0
sulkiest	0.0
sulkily	1.3
sulking	2.6
sulks	2.0
sulky	2.3
sullage	0.0
sullages	0.0
sullen	2.7
sullener	0.0
sullenly	1.8
sullied	2.4
sullies	1.4
sully	3.1
sullying	1.7
sulpha	0.0
sulphas	0.0
sulphate	2.6
sulphid	0.0
sulphide	2.4
sulphids	0.0
sulphite	1.8
sulphone	0.0
sulphur	3.2
sulphurs	1.0
sulphury	0.0
sultan	3.6
sultana	2.4
sultanas	1.9
sultanic	0.0
sultans	2.5
sultrier	0.0
sultrily	0.0
sultry	3.0
sulu	2.8
sulus	0.0
sum	4.3
sumac	2.3
sumach	1.1
sumachs	0.0
sumacs	0.0
sumless	0.0
summa	2.8
summable	1.3
summae	0.0
summand	1.3
summands	1.4
summary	4.4
summas	0.0
summate	0.0
summated	0.0
summates	0.0
summed	3.6
summer	5.2
summered	1.5
summerly	1.1
summers	3.8
summery	2.5
summing	2.9
summit	4.3
summital	0.0
summited	1.8
summitry	1.1
summits	3.0
summon	3.5
summoned	3.8
summoner	2.3
summons	3.5
sumo	3.1
sumos	1.3
sump	2.7
sumps	1.6
sumpter	2.1
sumpters	0.0
sumpweed	0.0
sums	3.9
sun	5.0
sunback	0.0
sunbaked	1.4
sunbath	1.6
sunbathe	2.2
sunbaths	0.0
sunbeam	2.6
sunbeams	2.1
sunbeamy	0.0
sunbelt	2.1
sunbelts	0.0
sunbird	1.8
sunbirds	1.3
sunblock	2.4
sunbow	0.0
sunbows	0.0
sunburn	3.0
sunburns	2.1
sunburnt	2.4
sunburst	2.6
sunchoke	1.2
sundae	2.8
sundaes	2.2
sundeck	1.6
sundecks	0.0
sunder	2.5
sundered	1.9
sunderer	0.0
sunders	1.1
sundew	1.6
sundews	1.3
sundial	2.5
sundials	1.8
sundog	1.3
sundogs	0.0
sundown	3.0
sundowns	2.1
sundress	2.2
sundries	2.1
sundrops	0.0
sundry	2.8
sunfast	0.0
sunfish	2.4
sung	3.9
sunglass	2.2
sunglow	0.0
sunglows	0.0
sunk	3.7
sunken	3.3
sunket	0.0
sunkets	0.0
sunlamp	1.3
sunlamps	1.2
sunland	2.0
sunlands	0.0
sunless	2.3
sunlight	3.9
sunlike	1.2
sunlit	2.4
sunn	2.0
sunna	2.1
sunnah	2.6
sunnahs	0.0
sunnas	0.0
sunned	1.4
sunnier	2.2
sunniest	2.1
sunnily	0.0
sunning	2.3
sunns	0.0
sunny	4.1
sunporch	0.0
sunproof	0.0
sunrise	3.8
sunrises	2.4
sunroof	2.8
sunroofs	1.3
sunroom	2.0
sunrooms	0.0
suns	3.6
sunscald	0.0
sunset	4.0
sunsets	3.0
sunshade	2.0
sunshine	4.2
sunshiny	1.9
sunspot	2.5
sunspots	2.5
sunstone	2.1
sunsuit	0.0
sunsuits	0.0
suntan	2.3
suntans	1.2
sunup	1.8
sunups	0.0
sunward	1.5
sunwards	0.0
sunwise	1.2
sup	3.6
supe	2.0
super	5.1
superadd	0.0
superb	4.0
superbad	2.2
superber	0.0
superbly	3.0
supercar	3.0
supercop	1.4
supered	0.0
superego	2.3
superfan	2.3
superfix	0.0
superhit	1.8
superhot	2.0
supering	0.0
superior	4.5
superjet	1.2
superlay	0.0
superlie	0.0
superman	4.0
supermen	2.2
supermom	1.6
supernal	1.5
superpro	0.0
supers	2.4
supersex	0.0
superspy	1.5
supertax	1.1
supes	2.0
supinate	0.0
supine	2.4
supinely	0.0
supines	0.0
supped	1.7
supper	3.7
suppers	2.4
supping	1.8
supplant	2.6
supple	2.9
suppled	0.0
supplely	0.0
suppler	0.0
supples	0.0
supplest	0.0
supplied	4.2
supplier	3.8
supplies	4.5
suppling	1.2
supply	4.8
support	5.5
supports	4.4
supposal	0.0
suppose	4.6
supposed	4.9
supposer	0.0
supposes	2.5
suppress	3.7
supra	3.1
supreme	4.7
supremer	0.0
supremo	2.4
supremos	1.1
sups	1.9
suq	1.4
suqs	0.0
sura	2.6
surah	2.5
surahs	1.7
sural	1.4
suras	1.7
surbase	0.0
surbased	0.0
surbases	0.0
surcease	1.4
surcoat	1.4
surcoats	0.0
surd	1.5
surds	1.0
sure	5.7
surefire	2.6
surely	4.5
sureness	1.6
surer	2.2
surest	2.6
sureties	1.9
surety	2.8
surf	3.9
surfable	1.1
surface	4.8
surfaced	3.4
surfacer	0.0
surfaces	4.0
surfbird	0.0
surfboat	1.1
surfed	2.5
surfeit	2.2
surfeits	0.0
surfer	3.3
surfers	3.2
surffish	0.0
surfier	0.0
surfiest	0.0
surfing	3.7
surfings	0.0
surflike	0.0
surfs	2.2
surfy	1.1
surge	3.8
surged	3.0
surgeon	4.1
surgeons	3.8
surger	1.1
surgers	0.0
surgery	4.6
surges	3.0
surgical	4.0
surging	3.0
surgy	0.0
suricate	0.0
surimi	1.4
surlier	0.0
surliest	0.0
surlily	0.0
surly	2.9
surmise	2.7
surmised	2.6
surmiser	0.0
surmises	2.1
surmount	2.2
surname	3.5
surnamed	2.4
surnamer	0.0
surnames	2.9
surpass	3.4
surplice	1.9
surplus	3.9
surprint	0.0
surprise	4.8
surprize	1.8
surra	1.4
surras	0.0
surreal	3.6
surrey	3.8
surreys	1.3
surround	3.8
surroyal	0.0
surtax	1.9
surtaxed	0.0
surtaxes	0.0
surtout	1.4
surtouts	0.0
surveil	2.1
surveils	0.0
survey	4.7
surveyed	3.7
surveyor	3.4
surveys	4.0
survival	4.4
survive	4.5
survived	4.3
surviver	1.1
survives	3.5
survivor	4.0
sushi	3.7
sushis	1.1
suslik	0.0
susliks	0.0
suspect	4.5
suspects	3.9
suspend	3.7
suspends	2.9
suspense	3.5
suspire	0.0
suspired	0.0
suspires	0.0
suss	2.4
sussed	2.0
susses	0.0
sussing	1.6
sustain	3.9
sustains	2.9
susurrus	0.0
sutler	1.8
sutlers	1.0
sutra	2.9
sutras	2.4
sutta	2.2
suttas	1.7
suttee	1.2
suttees	0.0
sutural	1.4
suture	3.0
sutured	2.0
sutures	2.9
suturing	2.2
suzerain	1.9
svaraj	0.0
svarajes	0.0
svedberg	1.7
svelte	2.2
sveltely	0.0
svelter	0.0
sveltest	0.0
swab	2.8
swabbed	2.1
swabber	0.0
swabbers	0.0
swabbie	0.0
swabbies	0.0
swabbing	2.0
swabby	0.0
swabs	2.6
swacked	0.0
swaddle	2.2
swaddled	2.1
swaddles	1.3
swag	3.2
swage	1.6
swaged	1.5
swager	0.0
swagers	0.0
swages	0.0
swagged	1.4
swagger	3.2
swaggers	1.6
swaggie	0.0
swaggies	0.0
swagging	1.2
swaging	1.4
swagman	1.4
swagmen	0.0
swags	2.0
swail	1.3
swails	1.2
swain	3.0
swainish	0.0
swains	1.6
swale	2.2
swales	2.2
swallow	3.9
swallows	3.2
swam	3.3
swami	3.0
swamies	0.0
swamis	1.5
swamp	3.8
swamped	3.0
swamper	1.2
swampers	1.4
swampier	0.0
swamping	2.0
swampish	0.0
swamps	3.1
swampy	2.8
swamy	2.6
swan	3.8
swang	1.7
swanherd	0.0
swank	2.7
swanked	0.0
swanker	0.0
swankest	0.0
swankier	1.2
swankily	0.0
swanking	0.0
swanks	0.0
swanky	2.6
swanlike	0.0
swanned	1.1
swannery	0.0
swanning	1.7
swanpan	0.0
swanpans	0.0
swans	3.3
swanskin	0.0
swap	3.9
swapped	3.4
swapper	1.6
swappers	1.4
swapping	3.3
swaps	3.1
swaraj	2.5
swarajes	0.0
sward	1.9
swarded	0.0
swarding	0.0
swards	1.1
sware	1.8
swarf	1.5
swarfs	0.0
swarm	3.4
swarmed	2.8
swarmer	1.2
swarmers	1.1
swarming	3.0
swarms	2.9
swart	2.2
swarth	1.1
swarths	0.0
swarthy	2.2
swarty	0.0
swash	2.2
swashed	0.0
swasher	0.0
swashers	0.0
swashes	0.0
swashing	0.0
swastica	0.0
swastika	3.0
swat	3.5
swatch	2.8
swatches	2.8
swath	2.8
swathe	2.3
swathed	2.2
swather	0.0
swathers	0.0
swathes	2.5
swathing	1.0
swaths	2.6
swats	2.0
swatted	2.4
swatter	1.9
swatters	1.4
swatting	2.5
sway	3.6
swayable	0.0
swayback	1.1
swayed	3.2
swayer	0.0
swayers	0.0
swayful	0.0
swaying	3.1
sways	2.4
swear	4.5
swearer	1.2
swearers	0.0
swearing	3.5
swears	3.2
sweat	4.1
sweatbox	1.5
sweated	2.5
sweater	3.8
sweaters	3.3
sweatier	1.3
sweatily	0.0
sweating	3.7
sweats	3.1
sweaty	3.6
swede	3.0
swedes	3.2
sweenies	0.0
sweeny	2.1
sweep	4.0
sweeper	2.9
sweepers	2.5
sweepier	0.0
sweeping	3.8
sweeps	3.3
sweepy	0.0
sweer	0.0
sweet	4.9
sweeten	2.8
sweetens	1.8
sweeter	3.3
sweetest	3.4
sweetie	3.6
sweeties	2.3
sweeting	2.2
sweetish	1.6
sweetly	3.0
sweets	3.6
sweetsop	0.0
swell	3.6
swelled	3.0
sweller	1.1
swellest	0.0
swelling	3.7
swells	3.1
swelter	1.6
swelters	1.1
sweltry	0.0
swept	3.9
swerve	3.0
swerved	2.7
swerver	0.0
swervers	0.0
swerves	2.2
swerving	2.7
sweven	0.0
swevens	0.0
swidden	1.4
swiddens	0.0
swift	4.2
swifter	2.2
swifters	0.0
swiftest	2.0
swiftlet	0.0
swiftly	3.5
swifts	2.7
swig	2.6
swigged	1.3
swigger	0.0
swiggers	0.0
swigging	1.7
swigs	1.7
swill	2.3
swilled	1.3
swiller	0.0
swillers	0.0
swilling	2.1
swills	1.0
swim	4.2
swimmer	3.5
swimmers	3.5
swimmier	0.0
swimmily	0.0
swimming	4.4
swimmy	1.4
swims	3.0
swimsuit	3.3
swimwear	3.0
swindle	2.7
swindled	2.5
swindler	2.4
swindles	1.9
swine	3.5
swinepox	0.0
swing	4.3
swingby	0.0
swingbys	0.0
swinge	1.1
swinged	0.0
swinger	2.8
swingers	3.0
swinges	0.0
swingier	0.0
swinging	3.8
swingle	1.8
swingled	0.0
swingles	0.0
swingman	2.2
swingmen	0.0
swings	3.7
swingy	1.6
swinish	1.4
swink	1.6
swinked	0.0
swinking	0.0
swinks	0.0
swinney	2.4
swinneys	0.0
swipe	3.6
swiped	2.9
swipes	2.7
swiping	3.0
swiple	0.0
swiples	0.0
swipple	0.0
swipples	0.0
swirl	3.2
swirled	2.7
swirlier	0.0
swirling	3.2
swirls	2.7
swirly	2.3
swish	2.9
swished	1.9
swisher	2.5
swishers	1.2
swishes	1.7
swishier	0.0
swishing	2.3
swishy	1.8
swiss	4.2
swisses	0.0
switch	4.6
switched	4.1
switcher	2.5
switches	3.8
swith	1.4
swithe	0.0
swither	0.0
swithers	0.0
swithly	0.0
swive	0.0
swived	0.0
swivel	3.0
swiveled	1.8
swivels	2.1
swives	0.0
swivet	0.0
swivets	0.0
swiving	0.0
swizzle	1.9
swizzled	0.0
swizzler	0.0
swizzles	0.0
swob	0.0
swobbed	0.0
swobber	0.0
swobbers	0.0
swobbing	0.0
swobs	0.0
swollen	3.6
swoon	2.9
swooned	2.2
swooner	0.0
swooners	0.0
swooning	2.5
swoons	1.9
swoop	3.2
swooped	2.7
swooper	1.0
swoopers	0.0
swooping	2.6
swoops	2.4
swoosh	2.5
swooshed	1.1
swooshes	1.6
swop	1.8
swopped	0.0
swopping	0.0
swops	0.0
sword	4.4
swordman	1.1
swordmen	0.0
swords	3.8
swore	3.5
sworn	3.9
swot	2.7
swots	1.2
swotted	0.0
swotter	0.0
swotters	0.0
swotting	1.3
swoun	0.0
swound	0.0
swounded	0.0
swounds	0.0
swouned	0.0
swouning	0.0
swouns	0.0
swum	2.4
swung	3.5
sybarite	1.5
sybo	0.0
syboes	0.0
sycamine	0.0
sycamore	2.9
syce	0.0
sycee	0.0
sycees	0.0
syces	0.0
sycomore	0.0
syconia	0.0
syconium	0.0
sycoses	0.0
sycosis	0.0
syenite	1.6
syenites	1.0
syenitic	0.0
syke	1.7
sykes	3.3
syli	0.0
sylis	0.0
syllabi	2.3
syllabic	2.3
syllable	3.3
syllabub	1.1
syllabus	3.3
sylph	2.0
sylphic	0.0
sylphid	0.0
sylphids	0.0
sylphish	0.0
sylphs	1.4
sylphy	0.0
sylva	2.1
sylvae	0.0
sylvan	2.8
sylvans	0.0
sylvas	0.0
sylvatic	1.0
sylvin	0.0
sylvine	0.0
sylvines	0.0
sylvins	0.0
sylvite	0.0
sylvites	0.0
symbion	1.1
symbions	0.0
symbiont	2.1
symbiot	0.0
symbiote	2.6
symbiots	0.0
symbol	4.3
symboled	0.0
symbolic	3.9
symbols	4.0
symmetry	3.5
sympathy	4.0
sympatry	1.1
symphony	3.8
sympodia	0.0
symposia	2.6
symptom	3.6
symptoms	4.5
syn	3.0
synagog	0.0
synagogs	0.0
synanon	1.5
synanons	0.0
synapse	2.8
synapsed	0.0
synapses	2.8
synapsid	1.1
synapsis	1.2
synaptic	3.0
sync	3.9
syncarp	0.0
syncarps	0.0
syncarpy	0.0
synced	2.9
synch	2.5
synched	2.1
synching	2.3
synchro	2.6
synchros	1.4
synchs	1.4
syncing	2.9
syncline	1.7
syncom	1.2
syncoms	0.0
syncopal	1.1
syncope	2.3
syncopes	0.0
syncopic	0.0
syncs	2.4
syncytia	0.0
syndeses	0.0
syndesis	0.0
syndet	0.0
syndetic	0.0
syndets	0.0
syndic	1.7
syndical	1.3
syndics	1.3
syndrome	4.2
syne	2.4
synectic	0.0
synergia	0.0
synergic	1.3
synergid	0.0
synergy	3.2
synesis	0.0
synfuel	0.0
synfuels	1.2
syngamic	0.0
syngamy	0.0
syngas	1.9
syngases	0.0
synod	3.3
synodal	1.7
synodic	1.8
synods	2.4
synonym	3.1
synonyme	1.1
synonyms	3.2
synonymy	2.3
synopses	2.1
synopsis	3.4
synoptic	2.5
synovia	0.0
synovial	2.4
synovias	0.0
syntagma	1.8
syntax	3.5
syntaxes	1.4
synth	3.4
synths	3.0
syntonic	1.3
syntony	0.0
synura	0.0
synurae	0.0
syph	1.3
sypher	1.6
syphered	0.0
syphers	0.0
syphilis	3.1
syphon	2.0
syphoned	1.2
syphons	1.1
syphs	0.0
syren	1.8
syrens	0.0
syringa	1.6
syringas	0.0
syringe	3.3
syringed	1.2
syringes	2.9
syrinx	1.8
syrinxes	0.0
syrphian	0.0
syrphid	1.1
syrphids	0.0
syrup	3.8
syrups	2.5
syrupy	2.4
sysop	1.5
sysops	1.3
system	5.6
systemic	3.7
systems	5.1
systole	1.8
systoles	0.0
systolic	2.7
syzygal	0.0
syzygial	0.0
syzygies	0.0
syzygy	1.7
tab	4.0
tabanid	0.0
tabanids	0.0
tabard	2.1
tabarded	0.0
tabards	1.3
tabaret	0.0
tabarets	0.0
tabbed	2.4
tabbied	0.0
tabbies	1.5
tabbing	1.6
tabbis	0.0
tabbises	0.0
tabby	2.8
tabbying	0.0
taber	2.4
tabered	0.0
tabering	0.0
tabers	0.0
tabes	1.7
tabetic	0.0
tabetics	0.0
tabid	1.1
tabla	2.2
tablas	1.5
table	5.0
tableau	2.9
tableaus	1.5
tableaux	2.4
tabled	2.9
tableful	0.0
tables	4.3
tablet	4.0
tableted	0.0
tabletop	3.1
tablets	3.9
tabling	2.3
tabloid	3.2
tabloids	2.9
taboo	3.5
tabooed	1.1
tabooing	0.0
tabooley	0.0
taboos	2.8
tabor	2.8
tabored	0.0
taborer	0.0
taborers	0.0
taboret	0.0
taborets	0.0
taborin	0.0
taborine	0.0
taboring	0.0
taborins	0.0
tabors	0.0
tabouli	1.2
taboulis	0.0
tabour	0.0
taboured	0.0
tabourer	0.0
tabouret	0.0
tabours	0.0
tabs	3.6
tabu	2.3
tabued	0.0
tabuing	0.0
tabular	2.4
tabulate	1.9
tabuli	0.0
tabulis	0.0
tabun	1.5
tabuns	0.0
tabus	1.2
tace	1.5
taces	0.0
tacet	1.1
tach	2.1
tache	2.0
taches	0.0
tachinid	1.2
tachism	0.0
tachisme	0.0
tachisms	0.0
tachist	0.0
tachiste	0.0
tachists	0.0
tachs	0.0
tachyon	2.2
tachyons	1.7
tacit	2.9
tacitly	2.7
taciturn	2.4
tack	3.4
tacked	2.9
tacker	1.5
tackers	0.0
tacket	0.0
tackets	0.0
tackey	0.0
tackier	1.1
tackiest	1.4
tackify	0.0
tackily	0.0
tacking	2.5
tackle	4.2
tackled	3.4
tackler	2.3
tacklers	1.9
tackles	3.8
tackless	0.0
tackling	3.5
tacks	2.7
tacky	3.2
tacnode	0.0
tacnodes	0.0
taco	3.7
taconite	1.9
tacos	3.4
tact	3.1
tactful	2.6
tactic	3.7
tactical	4.0
tactics	4.2
tactile	3.1
taction	0.0
tactions	0.0
tactless	2.3
tacts	1.1
tactual	0.0
tad	3.5
tadpole	2.5
tadpoles	2.5
tads	1.6
tae	3.5
tael	1.8
taels	2.2
taenia	1.7
taeniae	0.0
taenias	0.0
taffarel	1.0
tafferel	0.0
taffeta	2.3
taffetas	0.0
taffia	0.0
taffias	0.0
taffies	0.0
taffrail	1.1
taffy	2.7
tafia	0.0
tafias	0.0
tag	4.4
tagalong	1.2
tagboard	1.1
tagged	3.8
tagger	2.1
taggers	1.8
tagging	3.4
taglike	0.0
tagmeme	0.0
tagmemes	0.0
tagmemic	0.0
tagrag	0.0
tagrags	0.0
tags	3.8
tahini	2.3
tahinis	0.0
tahr	1.4
tahrs	0.0
tahsil	1.6
tahsils	0.0
taiga	2.6
taigas	0.0
taiglach	0.0
tail	4.3
tailback	2.3
tailbone	2.1
tailcoat	1.6
tailed	3.4
tailer	1.8
tailers	1.4
tailfan	0.0
tailfans	0.0
tailgate	3.0
tailing	2.7
tailings	2.7
taillamp	0.0
taille	1.8
tailles	0.0
tailless	1.8
tailleur	0.0
taillike	0.0
tailor	3.6
tailored	3.6
tailors	2.8
tailpipe	2.3
tailrace	1.4
tails	3.7
tailskid	0.0
tailspin	2.3
tailwind	2.3
tain	2.4
tains	1.0
taint	3.0
tainted	3.4
tainting	2.1
taints	2.1
taipan	1.9
taipans	1.9
taj	3.3
tajes	0.0
taka	2.8
takable	0.0
takahe	1.2
takahes	0.0
take	5.9
takeable	0.0
takeaway	3.3
takedown	3.0
taken	5.3
takeoff	3.4
takeoffs	2.2
takeout	2.9
takeouts	1.1
takeover	3.7
taker	3.2
takers	3.2
takes	5.2
takeup	1.4
takeups	0.0
takin	3.2
taking	5.4
takingly	0.0
takings	2.7
takins	0.0
tala	2.4
talapoin	0.0
talar	1.6
talaria	0.0
talars	0.0
talas	1.7
talc	2.5
talced	0.0
talcing	0.0
talcked	0.0
talcking	0.0
talcky	0.0
talcose	0.0
talcous	0.0
talcs	0.0
talcum	2.3
talcums	0.0
tale	4.3
talent	4.6
talented	4.3
talents	4.0
taler	1.5
talers	1.1
tales	4.1
talesman	0.0
talesmen	0.0
taleysim	0.0
tali	2.5
talion	1.6
talions	0.0
taliped	0.0
talipeds	0.0
talipes	1.0
talipot	0.0
talipots	0.0
talisman	3.1
talk	5.4
talkable	0.0
talked	4.6
talker	3.0
talkers	2.7
talkie	2.8
talkier	0.0
talkies	2.6
talkiest	0.0
talking	5.3
talkings	0.0
talks	4.6
talky	2.0
tall	4.5
tallage	1.2
tallaged	0.0
tallages	0.0
tallboy	1.7
tallboys	1.4
taller	3.7
tallest	3.5
tallied	2.9
tallier	0.0
talliers	0.0
tallies	2.8
tallis	2.5
tallish	1.3
tallisim	0.0
tallit	1.6
tallith	0.0
tallitim	0.0
tallness	1.6
tallol	0.0
tallols	0.0
tallow	2.4
tallowed	0.0
tallows	1.0
tallowy	0.0
tally	3.6
tallyho	1.2
tallyhos	0.0
tallying	2.5
tallyman	1.0
tallymen	0.0
talmudic	2.4
talon	3.0
taloned	1.1
talons	2.8
talooka	0.0
talookas	0.0
taluk	2.3
taluka	2.1
talukas	1.4
taluks	1.6
talus	2.4
taluses	0.0
tam	3.3
tamable	0.0
tamal	1.6
tamale	2.5
tamales	2.6
tamals	0.0
tamandu	0.0
tamandua	1.2
tamandus	0.0
tamarack	2.2
tamarao	0.0
tamaraos	0.0
tamarau	0.0
tamaraus	0.0
tamari	1.9
tamarin	1.7
tamarind	2.6
tamarins	1.7
tamaris	1.1
tamarisk	1.9
tamasha	1.9
tamashas	0.0
tambac	0.0
tambacs	0.0
tambak	0.0
tambaks	0.0
tambala	0.0
tambalas	0.0
tambour	1.8
tamboura	0.0
tambours	1.0
tambur	0.0
tambura	1.1
tamburas	0.0
tamburs	0.0
tame	3.6
tameable	0.0
tamed	3.0
tamein	0.0
tameins	0.0
tameless	0.0
tamely	1.9
tameness	1.5
tamer	2.7
tamers	1.9
tames	2.1
tamest	1.4
taming	2.9
tamis	1.2
tamises	0.0
tammie	2.0
tammies	0.0
tammy	3.4
tamp	2.3
tampala	0.0
tampalas	0.0
tampan	0.0
tampans	0.0
tamped	1.9
tamper	2.9
tampered	3.0
tamperer	0.0
tampers	1.8
tamping	2.0
tampion	0.0
tampions	0.0
tampon	2.9
tamponed	0.0
tampons	3.0
tamps	1.3
tams	2.2
tan	4.0
tanager	1.9
tanagers	1.6
tanbark	1.1
tanbarks	0.0
tandem	3.5
tandems	1.9
tandoor	1.8
tandoori	2.4
tang	3.6
tanged	1.1
tangelo	1.4
tangelos	1.0
tangence	0.0
tangency	1.5
tangent	3.2
tangents	2.5
tangible	3.7
tangibly	2.0
tangier	2.6
tangiest	0.0
tanging	1.1
tangle	3.1
tangled	3.5
tangler	0.0
tanglers	0.0
tangles	2.6
tanglier	0.0
tangling	2.3
tangly	1.2
tango	3.6
tangoed	1.1
tangoing	0.0
tangos	2.1
tangram	1.5
tangrams	0.0
tangs	1.9
tangy	2.6
tanist	0.0
tanistry	1.0
tanists	0.0
tank	4.6
tanka	2.2
tankage	1.4
tankages	0.0
tankard	2.4
tankards	1.7
tankas	0.0
tanked	2.8
tanker	3.4
tankers	3.2
tankful	1.2
tankfuls	0.0
tanking	2.7
tanklike	0.0
tanks	4.3
tankship	0.0
tannable	0.0
tannage	0.0
tannages	0.0
tannate	0.0
tannates	0.0
tanned	3.1
tanner	3.6
tanners	2.2
tannery	2.4
tannest	0.0
tannic	2.2
tannin	2.5
tanning	3.3
tannings	0.0
tannins	2.6
tannish	1.1
tanrec	0.0
tanrecs	0.0
tans	2.7
tansies	0.0
tansy	2.2
tantalic	0.0
tantalum	2.5
tantalus	2.1
tantara	0.0
tantaras	0.0
tantivy	1.1
tanto	2.6
tantra	2.6
tantras	1.7
tantric	2.7
tantrum	3.1
tantrums	3.0
tanuki	2.0
tanukis	0.0
tanyard	1.1
tanyards	0.0
tao	3.5
taos	2.7
tap	4.3
tapa	2.1
tapadera	0.0
tapadero	0.0
tapalo	0.0
tapalos	0.0
tapas	2.9
tape	4.4
taped	3.5
tapeless	1.1
tapelike	0.0
tapeline	0.0
taper	3.3
tapered	3.1
taperer	0.0
taperers	0.0
tapering	3.1
tapers	2.6
tapes	3.8
tapestry	3.2
tapeta	1.2
tapetal	0.0
tapetum	1.5
tapeworm	2.5
taphole	0.0
tapholes	0.0
taphouse	1.6
taping	3.2
tapioca	2.6
tapiocas	0.0
tapir	2.3
tapirs	1.9
tapis	1.6
tapises	0.0
tapped	3.7
tapper	2.7
tappers	2.0
tappet	1.6
tappets	1.5
tapping	3.8
tappings	1.3
taproom	2.2
taprooms	1.2
taproot	1.9
taproots	1.3
taps	3.6
tapster	0.0
tapsters	0.0
tar	3.6
tarama	0.0
taramas	0.0
tarantas	0.0
tarboosh	0.0
tarbush	0.0
tardier	0.0
tardies	1.5
tardiest	0.0
tardily	1.3
tardo	1.0
tardy	2.7
tardyon	0.0
tardyons	0.0
tare	2.3
tared	0.0
tares	1.9
targe	1.8
targes	0.0
target	4.8
targeted	4.2
targets	4.3
tariff	3.5
tariffed	1.1
tariffs	3.6
taring	1.2
tarlatan	0.0
tarletan	0.0
tarmac	3.0
tarmacs	1.1
tarn	2.6
tarnal	0.0
tarnally	0.0
tarnish	2.9
tarns	1.7
taro	2.9
taroc	0.0
tarocs	0.0
tarok	1.3
taroks	0.0
taros	1.1
tarot	3.1
tarots	1.1
tarp	3.0
tarpan	0.0
tarpans	0.0
tarpaper	1.3
tarpon	2.4
tarpons	0.0
tarps	2.4
tarragon	2.5
tarre	0.0
tarred	2.5
tarres	0.0
tarried	1.6
tarrier	0.0
tarriers	0.0
tarries	1.2
tarriest	0.0
tarring	2.1
tarry	2.4
tarrying	1.3
tars	2.5
tarsal	2.1
tarsals	1.1
tarsi	1.9
tarsia	0.0
tarsias	0.0
tarsier	1.6
tarsiers	1.4
tarsus	2.6
tart	3.4
tartan	2.9
tartana	0.0
tartanas	0.0
tartans	2.0
tartar	2.9
tartaric	1.9
tartars	2.3
tarted	1.7
tarter	1.9
tartest	0.0
tarting	1.3
tartish	0.0
tartlet	1.4
tartlets	1.7
tartly	1.7
tartness	1.9
tartrate	2.1
tarts	3.0
tartufe	0.0
tartufes	0.0
tartuffe	1.9
tarty	1.4
tarweed	0.0
tarweeds	0.0
tarzan	3.2
tarzans	0.0
tas	3.0
task	4.7
tasked	3.5
tasking	2.8
tasks	4.2
taskwork	0.0
tass	2.6
tasse	1.5
tassel	2.7
tasseled	1.6
tassels	2.6
tasses	0.0
tasset	0.0
tassets	0.0
tassie	2.2
tassies	0.0
tastable	0.0
taste	4.7
tasted	3.7
tasteful	3.0
taster	2.7
tasters	2.2
tastes	4.1
tastier	2.5
tastiest	2.4
tastily	0.0
tasting	3.6
tasty	3.8
tat	3.4
tatami	2.2
tatamis	0.0
tatar	2.8
tatars	2.8
tate	3.7
tater	2.6
taters	2.1
tates	2.0
tatouay	0.0
tatouays	0.0
tats	2.7
tatted	2.1
tatter	1.3
tattered	2.8
tatters	2.6
tattie	1.6
tattier	0.0
tatties	1.6
tattiest	0.0
tattily	0.0
tatting	1.6
tattings	0.0
tattle	2.3
tattled	1.4
tattler	1.8
tattlers	0.0
tattles	1.2
tattling	1.8
tattoo	4.1
tattooed	3.4
tattooer	1.3
tattoos	3.8
tatty	2.2
tau	3.3
taught	4.7
taunt	3.0
taunted	2.7
taunter	1.2
taunters	0.0
taunting	3.0
taunts	3.0
taupe	2.5
taupes	0.0
taurine	2.3
taurines	0.0
taus	1.7
taut	2.9
tautaug	0.0
tautaugs	0.0
tauted	0.0
tauten	0.0
tautened	0.0
tautens	0.0
tauter	0.0
tautest	0.0
tauting	0.0
tautly	1.5
tautness	1.4
tautog	1.1
tautogs	0.0
tautomer	1.2
tautonym	0.0
tauts	0.0
tav	2.1
tavern	3.5
taverna	2.1
tavernas	1.5
taverner	1.9
taverns	2.7
tavs	0.0
taw	2.3
tawdrier	0.0
tawdries	0.0
tawdrily	0.0
tawdry	2.4
tawed	0.0
tawer	0.0
tawers	0.0
tawie	0.0
tawing	0.0
tawney	2.1
tawneys	0.0
tawnier	0.0
tawnies	0.0
tawniest	0.0
tawnily	0.0
tawny	2.8
tawpie	0.0
tawpies	0.0
taws	1.3
tawse	1.3
tawsed	0.0
tawses	0.0
tawsing	0.0
tax	5.1
taxa	2.9
taxable	3.4
taxables	0.0
taxably	0.0
taxation	3.8
taxed	3.5
taxeme	0.0
taxemes	0.0
taxemic	0.0
taxer	0.0
taxers	0.0
taxes	4.7
taxi	4.2
taxicab	2.6
taxicabs	2.1
taxied	2.0
taxies	1.3
taxiing	2.3
taximan	0.0
taximen	0.0
taxing	3.4
taxingly	0.0
taxis	3.4
taxite	0.0
taxites	0.0
taxitic	0.0
taxiway	2.2
taxiways	1.8
taxless	0.0
taxman	2.3
taxmen	1.2
taxon	2.5
taxonomy	3.1
taxons	0.0
taxpaid	1.0
taxpayer	3.9
taxus	1.7
taxwise	0.0
taxying	0.0
tazza	1.6
tazzas	0.0
tazze	0.0
tea	4.7
teaberry	0.0
teaboard	0.0
teabowl	0.0
teabowls	0.0
teabox	0.0
teaboxes	0.0
teacake	1.5
teacakes	1.5
teacart	0.0
teacarts	0.0
teach	4.7
teacher	4.9
teachers	4.7
teaches	4.0
teaching	4.7
teacup	2.7
teacups	2.2
teahouse	2.3
teak	2.8
teaks	0.0
teakwood	1.6
teal	3.2
tealike	0.0
teals	1.6
team	5.7
teamaker	0.0
teamed	3.6
teaming	3.3
teammate	3.8
teams	5.0
teamster	2.2
teamwork	3.5
teapot	2.9
teapots	2.2
teapoy	0.0
teapoys	0.0
tear	4.3
tearable	0.0
tearaway	1.9
teardown	2.2
teardrop	2.7
teared	2.6
tearer	0.0
tearers	0.0
tearful	3.0
teargas	2.3
tearier	0.0
teariest	0.0
tearily	0.0
tearing	3.8
tearless	1.1
tearoom	2.2
tearooms	1.7
tears	4.5
teary	2.8
teas	3.2
tease	3.6
teased	3.3
teasel	1.4
teaseled	0.0
teaseler	0.0
teasels	1.1
teaser	3.5
teasers	2.7
teases	2.8
teashop	1.5
teashops	1.0
teasing	3.5
teaspoon	3.3
teat	2.5
teated	0.0
teatime	2.4
teatimes	0.0
teats	2.3
teaware	1.2
teawares	0.0
teazel	0.0
teazeled	0.0
teazels	0.0
teazle	1.4
teazled	0.0
teazles	0.0
teazling	0.0
teched	1.7
techie	2.5
techier	0.0
techies	2.5
techiest	0.0
techily	0.0
technic	2.4
technics	2.4
techy	2.2
tecta	1.2
tectal	0.0
tectite	0.0
tectites	0.0
tectonic	3.1
tectrix	0.0
tectum	1.6
ted	4.3
tedded	0.0
tedder	2.2
tedders	0.0
teddies	2.1
tedding	0.0
teddy	3.9
tedious	3.5
tedium	2.5
tediums	0.0
teds	2.0
tee	3.8
teed	2.4
teeing	2.1
teel	2.1
teels	0.0
teem	2.1
teemed	1.7
teemer	0.0
teemers	0.0
teeming	2.9
teems	2.0
teen	4.3
teenage	4.1
teenaged	2.7
teenager	4.1
teener	0.0
teeners	0.0
teenful	0.0
teenier	0.0
teeniest	1.4
teens	4.2
teensier	0.0
teensy	2.4
teentsy	0.0
teeny	3.0
teenybop	0.0
teepee	2.2
teepees	1.7
tees	3.3
teeter	2.4
teetered	1.9
teeters	2.0
teeth	4.6
teethe	1.0
teethed	1.1
teether	1.6
teethers	0.0
teethes	0.0
teething	2.8
teetotal	1.9
teetotum	0.0
teff	1.9
teffs	0.0
tefillin	1.9
teg	2.1
tegmen	0.0
tegmenta	0.0
tegmina	1.1
tegminal	0.0
tegs	1.1
tegua	0.0
teguas	0.0
tegular	0.0
tegumen	0.0
tegument	1.3
tegumina	0.0
teiglach	0.0
teiid	0.0
teiids	0.0
teind	0.0
teinds	0.0
tektite	1.4
tektites	1.5
tektitic	0.0
tel	3.9
tela	2.0
telae	0.0
telamon	1.6
tele	3.1
telecast	3.1
teledu	0.0
teledus	0.0
telefilm	1.5
telega	0.0
telegas	0.0
telegony	1.1
telegram	3.5
teleman	0.0
telemark	1.8
telemen	0.0
teleost	1.7
teleosts	1.6
telepath	2.1
teleplay	1.7
teleport	3.0
teleran	0.0
telerans	0.0
teles	1.9
teleses	0.0
telesis	1.6
telestic	0.0
teletext	1.9
telethon	2.5
teleview	0.0
televise	2.2
telex	2.3
telexed	0.0
telexes	1.1
telexing	0.0
telfer	2.3
telfered	0.0
telfers	0.0
telford	2.9
telfords	0.0
telia	1.7
telial	0.0
telic	1.6
telium	0.0
tell	5.5
tellable	0.0
teller	3.5
tellers	2.8
tellies	1.2
telling	4.9
tells	4.8
telltale	2.9
telluric	1.6
telly	3.2
tellys	0.0
teloi	0.0
telome	0.0
telomere	2.4
telomes	0.0
telomic	0.0
telos	2.3
telpher	0.0
telphers	0.0
tels	1.5
telson	1.8
telsonic	0.0
telsons	0.0
temblor	1.9
temblors	0.0
temerity	2.4
temp	3.8
temped	1.4
tempeh	2.2
tempehs	0.0
temper	3.8
tempera	2.4
temperas	0.0
tempered	3.5
temperer	0.0
tempers	2.8
tempest	3.3
tempests	2.1
tempi	1.9
temping	1.9
templar	3.1
templars	2.8
template	3.7
temple	4.5
templed	0.0
temples	3.7
templet	0.0
templets	0.0
tempo	3.7
temporal	3.6
tempos	2.4
temps	3.3
tempt	3.2
tempted	3.9
tempter	1.9
tempters	1.2
tempting	3.6
tempts	2.4
tempura	2.5
tempuras	0.0
ten	5.0
tenable	2.4
tenably	0.0
tenace	1.1
tenaces	0.0
tenacity	3.1
tenacula	0.0
tenail	0.0
tenaille	0.0
tenails	0.0
tenancy	3.1
tenant	3.8
tenanted	2.1
tenantry	1.4
tenants	3.9
tench	2.2
tenches	0.0
tend	4.6
tendance	1.5
tended	3.8
tendence	0.0
tendency	4.0
tender	4.1
tendered	3.0
tenderer	1.7
tenderly	2.8
tenders	3.3
tending	3.3
tendon	3.3
tendons	3.0
tendril	2.0
tendrils	2.6
tends	4.1
tenebrae	1.9
tenement	2.9
tenesmic	0.0
tenesmus	1.1
tenet	3.0
tenets	3.1
tenfold	2.8
tenfolds	0.0
tenia	1.5
teniae	0.0
tenias	0.0
teniases	0.0
teniasis	0.0
tenner	2.6
tenners	1.2
tennies	1.0
tennis	4.3
tennises	0.0
tennist	0.0
tennists	0.0
tenon	2.2
tenoned	0.0
tenoner	0.0
tenoners	0.0
tenoning	0.0
tenons	1.6
tenor	3.4
tenorist	0.0
tenorite	0.0
tenors	2.4
tenotomy	0.0
tenour	0.0
tenours	0.0
tenpence	0.0
tenpenny	1.6
tenpin	1.6
tenpins	0.0
tenrec	0.0
tenrecs	0.0
tens	3.9
tense	4.0
tensed	2.6
tensely	1.8
tenser	1.7
tenses	2.7
tensest	1.2
tensible	0.0
tensibly	0.0
tensile	3.0
tensing	2.2
tension	4.2
tensions	3.8
tensity	0.0
tensive	0.0
tensor	3.0
tensors	2.2
tent	4.0
tentacle	2.7
tentage	0.0
tentages	0.0
tented	2.4
tenter	1.5
tentered	0.0
tenters	1.1
tenth	3.9
tenthly	0.0
tenths	3.0
tentie	0.0
tentier	0.0
tentiest	0.0
tenting	1.9
tentless	0.0
tentlike	0.0
tents	3.6
tenty	0.0
tenues	0.0
tenuis	1.8
tenuity	0.0
tenuous	3.0
tenure	3.9
tenured	2.8
tenures	2.4
tenurial	0.0
tenuti	0.0
tenuto	1.2
tenutos	0.0
teocalli	0.0
teopan	0.0
teopans	0.0
teosinte	1.4
tepa	1.4
tepal	0.0
tepals	1.5
tepas	0.0
tepee	2.0
tepees	1.6
tepefied	0.0
tepefies	0.0
tepefy	0.0
tephra	2.0
tephras	0.0
tephrite	0.0
tepid	2.7
tepidity	0.0
tepidly	1.3
tepoy	0.0
tepoys	0.0
tequila	3.5
tequilas	1.9
terai	2.0
terais	0.0
teraohm	0.0
teraohms	0.0
teraph	0.0
teraphim	0.0
teratism	0.0
teratoid	0.0
teratoma	1.8
terawatt	1.6
terbia	0.0
terbias	0.0
terbic	0.0
terbium	1.6
terbiums	0.0
terce	1.2
tercel	1.6
tercelet	0.0
tercels	0.0
terces	0.0
tercet	1.2
tercets	0.0
terebene	0.0
terebic	0.0
teredo	1.5
teredos	0.0
terefah	0.0
terete	1.7
terga	1.0
tergal	0.0
tergite	1.4
tergites	1.6
tergum	1.2
teriyaki	2.5
term	5.2
termed	3.6
termer	1.4
termers	1.3
terminal	4.3
terming	2.0
termini	2.5
terminus	3.2
termite	2.8
termites	3.0
termitic	0.0
termless	0.0
termly	1.4
termor	0.0
termors	0.0
terms	5.1
termtime	0.0
tern	2.7
ternary	2.5
ternate	1.8
terne	1.1
ternes	1.2
ternion	0.0
ternions	0.0
terns	2.5
terpene	1.9
terpenes	2.2
terpenic	0.0
terpinol	0.0
terra	3.4
terrace	3.9
terraced	3.0
terraces	3.3
terrae	1.7
terrain	3.9
terrains	2.5
terrane	2.1
terranes	1.9
terrapin	2.3
terraria	2.2
terras	1.9
terrases	0.0
terrazzo	2.2
terreen	0.0
terreens	0.0
terrella	0.0
terrene	1.2
terrenes	0.0
terret	0.0
terrets	0.0
terrible	4.7
terribly	3.9
terrier	3.2
terriers	2.8
terries	0.0
terrific	3.9
terrify	2.8
terrine	2.1
terrines	1.3
territ	0.0
territs	0.0
terror	4.3
terrors	2.9
terry	4.2
terse	2.7
tersely	1.9
terser	0.0
tersest	0.0
tertial	0.0
tertials	1.0
tertian	1.3
tertians	0.0
tertiary	3.5
tesla	3.8
teslas	1.9
tessera	1.5
tesserae	1.6
test	5.2
testa	2.5
testable	2.5
testacy	0.0
testae	0.0
testate	1.3
testates	0.0
testator	2.1
tested	4.5
testee	0.0
testees	0.0
tester	3.2
testers	3.0
testes	2.7
testicle	2.8
testier	0.0
testiest	0.0
testify	3.8
testily	1.5
testing	4.7
testis	2.4
teston	1.1
testons	0.0
testoon	0.0
testoons	0.0
tests	4.7
testudo	1.8
testudos	0.0
testy	2.5
tet	2.8
tetanal	0.0
tetanic	1.4
tetanics	0.0
tetanies	0.0
tetanise	0.0
tetanize	0.0
tetanoid	0.0
tetanus	2.9
tetany	1.4
tetched	0.0
tetchier	0.0
tetchily	0.0
tetchy	1.8
teth	1.3
tether	3.0
tethered	2.9
tethers	2.2
teths	0.0
tetotum	0.0
tetotums	0.0
tetra	2.7
tetracid	0.0
tetrad	2.1
tetradic	0.0
tetrads	1.6
tetragon	1.1
tetramer	1.8
tetrapod	1.7
tetrarch	1.9
tetras	1.8
tetrode	1.6
tetrodes	0.0
tetroxid	0.0
tetryl	0.0
tetryls	0.0
tets	1.2
tetter	1.0
tetters	0.0
teuch	0.0
teugh	0.0
teughly	0.0
tew	2.5
tewed	0.0
tewing	0.0
tews	1.4
texas	4.9
texases	0.0
text	5.0
textbook	3.8
textile	3.8
textiles	3.5
textless	1.2
texts	4.3
textual	3.3
textuary	0.0
textural	2.5
texture	3.9
textured	3.1
textures	3.5
thack	1.3
thacked	0.0
thacking	0.0
thacks	0.0
thae	1.7
thairm	0.0
thairms	0.0
thalami	0.0
thalamic	1.9
thalamus	2.4
thaler	2.3
thalers	1.8
thalli	1.7
thallic	0.0
thallium	2.3
thalloid	0.0
thallous	0.0
thallus	2.0
than	6.1
thanage	0.0
thanages	0.0
thanatos	2.2
thane	2.9
thanes	1.7
thank	5.5
thanked	3.6
thanker	0.0
thankers	0.0
thankful	3.9
thanking	3.5
thanks	5.4
tharm	0.0
tharms	0.0
that	7.0
thataway	1.5
thatch	2.7
thatched	2.9
thatcher	3.5
thatches	0.0
thatchy	0.0
thaw	3.2
thawed	2.7
thawer	0.0
thawers	0.0
thawing	2.7
thawless	0.0
thaws	2.2
the	7.7
thearchy	0.0
theater	4.3
theaters	3.9
theatre	4.5
theatres	3.5
theatric	1.4
thebaine	1.3
thebe	1.7
theca	1.5
thecae	0.0
thecal	1.2
thecate	0.0
thee	4.0
theelin	0.0
theelins	0.0
theelol	0.0
theelols	0.0
theft	4.1
thefts	2.9
thegn	1.2
thegnly	0.0
thegns	1.2
thein	2.4
theine	0.0
theines	0.0
theins	0.0
their	6.3
theirs	4.0
theism	2.6
theisms	0.0
theist	2.2
theistic	2.5
theists	2.2
thelitis	0.0
them	6.2
thematic	3.3
theme	4.6
themed	3.9
themes	4.2
theming	2.2
then	6.1
thenage	0.0
thenages	0.0
thenal	0.0
thenar	1.2
thenars	0.0
thence	3.1
thens	1.2
theocrat	1.0
theodicy	2.0
theogony	1.7
theolog	0.0
theologs	0.0
theology	3.9
theonomy	0.0
theorbo	1.3
theorbos	0.0
theorem	3.7
theorems	2.9
theories	4.2
theorise	1.9
theorist	3.2
theorize	2.5
theory	4.9
therapy	4.5
there	6.3
thereat	1.6
thereby	4.0
therefor	2.9
therein	3.4
theremin	2.0
thereof	3.7
thereon	2.8
theres	3.9
thereto	2.9
theriac	0.0
theriaca	0.0
theriacs	0.0
therm	2.0
thermae	1.6
thermal	4.0
thermals	2.4
therme	1.2
thermel	0.0
thermels	0.0
thermes	1.1
thermic	1.8
thermion	0.0
thermite	2.2
thermos	2.6
therms	1.2
theroid	0.0
theropod	1.9
thesauri	1.5
these	6.0
theses	3.2
thesis	4.0
thespian	2.4
theta	3.2
thetas	1.6
thetic	1.2
thetical	0.0
theurgic	1.1
theurgy	1.4
thew	2.2
thewier	0.0
thewiest	0.0
thewless	0.0
thews	0.0
thewy	0.0
they	6.5
thiamin	1.8
thiamine	2.3
thiamins	0.0
thiazide	1.6
thiazin	0.0
thiazine	0.0
thiazins	0.0
thiazol	0.0
thiazole	1.3
thiazols	0.0
thick	4.5
thicken	2.7
thickens	2.8
thicker	3.6
thickest	2.6
thicket	2.7
thickets	2.5
thickety	0.0
thickish	1.1
thickly	2.6
thicks	1.1
thickset	1.6
thief	3.9
thieve	1.7
thieved	1.2
thievery	2.5
thieves	3.8
thieving	2.7
thievish	1.0
thigh	3.7
thighed	1.4
thighs	3.7
thill	1.6
thills	0.0
thimble	2.5
thimbles	1.8
thin	4.5
thinclad	0.0
thindown	0.0
thine	3.3
thing	5.7
things	5.7
think	6.1
thinker	3.4
thinkers	3.5
thinking	5.2
thinks	4.8
thinly	3.3
thinned	2.7
thinner	3.6
thinners	2.3
thinness	2.4
thinnest	2.7
thinning	3.1
thinnish	0.0
thins	2.6
thio	1.8
thiol	2.1
thiolic	0.0
thiols	1.8
thionate	0.0
thionic	0.0
thionin	0.0
thionine	0.0
thionins	0.0
thionyl	1.4
thionyls	0.0
thiophen	0.0
thiotepa	0.0
thiourea	1.5
thir	1.9
thiram	0.0
thirams	0.0
third	5.3
thirdly	3.1
thirds	3.9
thirl	0.0
thirlage	0.0
thirled	0.0
thirling	0.0
thirls	0.0
thirst	3.6
thirsted	1.6
thirster	0.0
thirsts	1.9
thirsty	3.7
thirteen	3.9
thirties	3.2
thirty	4.4
this	6.8
thistle	3.2
thistles	2.4
thistly	0.0
thither	2.5
tho	4.4
thole	2.0
tholed	0.0
tholepin	0.0
tholes	0.0
tholing	0.0
tholoi	0.0
tholos	1.4
thong	3.2
thonged	0.0
thongs	2.8
thoracal	0.0
thoraces	0.0
thoracic	3.0
thorax	2.9
thoraxes	0.0
thoria	0.0
thorias	0.0
thoric	0.0
thorite	0.0
thorites	0.0
thorium	2.8
thoriums	0.0
thorn	3.5
thorned	1.2
thornier	1.4
thornily	0.0
thorning	1.6
thorns	3.2
thorny	2.9
thoro	1.2
thoron	1.5
thorons	0.0
thorough	4.0
thorp	2.5
thorpe	3.3
thorpes	0.0
thorps	0.0
those	5.9
thou	4.2
thoued	0.0
though	5.5
thought	5.6
thoughts	4.8
thouing	0.0
thous	1.8
thousand	4.6
thowless	0.0
thraldom	1.0
thrall	2.8
thralled	0.0
thralls	1.9
thrash	3.1
thrashed	2.9
thrasher	2.6
thrashes	1.9
thrave	0.0
thraves	0.0
thraw	0.0
thrawart	0.0
thrawed	0.0
thrawing	0.0
thrawn	2.1
thrawnly	0.0
thraws	0.0
thread	4.4
threaded	3.2
threader	1.5
threads	3.9
thready	1.5
threap	0.0
threaped	0.0
threaper	0.0
threaps	0.0
threat	4.6
threated	1.5
threaten	3.9
threats	4.3
three	5.8
threep	0.0
threeped	0.0
threeps	0.0
threes	3.0
threnode	0.0
threnody	1.6
thresh	2.2
threshed	1.5
thresher	2.3
threshes	1.0
threw	4.5
thrice	3.1
thrift	3.4
thrifts	1.7
thrifty	2.9
thrill	3.7
thrilled	3.9
thriller	3.9
thrills	3.2
thrip	1.0
thrips	2.2
thrive	3.7
thrived	3.0
thriven	0.0
thriver	0.0
thrivers	0.0
thrives	3.1
thriving	3.6
thro	2.6
throat	4.3
throated	2.7
throats	3.4
throaty	2.2
throb	2.7
throbbed	1.9
throbber	1.1
throbs	2.1
throe	1.2
throes	2.8
thrombi	1.6
thrombin	2.1
thrombus	2.1
throne	4.1
throned	1.5
thrones	3.8
throng	2.8
thronged	2.4
throngs	2.4
throning	0.0
throstle	1.4
throttle	3.5
through	5.9
throve	0.0
throw	4.8
thrower	2.9
throwers	2.6
throwing	4.4
thrown	4.4
throws	4.1
thru	3.8
thrum	2.0
thrummed	1.2
thrummer	0.0
thrummy	0.0
thrums	1.5
thruput	0.0
thruputs	0.0
thrush	2.8
thrushes	2.2
thrust	3.9
thrusted	1.8
thruster	2.7
thrustor	0.0
thrusts	2.8
thruway	2.3
thruways	0.0
thud	2.9
thudded	1.6
thudding	2.1
thuds	2.0
thug	3.5
thuggee	1.4
thuggees	0.0
thuggery	2.2
thuggish	2.2
thugs	3.6
thuja	1.7
thujas	0.0
thulia	0.0
thulias	0.0
thulium	1.5
thuliums	0.0
thumb	4.0
thumbed	2.3
thumbing	2.3
thumbkin	0.0
thumbnut	0.0
thumbs	3.7
thump	3.0
thumped	2.4
thumper	2.5
thumpers	1.8
thumping	3.2
thumps	2.4
thunder	4.1
thunders	2.6
thundery	1.9
thunk	2.6
thunked	0.0
thunking	1.1
thunks	1.2
thurible	1.3
thurifer	0.0
thurl	1.5
thurls	0.0
thus	4.9
thusly	2.4
thuya	0.0
thuyas	0.0
thwack	2.1
thwacked	1.2
thwacker	0.0
thwacks	1.2
thwart	3.1
thwarted	3.1
thwarter	0.0
thwartly	0.0
thwarts	2.2
thy	4.1
thyme	3.1
thymes	1.1
thymey	0.0
thymi	0.0
thymic	2.0
thymier	0.0
thymiest	0.0
thymine	2.0
thymines	0.0
thymol	1.5
thymols	0.0
thymosin	1.5
thymus	2.6
thymuses	0.0
thymy	0.0
thyreoid	0.0
thyroid	3.5
thyroids	1.3
thyroxin	1.0
thyrse	0.0
thyrses	0.0
thyrsi	0.0
thyrsoid	0.0
thyrsus	1.2
thyself	2.9
tiara	3.0
tiaraed	0.0
tiaras	2.3
tibia	2.9
tibiae	1.8
tibial	2.4
tibias	1.4
tic	3.2
tical	1.4
ticals	0.0
tick	3.8
ticked	3.1
ticker	3.0
tickers	2.0
ticket	4.6
ticketed	2.7
tickets	4.6
ticking	3.5
tickings	0.0
tickle	3.2
tickled	3.0
tickler	2.1
ticklers	1.5
tickles	2.9
tickling	2.9
ticklish	2.6
ticks	3.4
tickseed	0.0
ticktack	0.0
ticktock	1.7
tics	2.6
tictac	1.1
tictacs	0.0
tictoc	0.0
tictocs	0.0
tidal	3.7
tidally	1.9
tidbit	2.6
tidbits	2.7
tiddler	1.6
tiddlers	1.4
tiddly	1.6
tide	4.0
tided	1.2
tideland	1.4
tideless	0.0
tidelike	0.0
tidemark	0.0
tiderip	0.0
tiderips	0.0
tides	3.5
tideway	1.6
tideways	0.0
tidied	2.4
tidier	1.9
tidiers	0.0
tidies	1.6
tidiest	1.3
tidily	1.8
tidiness	1.9
tiding	1.4
tidings	2.8
tidy	3.5
tidying	2.7
tidytips	0.0
tie	4.5
tieback	1.1
tiebacks	1.1
tieclasp	0.0
tied	4.5
tieing	1.6
tieless	0.0
tiepin	0.0
tiepins	0.0
tier	4.2
tierce	1.5
tierced	0.0
tiercel	0.0
tiercels	0.0
tierces	0.0
tiered	3.1
tiering	1.9
tiers	3.2
ties	4.3
tiff	3.0
tiffany	3.6
tiffed	0.0
tiffin	2.5
tiffined	0.0
tiffing	0.0
tiffins	1.1
tiffs	1.9
tiger	4.3
tigereye	0.0
tigerish	1.1
tigers	4.2
tight	4.6
tighten	3.5
tightens	2.7
tighter	3.6
tightest	2.6
tightly	3.8
tights	3.3
tightwad	1.6
tiglon	0.0
tiglons	0.0
tigon	0.0
tigons	0.0
tigress	2.4
tigrish	0.0
tike	1.7
tikes	1.8
tiki	3.1
tikis	1.3
til	4.0
tilak	2.3
tilaks	0.0
tilapia	2.6
tilapias	0.0
tilbury	2.7
tilde	2.2
tildes	1.1
tile	3.7
tiled	3.0
tilefish	1.6
tilelike	0.0
tiler	1.9
tilers	1.4
tiles	3.7
tiling	2.9
tilings	1.9
till	4.8
tillable	1.6
tillage	2.4
tillages	0.0
tilled	2.2
tiller	3.0
tillered	0.0
tillers	2.0
tilling	2.4
tillite	1.1
tillites	0.0
tills	2.5
tils	1.7
tilt	3.7
tiltable	1.3
tilted	3.3
tilter	1.2
tilters	0.0
tilth	1.5
tilths	0.0
tilting	3.1
tilts	2.8
tiltyard	0.0
timarau	0.0
timaraus	0.0
timbal	1.1
timbale	1.3
timbales	1.4
timbals	0.0
timber	4.0
timbered	2.5
timbers	3.2
timbral	1.5
timbre	2.6
timbrel	1.2
timbrels	0.0
timbres	1.9
time	6.3
timecard	1.5
timed	3.6
timeless	3.5
timelier	1.2
timeline	4.2
timely	3.9
timeous	0.0
timeout	3.2
timeouts	2.5
timer	3.7
timers	3.3
times	5.6
timework	0.0
timeworn	1.6
timid	3.2
timider	0.0
timidest	0.0
timidity	2.3
timidly	2.4
timing	4.3
timings	2.9
timolol	1.4
timolols	0.0
timorous	1.8
timothy	3.8
timpana	0.0
timpani	2.2
timpano	0.0
timpanum	0.0
tin	4.0
tinamou	1.1
tinamous	0.0
tincal	0.0
tincals	0.0
tinct	1.1
tincted	0.0
tincting	0.0
tincts	0.0
tincture	2.7
tinder	3.7
tinders	1.1
tindery	0.0
tine	2.6
tinea	2.2
tineal	0.0
tineas	0.0
tined	1.2
tineid	0.0
tineids	0.0
tines	2.3
tinfoil	2.5
tinfoils	0.0
tinful	0.0
tinfuls	0.0
ting	3.4
tinge	2.8
tinged	3.1
tingeing	0.0
tinges	1.7
tinging	1.0
tingle	2.9
tingled	1.8
tingler	1.5
tinglers	0.0
tingles	2.3
tinglier	0.0
tingling	3.1
tingly	2.5
tings	2.3
tinhorn	1.1
tinhorns	0.0
tinier	2.1
tiniest	3.1
tinily	0.0
tininess	0.0
tining	0.0
tinker	3.3
tinkered	2.3
tinkerer	1.9
tinkers	2.2
tinkle	2.4
tinkled	1.6
tinkler	2.1
tinklers	0.0
tinkles	1.6
tinklier	0.0
tinkling	2.5
tinkly	1.3
tinlike	0.0
tinman	1.6
tinmen	0.0
tinned	2.7
tinner	1.5
tinners	1.1
tinnier	0.0
tinniest	0.0
tinnily	0.0
tinning	1.6
tinnitus	2.8
tinny	2.4
tinplate	1.9
tins	3.1
tinsel	2.6
tinseled	0.0
tinselly	0.0
tinsels	0.0
tinsmith	1.6
tinstone	0.0
tint	3.2
tinted	3.3
tinter	0.0
tinters	0.0
tinting	2.3
tintings	0.0
tintless	0.0
tints	2.6
tintype	1.7
tintypes	1.2
tinware	1.2
tinwares	0.0
tinwork	0.0
tinworks	0.0
tiny	4.6
tip	4.5
tipcart	0.0
tipcarts	0.0
tipcat	0.0
tipcats	0.0
tipi	2.2
tipis	1.8
tipless	0.0
tipoff	2.1
tipoffs	0.0
tippable	0.0
tipped	3.7
tipper	2.6
tippers	2.2
tippet	2.0
tippets	1.1
tippier	0.0
tippiest	0.0
tipping	3.6
tipple	2.4
tippled	0.0
tippler	1.4
tipplers	1.2
tipples	1.6
tippling	1.6
tippy	2.5
tippytoe	0.0
tips	4.6
tipsier	0.0
tipsiest	0.0
tipsily	0.0
tipstaff	0.0
tipster	2.3
tipsters	1.9
tipstock	0.0
tipsy	2.9
tiptoe	2.6
tiptoed	2.0
tiptoes	2.2
tiptop	1.9
tiptops	0.0
tirade	2.9
tirades	2.2
tiramisu	2.5
tire	4.0
tired	4.7
tireder	0.0
tiredest	0.0
tiredly	1.7
tireless	3.0
tires	4.0
tiresome	3.1
tiring	3.4
tirl	0.0
tirled	0.0
tirling	0.0
tirls	0.0
tiro	2.0
tiros	1.7
tirrivee	0.0
tis	3.6
tisane	1.5
tisanes	1.0
tissual	0.0
tissue	4.3
tissued	0.0
tissues	3.8
tissuey	0.0
tissuing	0.0
tissular	0.0
tit	3.5
titan	3.7
titanate	1.9
titaness	0.0
titania	2.5
titanias	0.0
titanic	3.6
titanism	0.0
titanite	1.7
titanium	3.5
titanous	0.0
titans	3.9
titbit	1.4
titbits	1.6
titer	2.0
titers	2.0
titfer	0.0
titfers	0.0
tithable	0.0
tithe	2.9
tithed	1.3
tither	0.0
tithers	0.0
tithes	2.6
tithing	2.5
tithings	1.1
tithonia	0.0
titi	2.4
titian	2.6
titians	1.2
titis	1.4
titivate	0.0
titlark	0.0
titlarks	0.0
title	5.1
titled	4.1
titles	4.4
titling	2.4
titlist	1.5
titlists	0.0
titman	0.0
titmen	0.0
titmice	1.5
titmouse	1.9
titrable	0.0
titrant	1.2
titrants	0.0
titrate	1.8
titrated	1.8
titrates	0.0
titrator	0.0
titre	1.9
titres	1.8
tits	4.0
titter	1.9
tittered	1.1
titterer	0.0
titters	1.6
tittie	1.8
titties	3.2
tittle	2.5
tittles	1.3
tittup	0.0
tittuped	0.0
tittuppy	0.0
tittups	0.0
titty	3.0
titular	2.9
titulars	0.0
titulary	0.0
tivy	1.1
tizzies	0.0
tizzy	2.3
tmeses	0.0
tmesis	0.0
toad	3.3
toadfish	1.4
toadflax	1.2
toadied	0.0
toadies	1.9
toadish	0.0
toadless	0.0
toadlike	0.0
toads	2.9
toady	2.1
toadying	1.4
toadyish	0.0
toadyism	0.0
toast	4.0
toasted	3.3
toaster	3.3
toasters	2.5
toastier	0.0
toasting	2.7
toasts	2.7
toasty	2.7
tobacco	4.2
tobaccos	2.0
tobies	0.0
toboggan	2.3
toby	3.7
toccata	2.0
toccatas	1.1
toccate	0.0
tocher	1.4
tochered	0.0
tochers	0.0
tocology	0.0
tocsin	1.4
tocsins	0.0
tod	3.2
today	5.5
todays	3.1
toddies	1.3
toddle	1.9
toddled	1.6
toddler	3.8
toddlers	3.4
toddles	1.4
toddling	1.8
toddy	2.5
todies	0.0
tods	1.7
tody	1.7
toe	4.1
toea	0.0
toecap	0.0
toecaps	0.0
toed	2.8
toehold	1.9
toeholds	0.0
toeing	2.3
toeless	0.0
toelike	0.0
toenail	2.6
toenails	2.8
toepiece	0.0
toeplate	0.0
toes	4.0
toeshoe	0.0
toeshoes	0.0
toff	2.2
toffee	2.9
toffees	2.2
toffies	0.0
toffs	1.9
toffy	0.0
toft	2.1
tofts	1.3
tofu	3.3
tofus	0.0
tog	2.4
toga	2.7
togae	0.0
togaed	0.0
togas	1.8
togate	0.0
togated	0.0
together	5.5
togged	0.0
toggery	0.0
togging	0.0
toggle	3.1
toggled	1.9
toggler	0.0
togglers	0.0
toggles	2.2
toggling	2.0
togs	2.0
togue	0.0
togues	0.0
toil	3.0
toile	1.9
toiled	2.6
toiler	1.6
toilers	1.8
toiles	1.1
toilet	4.3
toileted	0.0
toiletry	2.1
toilets	3.7
toilette	2.4
toilful	0.0
toiling	2.6
toils	2.2
toilsome	1.3
toilworn	0.0
toit	2.2
toited	0.0
toiting	0.0
toits	1.2
tokamak	2.2
tokamaks	1.6
tokay	1.9
tokays	0.0
toke	2.7
toked	1.2
token	3.8
tokened	0.0
tokening	0.0
tokenism	2.1
tokens	3.5
toker	1.7
tokers	1.3
tokes	1.8
toking	1.7
tokology	0.0
tokomak	0.0
tokomaks	0.0
tokonoma	0.0
tola	2.2
tolan	1.8
tolane	0.0
tolanes	0.0
tolans	0.0
tolas	1.1
tolbooth	1.8
told	5.5
tole	2.0
toled	0.0
toledo	3.5
toledos	0.0
tolerant	3.6
tolerate	3.8
toles	1.8
tolidin	0.0
tolidine	0.0
tolidins	0.0
toling	0.0
toll	4.1
tollage	0.0
tollages	0.0
tollbar	0.0
tollbars	0.0
tolled	2.4
toller	2.1
tollers	0.0
tollgate	1.8
tolling	2.7
tollman	1.3
tollmen	0.0
tolls	3.3
tollway	2.1
tollways	1.3
tolu	2.0
toluate	0.0
toluates	0.0
toluene	2.4
toluenes	0.0
toluic	0.0
toluid	0.0
toluide	0.0
toluides	0.0
toluidin	0.0
toluids	0.0
toluol	0.0
toluole	0.0
toluoles	0.0
toluols	0.0
tolus	0.0
toluyl	0.0
toluyls	0.0
tolyl	0.0
tolyls	0.0
tom	4.8
tomahawk	2.9
tomalley	0.0
toman	1.9
tomans	1.6
tomato	3.9
tomatoes	3.9
tomatoey	1.1
tomb	3.9
tombac	0.0
tomback	0.0
tombacks	0.0
tombacs	0.0
tombak	0.0
tombaks	0.0
tombal	0.0
tombed	0.0
tombing	0.0
tombless	0.0
tomblike	0.0
tombola	1.8
tombolas	0.0
tombolo	0.0
tombolos	0.0
tomboy	2.8
tomboys	1.6
tombs	3.3
tomcat	2.6
tomcats	1.8
tomcod	0.0
tomcods	0.0
tome	3.2
tomenta	0.0
tomentum	1.1
tomes	2.6
tomfool	0.0
tomfools	0.0
tommed	0.0
tommies	1.9
tomming	0.0
tommy	4.2
tommyrot	0.0
tomogram	1.1
tomorrow	5.0
tompion	1.2
tompions	0.0
toms	3.1
tomtit	0.0
tomtits	0.0
ton	4.3
tonal	3.1
tonality	2.5
tonally	2.2
tondi	0.0
tondo	1.9
tondos	0.0
tone	4.5
tonearm	1.6
tonearms	0.0
toned	3.5
toneless	1.4
toneme	0.0
tonemes	0.0
tonemic	0.0
toner	3.1
toners	2.1
tones	3.8
tonetic	0.0
tonetics	0.0
tonette	0.0
tonettes	0.0
toney	2.3
tong	3.2
tonga	3.1
tongas	1.1
tonged	0.0
tonger	0.0
tongers	0.0
tonging	0.0
tongman	0.0
tongmen	0.0
tongs	2.8
tongue	4.4
tongued	2.6
tongues	3.5
tonguing	1.9
tonic	3.4
tonicity	1.3
tonics	2.5
tonier	0.0
toniest	0.0
tonight	5.0
tonights	2.0
toning	2.8
tonish	0.0
tonishly	0.0
tonlet	0.0
tonlets	0.0
tonnage	2.9
tonnages	1.8
tonne	3.2
tonneau	1.9
tonneaus	0.0
tonneaux	0.0
tonner	1.9
tonners	1.3
tonnes	3.7
tonnish	0.0
tons	4.5
tonsil	2.4
tonsilar	0.0
tonsils	2.8
tonsure	1.9
tonsured	1.6
tonsures	0.0
tontine	1.8
tontines	0.0
tonus	1.5
tonuses	0.0
tony	4.6
too	6.0
took	5.5
tool	4.6
toolbox	3.0
tooled	2.4
tooler	0.0
toolers	0.0
toolhead	0.0
tooling	3.0
toolings	0.0
toolless	0.0
toolroom	1.6
tools	4.6
toolshed	1.6
toom	1.9
toon	3.0
toons	2.5
toot	3.0
tooted	1.7
tooter	1.3
tooters	0.0
tooth	4.1
toothed	3.0
toothier	0.0
toothily	0.0
toothing	1.1
tooths	1.5
toothy	2.3
tooting	2.7
tootle	1.6
tootled	0.0
tootler	0.0
tootlers	0.0
tootles	1.4
tootling	1.2
toots	2.6
tootses	0.0
tootsie	2.5
tootsies	1.7
tootsy	0.0
top	5.6
topaz	2.9
topazes	1.1
topazine	0.0
topcoat	2.1
topcoats	1.5
topcross	0.0
tope	2.2
toped	0.0
topee	0.0
topees	0.0
toper	1.1
topers	0.0
topes	1.6
topful	0.0
topfull	0.0
toph	2.3
tophe	0.0
tophes	0.0
tophi	1.1
tophs	0.0
tophus	0.0
topi	2.0
topiary	2.3
topic	4.5
topical	3.5
topics	4.3
toping	1.1
topis	0.0
topkick	0.0
topkicks	0.0
topknot	2.0
topknots	1.1
topless	3.4
topline	2.0
toplines	0.0
toplofty	0.0
topmast	1.5
topmasts	1.1
topmost	2.5
topnotch	2.0
topoi	1.4
topology	3.2
toponym	1.2
toponyms	1.4
toponymy	1.2
topos	2.1
topotype	0.0
topped	3.9
topper	3.1
toppers	2.6
topping	3.6
toppings	3.0
topple	3.0
toppled	2.9
topples	2.1
toppling	2.6
tops	4.1
topsail	2.2
topsails	1.7
topside	2.4
topsider	0.0
topsides	1.5
topsoil	2.5
topsoils	0.0
topspin	2.0
topspins	0.0
topstone	0.0
topwork	0.0
topworks	0.0
toque	2.1
toques	1.6
toquet	0.0
toquets	0.0
tor	3.6
tora	2.7
torah	3.4
torahs	1.2
toras	1.1
torc	1.7
torch	3.7
torched	2.9
torchere	0.0
torches	3.1
torchier	0.0
torching	2.4
torchon	1.1
torchons	0.0
torchy	1.4
torcs	0.0
tore	3.7
toreador	1.9
torero	1.6
toreros	1.4
tores	1.1
toreutic	0.0
tori	3.2
toric	1.9
tories	3.8
torii	2.2
torment	3.4
torments	2.7
torn	4.1
tornadic	1.7
tornado	3.8
tornados	2.6
tornillo	1.3
toro	3.2
toroid	1.6
toroidal	2.2
toroids	1.3
toros	2.3
torose	0.0
torosity	0.0
torot	0.0
toroth	0.0
torous	0.0
torpedo	3.4
torpedos	1.5
torpid	1.7
torpidly	0.0
torpids	0.0
torpor	2.4
torpors	0.0
torquate	0.0
torque	3.6
torqued	1.8
torquer	0.0
torquers	0.0
torques	2.0
torquing	1.5
torr	2.5
torrefy	0.0
torrent	3.4
torrents	2.9
torrid	2.6
torrider	0.0
torridly	0.0
torrify	0.0
tors	2.1
torsade	1.0
torsades	1.3
torse	1.1
torses	0.0
torsi	0.0
torsion	2.9
torsions	0.0
torsk	0.0
torsks	0.0
torso	3.4
torsos	2.2
tort	3.1
torte	2.1
torten	0.0
tortes	1.2
tortile	0.0
tortilla	3.1
tortious	2.1
tortoise	3.3
tortoni	1.2
tortonis	0.0
tortrix	1.2
torts	2.7
tortuous	2.6
torture	4.2
tortured	3.8
torturer	2.3
tortures	2.8
torula	0.0
torulae	0.0
torulas	0.0
torus	2.6
tory	3.9
tosh	2.9
toshes	0.0
toss	3.9
tossed	3.8
tosser	2.3
tossers	2.0
tosses	2.9
tossing	3.4
tosspot	1.4
tosspots	0.0
tossup	2.0
tossups	1.1
tost	1.8
tostada	1.8
tostadas	1.7
tostado	0.0
tostados	0.0
tot	3.2
totable	0.0
total	5.2
totaled	3.4
totaling	3.3
totalise	0.0
totalism	1.2
totalist	1.1
totality	3.0
totalize	1.1
totalled	3.0
totally	4.8
totals	3.5
tote	3.3
toted	1.8
totem	3.1
totemic	2.2
totemism	1.4
totemist	0.0
totemite	0.0
totems	2.4
toter	1.1
toters	1.0
totes	2.9
tother	1.1
toting	2.7
tots	3.0
totted	1.4
totter	2.1
tottered	1.6
totterer	0.0
totters	1.6
tottery	0.0
totting	1.6
toucan	2.4
toucans	1.8
touch	4.9
touche	2.7
touched	4.3
toucher	1.7
touchers	0.0
touches	4.0
touchier	0.0
touchily	0.0
touching	4.2
touchup	1.4
touchups	1.3
touchy	3.1
tough	4.8
toughed	1.7
toughen	2.6
toughens	1.7
tougher	3.7
toughest	3.6
toughie	1.8
toughies	1.1
toughing	1.6
toughish	0.0
toughly	1.3
toughs	1.9
toughy	1.3
toupee	2.2
toupees	1.4
tour	5.0
touraco	0.0
touracos	0.0
toured	3.4
tourer	2.2
tourers	1.7
touring	3.9
tourings	0.0
tourism	4.3
tourisms	0.0
tourist	4.2
tourists	4.1
touristy	2.6
tourney	3.1
tourneys	2.3
tours	4.1
touse	1.2
toused	0.0
touses	0.0
tousing	0.0
tousle	1.5
tousled	2.2
tousles	0.0
tousling	1.0
tout	3.2
touted	3.2
touter	0.0
touters	0.0
touting	2.8
touts	2.7
touzle	0.0
touzled	0.0
touzles	0.0
touzling	0.0
tovarich	1.3
tovarish	0.0
tow	3.7
towage	1.4
towages	0.0
toward	4.7
towardly	0.0
towards	5.1
towaway	0.0
towaways	0.0
towboat	1.6
towboats	1.2
towed	3.4
towel	3.9
toweled	1.2
toweling	1.5
towelled	0.0
towels	3.6
tower	4.5
towered	2.4
towerier	0.0
towering	3.2
towers	4.0
towery	1.1
towhead	0.0
towheads	0.0
towhee	1.5
towhees	1.1
towie	2.2
towies	0.0
towing	3.3
towline	1.6
towlines	0.0
towmond	0.0
towmonds	0.0
towmont	0.0
towmonts	0.0
town	5.2
townee	0.0
townees	0.0
townfolk	1.2
townhome	2.0
townie	2.2
townies	2.0
townish	0.0
townless	0.0
townlet	0.0
townlets	0.0
towns	4.4
township	4.0
townsman	2.0
townsmen	2.0
townwear	0.0
towny	1.4
towpath	2.3
towpaths	1.4
towrope	0.0
towropes	0.0
tows	2.3
towy	1.3
toxaemia	0.0
toxaemic	0.0
toxemia	1.3
toxemias	0.0
toxemic	0.0
toxic	4.2
toxical	0.0
toxicant	1.6
toxicity	3.6
toxics	2.1
toxin	3.3
toxine	0.0
toxines	0.0
toxins	3.5
toxoid	1.6
toxoids	0.0
toy	4.3
toyed	2.7
toyer	0.0
toyers	0.0
toying	3.0
toyish	0.0
toyless	0.0
toylike	0.0
toyo	2.4
toyon	1.2
toyons	0.0
toyos	0.0
toys	4.2
toyshop	1.6
toyshops	0.0
trabeate	0.0
trace	4.2
traced	3.8
tracer	3.2
tracers	2.6
tracery	2.3
traces	3.9
trachea	2.7
tracheae	1.2
tracheal	2.3
tracheas	1.0
tracheid	0.0
trachle	0.0
trachled	0.0
trachles	0.0
trachoma	1.9
trachyte	1.6
tracing	3.6
tracings	1.8
track	5.0
trackage	2.2
tracked	4.0
tracker	3.6
trackers	3.1
tracking	4.2
trackman	1.6
trackmen	0.0
tracks	4.5
trackway	1.7
tract	3.7
tractate	2.0
tractile	0.0
traction	3.8
tractive	2.1
tractor	3.8
tractors	3.3
tracts	3.2
trad	2.9
tradable	2.4
trade	5.1
traded	4.2
tradeoff	2.7
trader	3.8
traders	4.0
trades	4.0
trading	4.6
traditor	0.0
traduce	1.2
traduced	1.6
traducer	0.0
traduces	0.0
traffic	4.8
traffics	2.0
tragedy	4.1
tragi	1.7
tragic	4.1
tragical	1.7
tragics	0.0
tragopan	0.0
tragus	2.0
traik	0.0
traiked	0.0
traiking	0.0
traiks	0.0
trail	4.5
trailed	3.1
trailer	4.3
trailers	3.6
trailing	3.5
trails	3.9
train	5.0
trained	4.6
trainee	3.4
trainees	3.3
trainer	4.1
trainers	3.7
trainful	0.0
training	5.2
trainman	1.5
trainmen	1.4
trains	4.3
trainway	0.0
traipse	1.9
traipsed	1.6
traipses	0.0
trait	3.7
traitor	3.7
traitors	3.4
traits	4.0
traject	1.0
trajects	0.0
tram	3.5
tramcar	1.6
tramcars	1.5
tramel	1.2
trameled	0.0
tramell	1.1
tramells	0.0
tramels	0.0
tramless	0.0
tramline	1.6
trammed	0.0
trammel	1.9
trammels	1.1
tramming	0.0
tramp	3.2
tramped	1.8
tramper	1.1
trampers	1.0
tramping	2.3
trampish	0.0
trample	2.8
trampled	3.1
trampler	1.2
tramples	2.1
tramps	2.6
tramroad	1.2
trams	3.0
tramway	2.9
tramways	2.7
trance	3.5
tranced	1.2
trances	1.9
tranche	2.5
tranches	2.2
trancing	1.1
trangam	0.0
trangams	0.0
trank	1.8
tranks	0.0
tranq	2.0
tranqs	1.4
tranquil	3.1
trans	4.4
transact	2.7
transect	1.9
transept	2.4
transfer	4.7
transfix	1.4
tranship	0.0
transit	4.2
transits	2.5
transmit	3.7
transom	2.4
transoms	1.7
transude	0.0
trap	4.3
trapan	0.0
trapans	0.0
trapball	0.0
trapdoor	2.5
trapes	0.0
trapesed	0.0
trapeses	0.0
trapeze	2.7
trapezes	1.3
trapezia	0.0
trapezii	0.0
traplike	0.0
trapline	1.1
trapnest	0.0
trappean	0.0
trapped	4.2
trapper	3.0
trappers	2.6
trapping	3.4
trappose	0.0
trappous	0.0
traprock	1.2
traps	3.8
trapt	1.4
trapunto	0.0
trash	4.4
trashed	3.2
trashes	2.2
trashier	1.3
trashily	0.0
trashing	2.9
trashman	1.5
trashmen	1.1
trashy	3.1
trass	0.0
trasses	0.0
trauchle	0.0
trauma	4.1
traumas	2.8
traumata	0.0
travail	2.5
travails	2.3
trave	1.8
travel	5.0
traveled	4.1
traveler	3.6
travelog	1.0
travels	4.0
traverse	3.4
traves	1.4
travesty	3.0
travois	1.3
travoise	0.0
trawl	2.6
trawled	1.9
trawler	2.7
trawlers	2.5
trawley	0.0
trawleys	0.0
trawling	2.6
trawlnet	0.0
trawls	2.0
tray	3.8
trayful	0.0
trayfuls	0.0
trays	3.2
treacle	2.5
treacles	0.0
treacly	1.5
tread	3.5
treaded	1.7
treader	1.7
treaders	0.0
treading	2.9
treadle	1.9
treadled	0.0
treadler	0.0
treadles	0.0
treads	2.9
treason	3.8
treasons	1.8
treasure	4.2
treasury	4.2
treat	4.8
treated	4.7
treater	1.7
treaters	2.2
treaties	3.7
treating	4.3
treatise	3.4
treats	4.1
treaty	4.3
treble	3.3
trebled	2.4
trebles	2.1
trebling	1.6
trebly	1.4
trecento	1.4
treddle	0.0
treddled	0.0
treddles	0.0
tree	4.8
treed	1.9
treeing	1.4
treelawn	0.0
treeless	2.2
treelike	1.2
treen	1.8
treenail	0.0
treens	0.0
trees	4.7
treetop	2.2
treetops	2.4
tref	1.3
trefah	0.0
trefoil	2.2
trefoils	1.4
trehala	0.0
trehalas	0.0
trek	4.0
trekked	2.3
trekker	2.1
trekkers	2.3
trekking	3.0
treks	2.5
trellis	2.6
tremble	3.0
trembled	2.5
trembler	1.5
trembles	2.5
trembly	1.3
tremolo	2.4
tremolos	1.3
tremor	3.0
tremors	3.0
trenail	0.0
trenails	0.0
trench	3.7
trenched	1.4
trencher	1.8
trenches	3.5
trend	4.5
trended	2.5
trendier	1.7
trendies	1.2
trendily	0.0
trending	3.6
trends	4.3
trendy	3.5
trepan	1.1
trepang	1.2
trepangs	0.0
trepans	0.0
trephine	1.2
trepid	0.0
trespass	3.1
tress	2.4
tressed	1.3
tressel	1.8
tressels	0.0
tresses	2.5
tressier	0.0
tressour	0.0
tressure	1.0
tressy	0.0
trestle	2.6
trestles	2.2
tret	1.6
trets	0.0
trevet	0.0
trevets	0.0
trews	1.8
trey	3.4
treys	1.7
triable	1.6
triac	1.5
triacid	0.0
triacids	0.0
triacs	0.0
triad	3.2
triadic	1.9
triadics	0.0
triadism	0.0
triads	2.7
triage	2.9
triaged	1.6
triages	0.0
triaging	1.5
trial	4.9
trials	4.3
triangle	3.9
triarchy	0.0
triaxial	1.7
triazin	0.0
triazine	1.4
triazins	0.0
triazole	1.7
tribade	0.0
tribades	0.0
tribadic	0.0
tribal	4.0
tribally	1.8
tribasic	0.0
tribe	4.1
tribes	4.0
tribrach	0.0
tribunal	3.9
tribune	3.7
tribunes	2.3
tribute	4.2
tributes	3.3
trice	2.4
triced	0.0
triceps	2.6
trices	0.0
trichina	0.0
trichite	0.0
trichoid	0.0
trichome	1.5
tricing	0.0
trick	4.5
tricked	3.4
tricker	1.6
trickers	0.0
trickery	3.0
trickie	0.0
trickier	2.8
trickily	0.0
tricking	3.0
trickish	0.0
trickle	3.2
trickled	2.5
trickles	2.4
trickly	0.0
tricks	4.2
tricksy	1.9
tricky	4.0
triclad	0.0
triclads	0.0
tricolor	2.5
tricorn	1.6
tricorne	1.5
tricorns	0.0
tricot	1.7
tricots	0.0
trictrac	0.0
tricycle	2.8
trident	3.3
tridents	1.9
triduum	1.4
triduums	0.0
tried	5.2
triene	1.1
trienes	0.0
triennia	0.0
triens	0.0
trientes	0.0
trier	2.9
triers	1.3
tries	4.5
triethyl	1.3
trifecta	2.8
trifid	1.3
trifle	2.9
trifled	2.1
trifler	0.0
triflers	0.0
trifles	2.4
trifling	2.7
trifocal	0.0
trifold	1.6
triforia	0.0
triform	0.0
trig	2.7
trigged	1.3
trigger	4.2
triggers	3.6
triggest	0.0
trigging	0.0
trigly	0.0
triglyph	0.0
trigness	0.0
trigo	1.7
trigon	1.9
trigonal	2.0
trigons	0.0
trigos	0.0
trigram	1.5
trigrams	1.7
trigraph	0.0
trigs	1.0
trihedra	0.0
trijet	0.0
trijets	0.0
trike	2.4
trikes	1.9
trilbies	0.0
trilby	2.4
trill	2.7
trilled	1.8
triller	1.5
trillers	0.0
trilling	2.4
trillion	3.8
trillium	2.4
trills	2.3
trilobal	0.0
trilobed	1.1
trilogy	3.9
trim	3.9
trimaran	1.6
trimer	1.9
trimeric	1.5
trimers	1.5
trimeter	1.3
trimly	0.0
trimmed	3.5
trimmer	2.8
trimmers	2.3
trimmest	0.0
trimming	3.2
trimness	0.0
trimorph	0.0
trimotor	0.0
trims	2.8
trinal	0.0
trinary	1.6
trindle	1.2
trindled	0.0
trindles	0.0
trine	2.5
trined	0.0
trines	1.2
trining	0.0
trinity	3.9
trinket	2.7
trinkets	2.9
trinkums	0.0
trinodal	0.0
trio	3.9
triode	2.3
triodes	1.6
triol	1.1
triolet	1.3
triolets	0.0
triols	0.0
trios	2.5
triose	0.0
trioses	0.0
trioxid	0.0
trioxide	2.0
trioxids	0.0
trip	4.9
tripack	0.0
tripacks	0.0
tripart	0.0
tripe	2.7
tripedal	0.0
tripes	1.3
triphase	0.0
triplane	1.5
triple	4.3
tripled	3.1
triples	2.9
triplet	2.7
triplets	3.0
triplex	2.2
tripling	2.5
triplite	0.0
triploid	1.7
triply	1.8
tripod	3.2
tripodal	0.0
tripodic	0.0
tripods	2.3
tripody	0.0
tripoli	3.3
tripolis	1.7
tripos	2.0
triposes	0.0
tripped	3.4
tripper	2.2
trippers	2.2
trippet	0.0
trippets	0.0
trippier	1.9
tripping	3.5
trippy	2.9
trips	4.2
triptane	0.0
triptyca	0.0
triptych	2.5
tripwire	2.2
trireme	1.7
triremes	1.7
triscele	0.0
trisect	0.0
trisects	0.0
triseme	0.0
trisemes	0.0
trisemic	0.0
trishaw	1.2
trishaws	0.0
triskele	1.1
trismic	0.0
trismus	1.3
trisome	0.0
trisomes	0.0
trisomic	0.0
trisomy	2.2
tristate	1.9
triste	2.1
tristeza	1.5
tristful	0.0
tristich	0.0
trite	2.8
tritely	0.0
triter	0.0
tritest	0.0
trithing	0.0
triticum	1.8
tritium	2.7
tritiums	0.0
tritoma	0.0
tritomas	0.0
triton	3.0
tritone	1.8
tritones	0.0
tritons	1.9
triumph	4.0
triumphs	3.2
triumvir	1.4
triune	2.2
triunes	0.0
triunity	0.0
trivalve	0.0
trivet	1.9
trivets	1.2
trivia	3.5
trivial	3.7
trivium	2.1
troak	0.0
troaked	0.0
troaking	0.0
troaks	0.0
trocar	1.9
trocars	0.0
trochaic	1.6
trochal	0.0
trochar	0.0
trochars	0.0
troche	1.3
trochee	1.2
trochees	0.0
troches	0.0
trochil	0.0
trochili	0.0
trochils	0.0
trochlea	1.3
trochoid	0.0
trock	0.0
trocked	0.0
trocking	0.0
trocks	0.0
trod	2.5
trodden	2.6
trode	0.0
troffer	0.0
troffers	0.0
trogon	1.3
trogons	1.1
troika	2.5
troikas	1.1
troilism	0.0
troilite	1.0
troilus	2.3
trois	2.8
troke	0.0
troked	0.0
trokes	0.0
troking	0.0
troland	0.0
trolands	0.0
troll	3.7
trolled	2.9
troller	1.7
trollers	1.6
trolley	3.4
trolleys	2.7
trollied	1.2
trollies	1.6
trolling	3.4
trollop	1.7
trollops	1.2
trollopy	0.0
trolls	3.6
trolly	1.9
trombone	3.0
trommel	1.6
trommels	0.0
tromp	2.1
trompe	2.2
tromped	1.4
trompes	0.0
tromping	1.6
tromps	0.0
trona	1.8
tronas	0.0
trone	1.4
trones	0.0
troop	3.7
trooped	2.0
trooper	3.4
troopers	3.3
troopial	0.0
trooping	2.2
troops	4.6
trooz	0.0
trop	2.5
trope	3.1
tropes	3.0
trophic	2.5
trophied	0.0
trophies	3.7
trophy	4.2
tropic	2.8
tropical	4.2
tropics	3.2
tropin	0.0
tropine	0.0
tropines	0.0
tropins	0.0
tropism	1.6
tropisms	1.1
troponin	2.1
trot	3.2
troth	2.1
trothed	0.0
trothing	0.0
troths	0.0
trotline	0.0
trots	2.4
trotted	2.7
trotter	2.9
trotters	2.4
trotting	2.9
trotyl	0.0
trotyls	0.0
trouble	4.8
troubled	3.9
troubler	0.0
troubles	4.0
trough	3.4
troughs	2.7
trounce	2.0
trounced	2.3
trouncer	0.0
trounces	1.5
troupe	3.2
trouped	0.0
trouper	1.9
troupers	1.4
troupes	2.3
troupial	0.0
trouping	0.0
trouser	2.9
trousers	3.7
trout	3.8
troutier	0.0
trouts	1.8
trouty	0.0
trouvere	0.0
trouveur	0.0
trove	3.0
trover	1.5
trovers	0.0
troves	2.0
trow	2.2
trowed	0.0
trowel	2.5
troweled	1.1
troweler	0.0
trowels	1.7
trowing	1.0
trows	1.3
trowsers	1.4
trowth	0.0
trowths	0.0
troy	4.0
troys	1.2
truancy	2.5
truant	2.4
truanted	0.0
truantry	0.0
truants	1.6
truce	3.5
truced	0.0
truces	1.9
trucing	0.0
truck	4.6
truckage	0.0
trucked	2.4
trucker	3.0
truckers	3.0
truckful	0.0
trucking	3.4
truckle	1.4
truckled	0.0
truckler	0.0
truckles	0.0
truckman	0.0
truckmen	0.0
trucks	4.2
trudge	2.4
trudged	2.4
trudgen	0.0
trudgens	0.0
trudgeon	0.0
trudger	0.0
trudgers	0.0
trudges	1.6
trudging	2.4
true	5.4
trueblue	1.3
trueborn	1.3
truebred	0.0
trued	1.6
trueing	0.0
truelove	2.0
trueness	1.4
truer	3.0
trues	1.4
truest	2.9
truffe	0.0
truffes	0.0
truffle	3.1
truffled	1.6
truffles	3.0
trug	1.4
trugs	0.0
truing	1.6
truism	2.4
truisms	1.8
truistic	0.0
trull	1.8
trulls	0.0
truly	4.9
trumeau	0.0
trumeaux	0.0
trump	4.9
trumped	2.8
trumpery	1.4
trumpet	3.6
trumpets	3.1
trumping	2.1
trumps	3.5
truncate	2.2
trundle	2.5
trundled	1.9
trundler	0.0
trundles	1.5
trunk	4.0
trunked	1.7
trunkful	0.0
trunks	3.4
trunnel	0.0
trunnels	0.0
trunnion	1.8
truss	3.3
trussed	2.2
trusser	0.0
trussers	0.0
trusses	2.7
trussing	1.5
trust	5.1
trusted	4.2
trustee	3.7
trusteed	0.0
trustees	3.8
truster	1.2
trusters	0.0
trustful	2.0
trustier	0.0
trusties	1.2
trustily	0.0
trusting	3.7
trustor	1.3
trustors	0.0
trusts	3.8
trusty	3.0
truth	5.0
truthful	3.4
truths	3.7
try	5.5
trying	5.5
tryingly	0.0
tryma	0.0
trymata	0.0
tryout	2.9
tryouts	2.8
trypsin	2.2
trypsins	0.0
tryptic	1.5
trysail	1.1
trysails	0.0
tryst	2.6
tryste	0.0
trysted	0.0
tryster	0.0
trysters	0.0
trystes	0.0
trysting	1.3
trysts	1.9
tryworks	0.0
tsade	0.0
tsades	0.0
tsadi	0.0
tsadis	0.0
tsar	3.2
tsardom	1.3
tsardoms	0.0
tsarevna	0.0
tsarina	1.9
tsarinas	0.0
tsarism	1.5
tsarisms	0.0
tsarist	2.5
tsarists	0.0
tsaritza	0.0
tsars	2.2
tsetse	2.3
tsetses	0.0
tsimmes	0.0
tsk	3.0
tsked	0.0
tsking	1.2
tsks	0.0
tsktsk	0.0
tsktsked	0.0
tsktsks	0.0
tsooris	0.0
tsores	0.0
tsoris	0.0
tsorriss	0.0
tsuba	1.5
tsunami	3.5
tsunamic	0.0
tsunamis	2.6
tsuris	0.0
tuatara	1.6
tuataras	0.0
tuatera	0.0
tuateras	0.0
tub	3.9
tuba	2.8
tubae	0.0
tubaist	0.0
tubaists	0.0
tubal	2.6
tubas	1.8
tubate	0.0
tubbable	0.0
tubbed	0.0
tubber	0.0
tubbers	0.0
tubbier	0.0
tubbiest	0.0
tubbing	1.6
tubby	2.7
tube	4.4
tubed	2.0
tubeless	2.0
tubelike	0.0
tubenose	0.0
tuber	2.6
tubercle	2.2
tuberoid	0.0
tuberose	1.6
tuberous	2.2
tubers	2.7
tubes	3.9
tubework	0.0
tubful	0.0
tubfuls	0.0
tubifex	1.2
tubiform	0.0
tubing	3.3
tubings	1.1
tubist	0.0
tubists	0.0
tublike	0.0
tubs	3.1
tubular	3.2
tubulate	0.0
tubule	2.1
tubules	2.3
tubulin	2.2
tubulins	0.0
tubulose	0.0
tubulous	0.0
tubulure	0.0
tuchun	0.0
tuchuns	0.0
tuck	3.5
tuckahoe	1.9
tucked	3.6
tucker	3.8
tuckered	1.9
tuckers	1.8
tucket	1.1
tuckets	0.0
tucking	2.9
tucks	2.6
tuckshop	1.4
tufa	2.1
tufas	0.0
tuff	3.0
tuffet	1.1
tuffets	0.0
tuffs	1.8
tufoli	0.0
tuft	2.6
tufted	2.7
tufter	0.0
tufters	0.0
tuftier	0.0
tuftiest	0.0
tuftily	0.0
tufting	1.4
tufts	3.1
tufty	1.6
tug	3.5
tugboat	2.5
tugboats	2.0
tugged	2.6
tugger	1.6
tuggers	0.0
tugging	2.9
tughrik	0.0
tughriks	0.0
tugless	0.0
tugrik	0.0
tugriks	0.0
tugs	2.9
tui	2.8
tuille	0.0
tuilles	0.0
tuis	1.6
tuition	4.0
tuitions	2.1
tuladi	0.0
tuladis	0.0
tule	2.1
tules	1.1
tulip	3.2
tulips	3.0
tulle	2.6
tulles	0.0
tullibee	0.0
tumble	3.4
tumbled	3.0
tumbler	2.9
tumblers	2.5
tumbles	2.5
tumbling	3.2
tumbrel	0.0
tumbrels	0.0
tumbril	0.0
tumbrils	0.0
tumefied	0.0
tumefies	0.0
tumefy	0.0
tumid	1.3
tumidity	0.0
tumidly	0.0
tummies	2.3
tummler	0.0
tummlers	0.0
tummy	3.4
tumor	4.0
tumoral	1.5
tumorous	1.4
tumors	3.6
tumour	3.4
tumours	3.1
tump	1.8
tumped	0.0
tumping	0.0
tumpline	0.0
tumps	0.0
tumular	0.0
tumuli	1.8
tumulose	0.0
tumulous	0.0
tumult	2.7
tumults	1.3
tumulus	2.0
tun	3.0
tuna	3.6
tunable	2.5
tunably	0.0
tunas	2.1
tundish	1.1
tundra	3.1
tundras	1.6
tune	4.3
tuneable	1.3
tuneably	0.0
tuned	3.9
tuneful	2.2
tuneless	1.7
tuner	2.9
tuners	2.5
tunes	3.8
tuneup	2.0
tuneups	0.0
tung	3.1
tungs	0.0
tungsten	3.1
tungstic	0.0
tunic	3.1
tunica	2.4
tunicae	0.0
tunicate	1.4
tunicle	0.0
tunicles	0.0
tunics	2.4
tuning	3.7
tunnage	0.0
tunnages	0.0
tunned	0.0
tunnel	4.2
tunneled	2.1
tunneler	1.2
tunnels	3.8
tunnies	0.0
tunning	1.3
tunny	1.9
tuns	2.0
tup	2.1
tupelo	2.6
tupelos	0.0
tupik	0.0
tupiks	0.0
tupped	0.0
tuppence	2.0
tuppenny	1.3
tupping	0.0
tups	1.2
tuque	1.5
tuques	0.0
turaco	0.0
turacos	0.0
turacou	0.0
turacous	0.0
turban	3.0
turbaned	1.7
turbans	2.5
turbary	0.0
turbeth	0.0
turbeths	0.0
turbid	2.2
turbidly	0.0
turbinal	0.0
turbine	3.6
turbines	3.5
turbit	0.0
turbith	0.0
turbiths	0.0
turbits	0.0
turbo	3.7
turbocar	0.0
turbofan	2.0
turbojet	2.1
turbos	2.3
turbot	2.2
turbots	0.0
turd	3.1
turdine	0.0
turds	2.5
tureen	1.9
tureens	1.2
turf	3.8
turfed	1.9
turfier	0.0
turfiest	0.0
turfing	1.7
turfless	0.0
turflike	0.0
turfman	0.0
turfmen	0.0
turfs	1.7
turfski	0.0
turfskis	0.0
turfy	0.0
turgency	0.0
turgent	0.0
turgid	2.3
turgidly	0.0
turgite	0.0
turgites	0.0
turgor	1.6
turgors	0.0
turista	1.2
turistas	1.1
turk	3.3
turkey	4.6
turkeys	3.2
turkois	0.0
turks	3.7
turmeric	2.9
turmoil	3.5
turmoils	1.6
turn	5.3
turnable	1.2
turncoat	2.2
turndown	1.9
turned	5.1
turner	4.2
turners	2.5
turnery	0.0
turnhall	0.0
turning	4.7
turnings	1.9
turnip	2.8
turnips	2.7
turnkey	2.5
turnkeys	0.0
turnoff	2.5
turnoffs	1.5
turnout	3.7
turnouts	2.3
turnover	3.8
turnpike	3.2
turns	4.8
turnsole	0.0
turnspit	0.0
turnup	0.0
turnups	0.0
turpeth	0.0
turpeths	0.0
turps	1.7
turquois	0.0
turret	3.4
turreted	1.9
turrets	3.1
turrical	0.0
turtle	3.9
turtled	1.1
turtler	0.0
turtlers	0.0
turtles	3.7
turtling	1.4
turves	1.1
tusche	0.0
tusches	0.0
tush	2.2
tushed	0.0
tushes	0.0
tushie	1.1
tushies	0.0
tushing	0.0
tushy	1.8
tusk	3.0
tusked	1.5
tusker	1.9
tuskers	1.5
tusking	0.0
tuskless	0.0
tusklike	0.0
tusks	2.8
tussah	0.0
tussahs	0.0
tussal	0.0
tussar	0.0
tussars	0.0
tusseh	0.0
tussehs	0.0
tusser	0.0
tussers	0.0
tussis	0.0
tussises	0.0
tussive	0.0
tussle	2.6
tussled	1.7
tussles	1.7
tussling	1.6
tussock	2.0
tussocks	1.5
tussocky	0.0
tussor	0.0
tussore	0.0
tussores	0.0
tussors	0.0
tussuck	0.0
tussucks	0.0
tussur	0.0
tussurs	0.0
tut	2.9
tutee	1.1
tutees	0.0
tutelage	2.8
tutelar	0.0
tutelars	0.0
tutelary	2.0
tutor	3.7
tutorage	0.0
tutored	2.7
tutoress	0.0
tutorial	3.8
tutoring	3.2
tutors	3.1
tutoyed	0.0
tutoyer	0.0
tutoyers	0.0
tuts	2.2
tutted	1.6
tutti	2.7
tutties	0.0
tutting	1.9
tuttis	0.0
tutty	1.3
tutu	3.0
tutus	2.1
tux	2.8
tuxedo	3.1
tuxedoed	1.1
tuxedoes	1.1
tuxedos	2.3
tuxes	1.9
tuyer	0.0
tuyere	0.0
tuyeres	0.0
tuyers	0.0
twa	2.8
twaddle	2.1
twaddled	0.0
twaddler	0.0
twaddles	0.0
twae	0.0
twaes	0.0
twain	3.4
twains	0.0
twang	2.6
twanged	1.4
twanger	0.0
twangers	0.0
twangier	0.0
twanging	1.6
twangle	0.0
twangled	0.0
twangler	0.0
twangles	0.0
twangs	1.4
twangy	1.9
twankies	0.0
twanky	0.0
twas	3.0
twasome	0.0
twasomes	0.0
twat	3.3
twats	2.6
twattle	0.0
twattled	0.0
twattles	0.0
tweak	3.3
tweaked	3.1
tweakier	0.0
tweaking	3.1
tweaks	3.1
tweaky	1.0
twee	2.5
tweed	3.2
tweedier	0.0
tweedle	2.0
tweedled	0.0
tweedles	1.1
tweeds	2.1
tweedy	2.4
tween	2.8
tweenies	1.3
tweeny	1.2
tweet	4.2
tweeted	4.1
tweeter	2.7
tweeters	2.5
tweeting	3.5
tweets	4.0
tweeze	1.6
tweezed	1.3
tweezer	1.9
tweezers	2.8
tweezes	0.0
tweezing	1.6
twelfth	3.5
twelfths	1.1
twelve	4.3
twelvemo	0.0
twelves	1.8
twenties	3.5
twenty	4.7
twerp	2.1
twerps	1.8
twibil	0.0
twibill	0.0
twibills	0.0
twibils	0.0
twice	4.8
twiddle	2.1
twiddled	1.4
twiddler	0.0
twiddles	1.4
twiddly	1.0
twier	0.0
twiers	0.0
twig	3.0
twigged	1.8
twiggen	0.0
twiggier	0.0
twigging	0.0
twiggy	2.4
twigless	0.0
twiglike	0.0
twigs	3.1
twilight	3.8
twilit	1.3
twill	2.7
twilled	0.0
twilling	0.0
twills	1.1
twin	4.3
twinborn	0.0
twine	2.9
twined	1.7
twiner	0.0
twiners	0.0
twines	1.4
twinge	2.5
twinged	1.0
twinges	1.8
twinging	0.0
twinier	0.0
twiniest	0.0
twinight	0.0
twining	2.3
twinjet	0.0
twinjets	0.0
twinkle	3.2
twinkled	1.8
twinkler	0.0
twinkles	1.9
twinkly	1.9
twinned	2.4
twinning	2.7
twins	4.2
twinset	1.3
twinsets	0.0
twinship	0.0
twiny	0.0
twirl	2.7
twirled	2.2
twirler	1.6
twirlers	1.5
twirlier	0.0
twirling	2.8
twirls	2.1
twirly	1.7
twirp	1.1
twirps	0.0
twist	4.2
twisted	4.0
twister	3.0
twisters	2.5
twistier	0.0
twisting	3.5
twists	3.5
twisty	2.7
twit	2.7
twitch	3.8
twitched	2.3
twitcher	1.4
twitches	2.5
twitchy	2.6
twits	2.3
twitted	1.6
twitter	4.8
twitters	2.2
twittery	0.0
twitting	1.3
twixt	2.1
two	6.1
twofer	1.8
twofers	0.0
twofold	2.8
twofolds	0.0
twopence	1.6
twopenny	1.4
twos	2.8
twosome	2.2
twosomes	1.1
twyer	0.0
twyers	0.0
tycoon	3.2
tycoons	2.3
tye	2.7
tyee	1.7
tyees	0.0
tyer	1.4
tyers	1.9
tyes	0.0
tying	3.7
tyke	2.1
tykes	2.0
tylosin	1.3
tylosins	0.0
tymbal	0.0
tymbals	0.0
tympan	0.0
tympana	1.0
tympanal	0.0
tympani	1.9
tympanic	2.1
tympano	0.0
tympans	0.0
tympanum	2.1
tympany	1.2
tyne	3.2
tyned	0.0
tynes	1.8
tyning	0.0
typable	0.0
typal	0.0
type	5.3
typeable	0.0
typebar	0.0
typebars	0.0
typecase	0.0
typecast	2.4
typed	3.5
typeface	2.9
types	4.8
typeset	2.2
typesets	0.0
typey	0.0
typhoid	2.9
typhoids	0.0
typhon	2.1
typhonic	0.0
typhons	0.0
typhoon	3.6
typhoons	2.7
typhose	0.0
typhous	0.0
typhus	2.8
typhuses	0.0
typic	1.5
typical	4.6
typier	0.0
typiest	0.0
typified	2.7
typifier	0.0
typifies	2.3
typify	2.0
typing	3.8
typist	2.6
typists	2.1
typo	3.3
typology	2.6
typos	3.0
typp	0.0
typps	0.0
typy	0.0
tyramine	1.7
tyrannic	1.2
tyranny	3.5
tyrant	3.4
tyrants	3.0
tyre	3.5
tyred	1.6
tyres	3.5
tyring	1.3
tyro	2.3
tyronic	0.0
tyros	1.6
tyrosine	2.9
tythe	0.0
tythed	0.0
tythes	0.0
tything	0.0
tzaddik	1.4
tzar	1.9
tzardom	0.0
tzardoms	0.0
tzarevna	0.0
tzarina	0.0
tzarinas	0.0
tzarism	0.0
tzarisms	0.0
tzarist	0.0
tzarists	0.0
tzaritza	0.0
tzars	0.0
tzetze	0.0
tzetzes	0.0
tzigane	1.1
tziganes	0.0
tzimmes	0.0
tzitzis	0.0
tzitzit	1.3
tzitzith	0.0
tzuris	0.0
ubieties	0.0
ubiety	0.0
ubique	1.6
ubiquity	2.7
udder	2.3
udders	2.1
udo	2.4
udometer	0.0
udometry	0.0
udos	0.0
ufology	1.6
ugh	4.2
ughs	0.0
uglier	2.9
uglies	2.2
ugliest	3.0
uglified	0.0
uglifier	0.0
uglifies	0.0
uglify	0.0
uglily	0.0
ugliness	3.0
ugly	4.4
ugsome	0.0
uhlan	1.3
uhlans	1.6
uintaite	0.0
ukase	1.4
ukases	0.0
uke	2.5
ukelele	1.9
ukeleles	0.0
ukes	1.4
ukulele	3.0
ukuleles	1.9
ulama	2.2
ulamas	0.0
ulan	2.4
ulans	0.0
ulcer	3.0
ulcerate	1.4
ulcered	0.0
ulcering	0.0
ulcerous	1.1
ulcers	3.1
ulema	2.1
ulemas	1.1
ulexite	0.0
ulexites	0.0
ullage	1.5
ullaged	0.0
ullages	0.0
ulna	2.4
ulnad	0.0
ulnae	0.0
ulnar	2.4
ulnas	0.0
ulpan	1.1
ulpanim	0.0
ulster	3.5
ulsters	0.0
ulterior	2.9
ultima	2.8
ultimacy	0.0
ultimas	1.4
ultimata	1.0
ultimate	4.5
ultimo	2.6
ultra	4.2
ultradry	0.0
ultrahip	0.0
ultrahot	0.0
ultraism	0.0
ultraist	0.0
ultralow	1.5
ultrared	0.0
ultras	2.7
ulu	2.1
ululant	0.0
ululate	0.0
ululated	0.0
ululates	0.0
ulus	1.6
ulva	1.7
ulvas	0.0
umangite	0.0
umbel	1.7
umbeled	0.0
umbellar	0.0
umbelled	0.0
umbellet	0.0
umbels	1.8
umber	2.4
umbered	0.0
umbering	0.0
umbers	1.7
umbilici	0.0
umbles	0.0
umbo	1.6
umbonal	0.0
umbonate	0.0
umbones	0.0
umbonic	0.0
umbos	0.0
umbra	2.4
umbrae	0.0
umbrage	2.3
umbrages	0.0
umbral	1.9
umbras	0.0
umbrella	3.9
umbrette	0.0
umiac	0.0
umiack	0.0
umiacks	0.0
umiacs	0.0
umiak	1.2
umiaks	0.0
umiaq	0.0
umiaqs	0.0
umlaut	2.0
umlauted	0.0
umlauts	1.6
umm	3.6
ump	3.0
umped	0.0
umping	0.0
umpirage	0.0
umpire	3.4
umpired	1.7
umpires	3.1
umpiring	2.5
umps	2.0
umpteen	2.1
umteenth	0.0
unabated	2.7
unable	4.6
unabused	0.0
unacted	0.0
unadult	0.0
unafraid	2.7
unaged	1.4
unageing	0.0
unagile	0.0
unaging	0.0
unai	2.1
unaided	2.6
unaimed	0.0
unaired	1.9
unais	0.0
unakin	0.0
unakite	0.0
unakites	0.0
unalike	1.4
unallied	0.0
unamused	1.8
unanchor	0.0
unaneled	0.0
unapt	0.0
unaptly	0.0
unargued	0.0
unarm	0.0
unarmed	3.7
unarming	0.0
unarms	0.0
unartful	0.0
unary	1.9
unasked	2.1
unatoned	0.0
unau	0.0
unaus	0.0
unavowed	1.1
unawaked	0.0
unaware	3.9
unawares	2.5
unawed	0.0
unbacked	1.3
unbaked	1.6
unban	1.8
unbanned	1.9
unbans	0.0
unbar	1.1
unbarbed	0.0
unbarred	1.5
unbars	0.0
unbased	0.0
unbated	0.0
unbathed	0.0
unbe	1.4
unbear	0.0
unbeared	0.0
unbears	0.0
unbeaten	3.4
unbelief	2.5
unbelt	0.0
unbelted	1.3
unbelts	0.0
unbend	1.4
unbended	0.0
unbends	0.0
unbenign	0.0
unbent	1.5
unbiased	3.3
unbid	0.0
unbidden	2.1
unbilled	1.6
unbind	1.9
unbinds	0.0
unbitted	0.0
unbitten	0.0
unbitter	0.0
unblamed	0.0
unblest	0.0
unblock	2.7
unblocks	1.4
unbloody	0.0
unbodied	0.0
unbolt	1.6
unbolted	1.6
unbolts	0.0
unboned	0.0
unbonnet	0.0
unborn	3.4
unbosom	0.0
unbosoms	0.0
unbought	1.2
unbouncy	0.0
unbound	2.9
unbowed	1.9
unbox	2.0
unboxed	2.1
unboxes	1.1
unboxing	2.5
unbrace	0.0
unbraced	1.0
unbraces	0.0
unbraid	0.0
unbraids	0.0
unbrake	0.0
unbraked	0.0
unbrakes	0.0
unbred	0.0
unbreech	0.0
unbridle	0.0
unbright	0.0
unbroke	0.0
unbroken	3.2
unbuckle	1.8
unbuild	0.0
unbuilds	0.0
unbuilt	2.0
unbulky	0.0
unbundle	1.4
unburden	2.0
unburied	2.1
unburned	2.1
unburnt	1.9
unbusted	0.0
unbusy	0.0
unbutton	2.1
uncage	0.0
uncaged	1.9
uncages	0.0
uncaging	0.0
uncake	0.0
uncaked	0.0
uncakes	0.0
uncaking	0.0
uncalled	2.9
uncandid	0.0
uncanny	3.3
uncap	1.4
uncapped	2.5
uncaps	0.0
uncaring	2.6
uncase	0.0
uncased	1.1
uncases	0.0
uncashed	1.2
uncasing	0.0
uncasked	0.0
uncatchy	0.0
uncaught	1.6
uncaused	1.7
unchain	1.8
unchains	0.0
unchancy	0.0
uncharge	0.0
unchary	0.0
unchaste	1.6
unchewed	0.0
unchic	0.0
unchicly	0.0
unchoke	0.0
unchoked	0.0
unchokes	0.0
unchosen	1.4
unchurch	0.0
unci	0.0
uncia	1.1
unciae	0.0
uncial	1.7
uncially	0.0
uncials	1.2
unciform	0.0
uncinal	0.0
uncinate	1.3
uncini	0.0
uncinus	0.0
uncivil	2.3
unclad	1.4
unclamp	0.0
unclamps	0.0
unclasp	1.2
unclasps	0.0
uncle	4.5
unclean	3.1
unclear	3.9
unclench	1.8
uncles	3.3
unclinch	0.0
unclip	1.6
unclips	0.0
uncloak	0.0
uncloaks	0.0
unclog	2.3
unclogs	0.0
unclose	0.0
unclosed	1.4
uncloses	0.0
unclothe	0.0
uncloud	0.0
unclouds	0.0
uncloyed	0.0
unco	1.9
uncoated	2.2
uncock	0.0
uncocked	0.0
uncocks	0.0
uncoded	1.4
uncoffin	0.0
uncoil	1.5
uncoiled	1.5
uncoils	1.1
uncoined	0.0
uncombed	1.3
uncomely	0.0
uncomic	0.0
uncommon	3.9
uncooked	2.7
uncool	2.8
uncooled	1.4
uncork	1.8
uncorked	2.0
uncorks	1.3
uncos	0.0
uncouple	1.9
uncouth	2.5
uncover	3.5
uncovers	2.8
uncoy	0.0
uncrate	1.1
uncrated	1.1
uncrates	0.0
uncrazy	0.0
uncreate	0.0
uncross	1.5
uncrown	0.0
uncrowns	0.0
unction	2.0
unctions	0.0
unctuous	2.0
uncuff	0.0
uncuffed	1.3
uncuffs	0.0
uncurb	0.0
uncurbed	0.0
uncurbs	0.0
uncured	1.8
uncurl	1.3
uncurled	1.1
uncurls	0.0
uncursed	0.0
uncus	1.2
uncut	3.2
uncute	0.0
undamped	1.2
undaring	0.0
undated	3.0
unde	2.3
undead	3.3
undecked	0.0
undee	0.0
undenied	0.0
under	5.7
underact	0.0
underage	3.5
underarm	2.4
underate	0.0
underbid	1.7
underbud	0.0
underbuy	0.0
undercut	3.1
underdid	0.0
underdo	0.0
underdog	3.3
undereat	0.0
underfed	2.0
underfur	0.0
undergo	3.8
undergod	0.0
underjaw	0.0
underlap	0.0
underlay	2.3
underlet	0.0
underlie	2.7
underlip	0.0
underlit	0.0
underpay	1.7
underpin	2.7
underran	0.0
underrun	1.1
undersea	2.9
underset	0.0
undertax	0.0
undertow	2.4
underway	3.9
undevout	0.0
undid	2.5
undies	2.9
undimmed	1.8
undine	2.0
undines	0.0
undo	3.6
undoable	1.4
undocile	0.0
undock	1.6
undocked	1.8
undocks	0.0
undoer	0.0
undoers	0.0
undoes	2.3
undoing	3.1
undoings	0.0
undone	3.4
undotted	0.0
undouble	0.0
undrape	0.0
undraped	0.0
undrapes	0.0
undraw	0.0
undrawn	1.5
undraws	0.0
undreamt	1.2
undress	2.9
undrest	0.0
undrew	0.0
undried	0.0
undrunk	0.0
undubbed	0.0
undue	3.3
undulant	0.0
undular	0.0
undulate	1.8
undulled	0.0
unduly	3.0
undy	1.1
undyed	1.7
undying	2.9
uneager	0.0
unearned	2.7
unearth	2.7
unearths	2.1
unease	2.8
uneases	0.0
uneasier	0.0
uneasily	2.3
uneasy	3.5
uneaten	2.2
unedible	0.0
unedited	2.8
unended	0.0
unending	3.0
unenvied	0.0
unequal	3.3
unequals	0.0
unerased	0.0
unerotic	0.0
unerring	2.3
unevaded	0.0
uneven	3.5
unevener	0.0
unevenly	2.7
unexotic	0.0
unexpert	0.0
unfaded	0.0
unfading	1.5
unfair	4.2
unfairer	0.0
unfairly	3.4
unfaith	0.0
unfaiths	0.0
unfaked	0.0
unfallen	1.1
unfamous	0.0
unfancy	0.0
unfasten	1.7
unfazed	2.5
unfeared	0.0
unfed	1.6
unfelt	1.1
unfence	0.0
unfenced	1.8
unfences	0.0
unfetter	0.0
unfilial	1.3
unfilled	2.6
unfilmed	1.1
unfired	1.8
unfished	0.0
unfit	3.5
unfitly	0.0
unfits	0.0
unfitted	1.5
unfix	1.1
unfixed	2.0
unfixes	0.0
unfixing	0.0
unfixt	0.0
unflashy	0.0
unflexed	0.0
unfoiled	0.0
unfold	3.5
unfolded	3.2
unfolder	0.0
unfolds	3.1
unfond	0.0
unforced	2.4
unforged	0.0
unforgot	0.0
unforked	0.0
unformed	2.0
unfought	0.0
unfound	1.5
unframed	2.0
unfree	2.1
unfreed	0.0
unfrees	0.0
unfreeze	2.2
unfrock	0.0
unfrocks	0.0
unfroze	1.4
unfrozen	2.1
unfunded	2.7
unfunny	2.6
unfurl	2.2
unfurled	2.5
unfurls	1.9
unfused	1.5
unfussy	1.7
ungainly	2.4
ungalled	0.0
ungenial	0.0
ungentle	1.1
ungently	0.0
ungifted	1.3
ungird	0.0
ungirded	0.0
ungirds	0.0
ungirt	0.0
unglazed	2.0
unglove	0.0
ungloved	1.1
ungloves	0.0
unglue	1.1
unglued	2.2
unglues	0.0
ungluing	0.0
ungodly	2.9
ungot	0.0
ungotten	0.0
ungowned	0.0
ungraced	0.0
ungraded	2.0
ungreedy	0.0
unground	1.2
ungual	1.2
unguard	0.0
unguards	0.0
unguent	1.5
unguenta	0.0
unguents	1.2
ungues	0.0
unguided	2.3
unguis	1.1
ungula	0.0
ungulae	0.0
ungular	0.0
ungulate	1.9
unhailed	0.0
unhair	0.0
unhaired	0.0
unhairs	0.0
unhallow	0.0
unhalved	0.0
unhand	1.3
unhanded	0.0
unhands	0.0
unhandy	0.0
unhang	0.0
unhanged	0.0
unhangs	0.0
unhappy	4.1
unharmed	3.1
unhasty	0.0
unhat	0.0
unhats	0.0
unhatted	0.0
unhealed	1.8
unheard	3.4
unheated	2.3
unhedged	1.3
unheeded	2.3
unhelm	0.0
unhelmed	0.0
unhelms	0.0
unhelped	0.0
unheroic	1.4
unhewn	1.1
unhinge	1.8
unhinged	3.0
unhinges	1.1
unhip	1.3
unhired	0.0
unhitch	1.3
unholier	0.0
unholily	0.0
unholy	3.1
unhood	0.0
unhooded	0.0
unhoods	0.0
unhook	2.2
unhooked	2.2
unhooks	1.4
unhoped	0.0
unhorse	1.0
unhorsed	1.5
unhorses	0.0
unhouse	0.0
unhoused	1.4
unhouses	0.0
unhuman	1.5
unhung	1.1
unhurt	2.5
unhusk	0.0
unhusked	0.0
unhusks	0.0
unialgal	0.0
uniaxial	1.9
unicolor	1.5
unicorn	3.5
unicorns	3.1
unicycle	2.4
unideaed	0.0
unideal	1.0
uniface	1.1
unifaces	0.0
unific	0.0
unified	3.9
unifier	2.0
unifiers	1.0
unifies	2.2
unifilar	0.0
uniform	4.3
uniforms	3.9
unify	3.1
unifying	3.1
unilobed	0.0
unimbued	0.0
union	5.1
unionise	1.3
unionism	2.7
unionist	3.3
unionize	2.5
unions	4.2
unipod	0.0
unipods	0.0
unipolar	2.1
unique	4.8
uniquely	3.5
uniquer	0.0
uniques	1.8
uniquest	0.0
unironed	0.0
unisex	3.0
unisexes	0.0
unison	3.3
unisonal	0.0
unisons	0.0
unissued	2.1
unit	5.0
unitage	0.0
unitages	0.0
unitard	1.7
unitards	1.2
unitary	3.1
unite	3.9
united	5.5
unitedly	1.4
uniter	1.9
uniters	0.0
unites	3.1
unities	1.7
uniting	3.3
unitive	1.5
unitize	0.0
unitized	1.5
unitizer	0.0
unitizes	0.0
unitrust	1.3
units	4.8
unity	4.2
univalve	0.0
universe	4.6
univocal	1.4
unjaded	0.0
unjoined	0.0
unjoint	0.0
unjoints	0.0
unjoyful	0.0
unjudged	0.0
unjust	3.4
unjustly	2.9
unkempt	2.6
unkend	0.0
unkenned	0.0
unkennel	0.0
unkent	0.0
unkept	1.7
unkind	3.0
unkinder	0.0
unkindly	2.0
unkingly	0.0
unkink	0.0
unkinked	0.0
unkinks	0.0
unkissed	0.0
unknit	0.0
unknits	0.0
unknot	1.2
unknots	0.0
unknown	4.5
unknowns	3.0
unkosher	0.0
unlace	1.3
unlaced	1.4
unlaces	0.0
unlacing	0.0
unlade	0.0
unladed	0.0
unladen	1.8
unlades	0.0
unlading	0.0
unlaid	0.0
unlash	0.0
unlashed	0.0
unlashes	0.0
unlatch	1.6
unlawful	3.7
unlay	0.0
unlaying	0.0
unlays	0.0
unlead	0.0
unleaded	2.5
unleads	0.0
unlearn	2.5
unlearns	0.0
unlearnt	0.0
unleased	1.4
unleash	3.4
unled	0.0
unless	5.0
unlet	0.0
unlethal	0.0
unletted	0.0
unlevel	1.4
unlevels	0.0
unlevied	0.0
unlicked	0.0
unlike	4.6
unlikely	4.3
unlimber	0.0
unlined	2.3
unlink	1.8
unlinked	1.9
unlinks	0.0
unlisted	2.7
unlit	2.4
unlive	0.0
unlived	1.6
unlively	0.0
unlives	0.0
unliving	1.3
unload	3.2
unloaded	3.2
unloader	1.6
unloads	2.3
unlobed	0.0
unlock	3.9
unlocked	3.8
unlocks	3.0
unloose	1.1
unloosed	0.0
unloosen	0.0
unlooses	0.0
unloved	2.8
unlovely	1.8
unloving	2.0
unlucky	3.6
unmacho	0.0
unmade	2.4
unmake	1.9
unmaker	0.0
unmakers	0.0
unmakes	0.0
unmaking	1.9
unman	1.1
unmanful	0.0
unmanly	2.1
unmanned	3.3
unmans	0.0
unmapped	1.9
unmarked	3.2
unmarred	1.4
unmask	2.5
unmasked	2.8
unmasker	0.0
unmasks	1.8
unmated	1.5
unmatted	0.0
unmeant	0.0
unmeet	1.2
unmeetly	0.0
unmellow	0.0
unmelted	1.2
unmended	0.0
unmerry	0.0
unmesh	0.0
unmeshed	0.0
unmeshes	0.0
unmet	2.7
unmew	0.0
unmewed	0.0
unmewing	0.0
unmews	0.0
unmilled	0.0
unmined	1.2
unmingle	0.0
unmiter	0.0
unmiters	0.0
unmitre	0.0
unmitred	0.0
unmitres	0.0
unmix	0.0
unmixed	2.1
unmixes	0.0
unmixing	0.0
unmixt	0.0
unmodish	0.0
unmold	1.2
unmolded	0.0
unmolds	0.0
unmolten	0.0
unmoor	1.0
unmoored	1.8
unmoors	0.0
unmoral	1.0
unmoved	2.7
unmoving	2.1
unmown	0.0
unmuffle	0.0
unmuzzle	0.0
unnail	0.0
unnailed	0.0
unnails	0.0
unnamed	3.6
unneeded	2.6
unnerve	1.9
unnerved	2.5
unnerves	1.7
unnoisy	0.0
unnoted	1.1
unoiled	0.0
unopen	0.0
unopened	2.9
unornate	0.0
unowned	1.6
unpack	3.0
unpacked	2.8
unpacker	0.0
unpacks	1.9
unpaged	0.0
unpaid	3.7
unpaired	2.2
unparted	0.0
unpaved	2.4
unpaying	0.0
unpeeled	1.8
unpeg	0.0
unpegged	0.0
unpegs	0.0
unpen	0.0
unpenned	0.0
unpens	0.0
unpent	0.0
unpeople	0.0
unperson	1.1
unpick	1.9
unpicked	1.6
unpicks	0.0
unpile	0.0
unpiled	0.0
unpiles	0.0
unpiling	0.0
unpin	1.4
unpinned	1.4
unpins	0.0
unpitied	0.0
unplaced	1.7
unplait	0.0
unplaits	0.0
unplayed	1.9
unpliant	0.0
unplowed	1.5
unplug	3.0
unplugs	1.6
unpoetic	1.0
unpoised	0.0
unpolite	1.0
unpolled	0.0
unposed	1.1
unposted	1.3
unpotted	0.0
unpretty	1.6
unpriced	0.0
unprimed	1.4
unprized	0.0
unprobed	0.0
unproved	1.8
unproven	3.0
unpruned	0.0
unpucker	0.0
unpure	1.1
unpurged	0.0
unpuzzle	0.0
unquiet	2.1
unquiets	0.0
unquote	2.2
unquoted	1.6
unquotes	0.0
unraised	0.0
unraked	0.0
unranked	2.6
unrated	2.3
unravel	3.2
unravels	2.4
unrazed	0.0
unread	2.7
unready	2.0
unreal	3.6
unreally	0.0
unreason	1.8
unreel	0.0
unreeled	0.0
unreeler	0.0
unreels	0.0
unreeve	0.0
unreeved	0.0
unreeves	0.0
unrent	0.0
unrented	0.0
unrepaid	0.0
unrepair	0.0
unrest	3.6
unrested	0.0
unrests	1.3
unrhymed	1.3
unriddle	1.1
unrifled	0.0
unrig	0.0
unrigged	1.1
unrigs	0.0
unrimed	0.0
unrinsed	0.0
unrip	0.0
unripe	2.3
unripely	0.0
unriper	0.0
unripest	0.0
unripped	0.0
unrips	0.0
unrisen	0.0
unrobe	0.0
unrobed	0.0
unrobes	0.0
unrobing	0.0
unroll	2.3
unrolled	2.2
unrolls	1.5
unroof	0.0
unroofed	1.5
unroofs	0.0
unroot	1.3
unrooted	1.6
unroots	0.0
unroped	0.0
unrough	0.0
unround	0.0
unrounds	0.0
unrove	0.0
unroven	0.0
unruled	0.0
unrulier	0.0
unruly	3.1
unrushed	1.1
unrusted	0.0
uns	2.8
unsaddle	0.0
unsafe	3.7
unsafely	1.6
unsafety	0.0
unsaid	2.7
unsalted	2.5
unsated	0.0
unsaved	2.2
unsavory	2.7
unsawed	0.0
unsawn	0.0
unsay	1.5
unsaying	0.0
unsays	0.0
unscaled	1.2
unscrew	2.5
unscrews	1.4
unseal	2.0
unsealed	2.7
unseals	0.0
unseam	0.0
unseamed	0.0
unseams	0.0
unseared	0.0
unseat	2.6
unseated	2.4
unseats	1.3
unseeded	2.2
unseeing	1.6
unseemly	2.7
unseen	3.6
unseized	0.0
unsell	0.0
unsells	0.0
unsent	1.8
unserved	1.7
unset	1.8
unsets	0.0
unsettle	2.3
unsew	0.0
unsewed	0.0
unsewing	0.0
unsewn	0.0
unsews	0.0
unsex	1.2
unsexed	1.4
unsexes	0.0
unsexing	0.0
unsexual	0.0
unsexy	2.0
unshaded	1.5
unshaken	1.9
unshamed	0.0
unshaped	1.3
unshapen	0.0
unshared	1.7
unsharp	1.4
unshaved	1.8
unshaven	2.3
unshed	1.3
unshell	0.0
unshells	0.0
unshift	0.0
unshifts	0.0
unship	0.0
unships	0.0
unshod	1.4
unshorn	1.2
unshowy	0.0
unshrunk	0.0
unshut	0.0
unsicker	0.0
unsifted	1.1
unsight	0.0
unsights	0.0
unsigned	3.2
unsilent	1.1
unsinful	0.0
unsized	0.0
unslaked	0.0
unsliced	1.1
unsling	0.0
unslings	0.0
unslung	0.0
unsmart	0.0
unsmoked	1.4
unsnap	1.2
unsnaps	0.0
unsnarl	0.0
unsnarls	0.0
unsoaked	0.0
unsober	0.0
unsocial	1.9
unsoiled	1.2
unsold	2.9
unsolder	0.0
unsolid	0.0
unsolved	3.3
unsoncy	0.0
unsonsie	0.0
unsonsy	0.0
unsorted	1.9
unsought	1.5
unsound	2.7
unsoured	0.0
unsowed	0.0
unsown	0.0
unspeak	0.0
unspeaks	0.0
unspent	2.2
unsphere	0.0
unspilt	0.0
unsplit	1.1
unspoilt	2.3
unspoke	0.0
unspoken	3.2
unsprung	1.7
unspun	1.5
unstable	3.9
unstably	0.0
unstack	1.0
unstacks	0.0
unstate	0.0
unstated	2.3
unstates	0.0
unstayed	0.0
unsteady	2.7
unsteel	0.0
unsteels	0.0
unstep	0.0
unsteps	0.0
unstick	1.7
unsticks	0.0
unstitch	0.0
unstoned	0.0
unstop	0.0
unstops	0.0
unstrap	1.2
unstraps	0.0
unstress	0.0
unstring	0.0
unstrung	1.6
unstuck	2.5
unstuffy	0.0
unstung	0.0
unsubtle	2.0
unsubtly	1.1
unsuited	2.5
unsung	2.9
unsunk	0.0
unsure	3.8
unsurely	0.0
unswathe	0.0
unswayed	1.4
unswear	0.0
unswears	0.0
unswept	1.4
unswore	0.0
unsworn	1.4
untack	0.0
untacked	0.0
untacks	0.0
untagged	1.9
untaken	1.4
untame	0.0
untamed	2.8
untangle	2.5
untanned	1.2
untapped	2.9
untasted	0.0
untaught	1.3
untaxed	2.2
unteach	0.0
untended	1.9
untented	0.0
untested	2.9
untether	1.2
unthawed	0.0
unthink	1.1
unthinks	0.0
unthread	0.0
unthrone	0.0
untidied	0.0
untidier	0.0
untidies	0.0
untidily	1.2
untidy	2.6
untie	2.5
untied	2.7
unties	1.7
until	5.6
untilled	1.2
untilted	0.0
untimely	3.1
untinged	0.0
untipped	0.0
untired	0.0
untiring	2.1
untitled	3.2
unto	4.0
untold	3.3
untorn	0.0
untoward	2.7
untraced	1.4
untread	0.0
untreads	0.0
untrendy	0.0
untried	2.4
untrim	0.0
untrims	0.0
untrod	0.0
untrue	3.4
untruer	0.0
untruest	0.0
untruly	0.0
untruss	0.0
untrusty	0.0
untruth	2.2
untruths	2.3
untuck	1.3
untucked	2.0
untucks	0.0
untufted	0.0
untune	0.0
untuned	1.4
untunes	0.0
untuning	0.0
unturned	2.7
untwine	0.0
untwined	0.0
untwines	0.0
untwist	1.6
untwists	0.0
untying	2.0
ununited	0.0
unurged	0.0
unusable	3.0
unused	3.6
unusual	4.5
unvalued	1.2
unvaried	1.3
unveil	3.2
unveiled	3.8
unveils	3.1
unveined	0.0
unversed	1.4
unvexed	0.0
unvext	0.0
unviable	2.3
unvocal	0.0
unvoice	0.0
unvoiced	1.9
unvoices	0.0
unwalled	1.2
unwaning	0.0
unwanted	3.8
unwarier	0.0
unwarily	0.0
unwarmed	0.0
unwarned	0.0
unwarped	0.0
unwary	2.3
unwashed	2.7
unwasted	0.0
unwaxed	1.3
unweaned	1.0
unweary	0.0
unweave	0.0
unweaves	0.0
unwed	2.5
unwedded	0.0
unweeded	0.0
unweight	0.0
unwelded	0.0
unwell	3.1
unwept	0.0
unwetted	0.0
unwhite	0.0
unwieldy	2.8
unwifely	0.0
unwilled	0.0
unwind	3.1
unwinder	0.0
unwinds	2.0
unwisdom	0.0
unwise	3.1
unwisely	2.4
unwiser	0.0
unwisest	0.0
unwish	0.0
unwished	0.0
unwishes	0.0
unwit	0.0
unwits	0.0
unwitted	0.0
unwon	0.0
unwonted	1.2
unwooded	0.0
unwooed	0.0
unworked	1.4
unworn	2.0
unworthy	3.2
unwound	2.3
unwove	0.0
unwoven	0.0
unwrap	2.6
unwraps	1.7
unwrung	0.0
unyeaned	0.0
unyoke	0.0
unyoked	0.0
unyokes	0.0
unyoking	0.0
unyoung	0.0
unzip	2.5
unzipped	2.6
unzips	2.2
unzoned	0.0
upas	1.2
upases	0.0
upbear	0.0
upbearer	0.0
upbears	0.0
upbeat	3.5
upbeats	1.2
upbind	0.0
upbinds	0.0
upboil	0.0
upboiled	0.0
upboils	0.0
upbore	0.0
upborne	0.0
upbound	0.0
upbow	0.0
upbows	0.0
upbraid	1.4
upbraids	1.2
upbuild	0.0
upbuilds	0.0
upbuilt	0.0
upby	0.0
upbye	0.0
upcast	1.5
upcasts	0.0
upchuck	1.5
upchucks	0.0
upclimb	0.0
upclimbs	0.0
upcoast	0.0
upcoil	0.0
upcoiled	0.0
upcoils	0.0
upcoming	4.3
upcurl	0.0
upcurled	0.0
upcurls	0.0
upcurve	0.0
upcurved	0.0
upcurves	0.0
updart	0.0
updarted	0.0
updarts	0.0
update	4.7
updated	4.5
updater	2.0
updaters	1.1
updates	4.3
updating	3.7
updive	0.0
updived	0.0
updives	0.0
updiving	0.0
updo	2.0
updos	1.3
updove	0.0
updraft	2.1
updrafts	1.8
updried	0.0
updries	0.0
updry	0.0
updrying	0.0
upend	2.3
upended	2.3
upending	1.9
upends	1.8
upfield	2.2
upfling	0.0
upflings	0.0
upflow	1.2
upflowed	0.0
upflows	0.0
upflung	0.0
upfold	0.0
upfolded	0.0
upfolds	0.0
upfront	3.5
upgather	0.0
upgaze	0.0
upgazed	0.0
upgazes	0.0
upgazing	0.0
upgird	0.0
upgirded	0.0
upgirds	0.0
upgirt	0.0
upgoing	0.0
upgrade	4.2
upgraded	3.9
upgrades	3.8
upgrew	0.0
upgrow	0.0
upgrown	0.0
upgrows	0.0
upgrowth	0.0
upheap	0.0
upheaped	0.0
upheaps	0.0
upheaval	3.1
upheave	0.0
upheaved	1.1
upheaver	0.0
upheaves	0.0
upheld	3.6
uphill	3.4
uphills	1.3
uphoard	0.0
uphoards	0.0
uphold	3.5
upholder	1.7
upholds	2.8
uphove	0.0
uphroe	0.0
uphroes	0.0
upkeep	3.2
upkeeps	0.0
upland	3.1
uplander	1.0
uplands	2.8
upleap	0.0
upleaped	0.0
upleaps	0.0
upleapt	0.0
uplift	3.3
uplifted	2.7
uplifter	1.1
uplifts	2.1
uplight	0.0
uplights	0.0
uplink	2.7
uplinks	1.8
uplit	0.0
upload	4.0
uploaded	3.9
uploads	3.1
upmarket	2.6
upmost	2.1
upo	1.6
upon	5.1
upped	3.1
upper	4.7
uppercut	2.6
uppers	2.7
uppile	0.0
uppiled	0.0
uppiles	0.0
uppiling	0.0
upping	2.9
uppings	0.0
uppish	1.1
uppishly	0.0
uppity	2.5
upprop	0.0
upprops	0.0
upraise	1.1
upraised	1.8
upraiser	0.0
upraises	0.0
uprate	1.1
uprated	1.9
uprates	0.0
uprating	1.5
upreach	0.0
uprear	0.0
upreared	0.0
uprears	0.0
upright	3.7
uprights	2.4
uprise	1.7
uprisen	0.0
upriser	0.0
uprisers	0.0
uprises	0.0
uprising	3.7
upriver	2.6
uprivers	0.0
uproar	3.2
uproars	1.1
uproot	2.6
uprootal	0.0
uprooted	2.8
uprooter	0.0
uproots	1.5
uprose	0.0
uprouse	0.0
uproused	0.0
uprouses	0.0
uprush	0.0
uprushed	0.0
uprushes	0.0
ups	4.4
upscale	3.3
upscaled	1.7
upscales	0.0
upsend	0.0
upsends	0.0
upsent	0.0
upset	4.6
upsets	3.3
upsetter	0.0
upshift	1.4
upshifts	1.2
upshoot	0.0
upshoots	0.0
upshot	2.7
upshots	0.0
upside	4.0
upsides	2.3
upsilon	2.0
upsilons	0.0
upsoar	0.0
upsoared	0.0
upsoars	0.0
upsprang	0.0
upspring	0.0
upsprung	0.0
upstage	2.4
upstaged	2.2
upstages	1.5
upstair	1.4
upstairs	3.9
upstand	0.0
upstands	0.0
upstare	0.0
upstared	0.0
upstares	0.0
upstart	2.8
upstarts	2.2
upstate	3.3
upstater	0.0
upstates	0.0
upstep	0.0
upsteps	0.0
upstir	0.0
upstirs	0.0
upstood	0.0
upstream	3.6
upstroke	1.6
upsurge	2.7
upsurged	0.0
upsurges	0.0
upsweep	0.0
upsweeps	0.0
upswell	1.1
upswells	0.0
upswept	1.5
upswing	2.7
upswings	1.4
upswung	0.0
uptake	3.3
uptakes	1.4
uptear	0.0
uptears	0.0
upthrew	0.0
upthrow	0.0
upthrown	0.0
upthrows	0.0
upthrust	1.2
uptick	2.8
upticks	1.3
uptight	2.9
uptilt	0.0
uptilted	0.0
uptilts	0.0
uptime	2.8
uptimes	0.0
uptore	0.0
uptorn	0.0
uptoss	0.0
uptossed	0.0
uptosses	0.0
uptown	3.3
uptowner	0.0
uptowns	0.0
uptrend	2.2
uptrends	0.0
upturn	2.5
upturned	2.6
upturns	1.3
upwaft	0.0
upwafted	0.0
upwafts	0.0
upward	3.7
upwardly	2.6
upwards	3.8
upwell	1.2
upwelled	0.0
upwells	0.0
upwind	2.4
upwinds	0.0
uracil	2.0
uracils	0.0
uraei	0.0
uraemia	0.0
uraemias	0.0
uraemic	1.2
uraeus	1.2
uraeuses	0.0
uralite	0.0
uralites	0.0
uralitic	0.0
urania	1.9
uranias	0.0
uranic	0.0
uranide	0.0
uranides	0.0
uranism	0.0
uranisms	0.0
uranite	0.0
uranites	0.0
uranitic	0.0
uranium	3.9
uraniums	0.0
uranous	0.0
uranyl	1.9
uranylic	0.0
uranyls	0.0
urare	0.0
urares	0.0
urari	0.0
uraris	0.0
urase	0.0
urases	0.0
urate	1.8
urates	0.0
uratic	0.0
urb	2.0
urban	4.7
urbane	2.5
urbanely	0.0
urbaner	0.0
urbanest	0.0
urbanise	0.0
urbanism	2.6
urbanist	1.8
urbanite	1.7
urbanity	1.9
urbanize	1.3
urbia	0.0
urbias	0.0
urbs	1.6
urchin	2.8
urchins	2.6
urd	1.9
urds	0.0
urea	2.8
ureal	0.0
ureas	1.3
urease	1.7
ureases	0.0
uredia	0.0
uredial	0.0
uredinia	0.0
uredium	0.0
uredo	0.0
uredos	0.0
ureic	0.0
ureide	0.0
ureides	0.0
uremia	1.7
uremias	0.0
uremic	1.8
ureter	2.0
ureteral	1.8
ureteric	1.3
ureters	1.8
urethan	0.0
urethane	2.4
urethans	0.0
urethra	2.9
urethrae	0.0
urethral	2.4
urethras	1.1
uretic	0.0
urge	4.1
urged	4.0
urgency	3.5
urgent	4.2
urgently	3.5
urger	0.0
urgers	0.0
urges	3.7
urging	3.7
urgingly	0.0
urial	0.0
urials	0.0
uric	2.6
uridine	1.9
uridines	0.0
urinal	2.8
urinals	2.5
urinary	3.3
urinate	2.8
urinated	2.3
urinates	1.9
urine	3.8
urinemia	0.0
urinemic	0.0
urines	1.1
urinose	0.0
urinous	0.0
urn	3.2
urnlike	0.0
urns	2.7
urochord	0.0
urodele	0.0
urodeles	0.0
urolith	0.0
uroliths	0.0
urologic	2.0
urology	2.8
uropod	0.0
uropodal	0.0
uropods	1.0
uropygia	0.0
uroscopy	0.0
urostyle	0.0
ursa	2.6
ursae	1.2
ursiform	0.0
ursine	1.6
urtext	1.2
urtexts	0.0
urticant	0.0
urticate	0.0
urus	1.9
uruses	0.0
urushiol	1.3
usable	3.5
usably	0.0
usage	4.2
usages	2.7
usance	0.0
usances	0.0
usaunce	0.0
usaunces	0.0
use	5.8
useable	2.6
useably	0.0
used	5.8
useful	4.7
usefully	2.6
useless	4.2
user	4.7
users	4.8
uses	4.9
usher	3.5
ushered	3.1
ushering	2.6
ushers	2.7
using	5.5
usnea	1.2
usneas	0.0
usquabae	0.0
usque	1.6
usquebae	0.0
usques	0.0
ustulate	0.0
usual	4.6
usually	5.2
usuals	1.5
usufruct	1.8
usurer	1.7
usurers	1.6
usuries	0.0
usurious	1.8
usurp	2.7
usurped	2.8
usurper	2.6
usurpers	2.1
usurping	2.4
usurps	1.9
usury	2.5
uta	2.7
utas	1.4
utensil	2.5
utensils	3.2
uteri	1.7
uterine	3.0
uterus	3.4
uteruses	1.7
utile	1.7
utilidor	0.0
utilise	3.0
utilised	3.1
utiliser	0.0
utilises	2.4
utility	4.3
utilize	3.8
utilized	3.8
utilizer	0.0
utilizes	3.3
utmost	3.6
utmosts	0.0
utopia	3.4
utopian	3.1
utopians	1.8
utopias	2.2
utopism	0.0
utopisms	0.0
utopist	0.0
utopists	0.0
utricle	1.4
utricles	0.0
utriculi	0.0
uts	2.6
utter	3.9
uttered	3.2
utterer	0.0
utterers	0.0
uttering	2.7
utterly	4.0
utters	2.5
uvea	1.5
uveal	1.7
uveas	0.0
uveitic	0.0
uveitis	2.0
uveous	0.0
uvula	2.0
uvulae	0.0
uvular	1.5
uvularly	0.0
uvulars	0.0
uvulas	0.0
uvulitis	0.0
uxorial	0.0
uxorious	1.1
vac	3.0
vacancy	3.6
vacant	3.8
vacantly	1.7
vacate	3.1
vacated	3.3
vacates	1.9
vacating	2.4
vacation	4.4
vaccina	0.0
vaccinal	0.0
vaccinas	0.0
vaccine	4.0
vaccinee	0.0
vaccines	3.8
vaccinia	1.8
vacs	1.6
vacua	1.3
vacuity	1.7
vacuolar	1.8
vacuole	1.9
vacuoles	2.0
vacuous	2.5
vacuum	4.1
vacuumed	2.4
vacuums	2.5
vadose	1.4
vagabond	2.8
vagal	2.1
vagally	0.0
vagaries	2.6
vagary	1.2
vagi	1.3
vagile	0.0
vagility	0.0
vagina	3.8
vaginae	1.4
vaginal	3.4
vaginas	2.9
vaginate	0.0
vagotomy	1.2
vagrancy	2.3
vagrant	2.8
vagrants	2.4
vagrom	0.0
vague	3.9
vaguely	3.5
vaguer	1.7
vaguest	2.1
vagus	2.4
vahine	0.0
vahines	0.0
vail	3.1
vailed	0.0
vailing	0.0
vails	1.2
vain	3.7
vainer	0.0
vainest	1.1
vainly	2.4
vainness	0.0
vair	1.5
vairs	0.0
vakeel	0.0
vakeels	0.0
vakil	1.9
vakils	0.0
valance	2.5
valanced	0.0
valances	1.6
vale	3.6
valence	2.9
valences	1.5
valencia	3.6
valency	1.8
valerate	1.6
valerian	2.6
valeric	0.0
vales	2.1
valet	3.2
valeted	1.1
valeting	1.5
valets	2.3
valgoid	0.0
valgus	1.9
valguses	0.0
valiance	1.4
valiancy	0.0
valiant	3.3
valiants	1.4
valid	4.4
validate	3.4
validity	3.7
validly	2.5
valine	2.0
valines	0.0
valise	2.0
valises	1.3
valkyr	1.5
valkyrie	3.1
valkyrs	0.0
vallate	0.0
valley	4.7
valleys	3.6
valonia	0.0
valonias	0.0
valor	3.2
valorise	0.0
valorize	1.3
valorous	2.0
valors	0.0
valour	2.9
valours	0.0
valse	1.9
valses	0.0
valuable	4.5
valuably	1.3
valuate	1.1
valuated	1.2
valuates	0.0
valuator	1.1
value	5.2
valued	4.1
valuer	2.1
valuers	2.1
values	4.7
valuing	3.1
valuta	0.0
valutas	0.0
valval	0.0
valvar	0.0
valvate	0.0
valve	4.1
valved	1.8
valvelet	0.0
valves	3.6
valving	1.5
valvula	0.0
valvulae	0.0
valvular	2.0
valvule	0.0
valvules	0.0
vambrace	0.0
vamoose	1.4
vamoosed	0.0
vamooses	0.0
vamose	0.0
vamosed	0.0
vamoses	0.0
vamosing	0.0
vamp	2.9
vamped	1.8
vamper	0.0
vampers	0.0
vamping	1.8
vampire	4.0
vampires	3.6
vampiric	2.3
vampish	0.0
vamps	2.6
van	4.8
vanadate	1.3
vanadic	0.0
vanadium	2.6
vanadous	0.0
vanda	2.3
vandal	2.8
vandalic	0.0
vandals	3.0
vandas	0.0
vandyke	2.1
vandyked	0.0
vandykes	0.0
vane	3.0
vaned	0.0
vanes	2.3
vang	2.2
vangs	0.0
vanguard	3.5
vanilla	3.8
vanillas	1.2
vanillic	0.0
vanillin	1.9
vanish	3.4
vanished	3.7
vanisher	0.0
vanishes	3.0
vanitied	0.0
vanities	2.5
vanitory	0.0
vanity	3.7
vanman	0.0
vanmen	0.0
vanned	0.0
vanner	1.3
vanners	0.0
vanning	1.2
vanpool	1.3
vanpools	0.0
vanquish	2.6
vans	3.6
vantage	3.3
vantages	1.2
vanward	0.0
vapid	2.5
vapidity	1.2
vapidly	0.0
vapor	3.6
vapored	0.0
vaporer	0.0
vaporers	0.0
vaporing	0.0
vaporise	1.5
vaporish	0.0
vaporize	2.5
vaporous	1.8
vapors	2.8
vapory	0.0
vapour	3.0
vapoured	0.0
vapourer	0.0
vapours	2.3
vapoury	0.0
vaquero	1.9
vaqueros	2.1
var	3.6
vara	2.2
varactor	1.4
varas	1.8
varia	2.2
variable	4.1
variably	2.3
variance	3.5
variant	3.8
variants	3.7
variate	1.7
variated	0.0
variates	1.2
varices	1.8
varicose	2.5
varied	4.0
variedly	0.0
varier	0.0
variers	0.0
varies	3.9
varietal	2.5
variety	4.8
variform	0.0
variola	1.9
variolar	0.0
variolas	0.0
variole	0.0
varioles	0.0
variorum	1.8
various	5.1
varistor	1.0
varix	1.5
varlet	1.6
varletry	0.0
varlets	1.2
varment	0.0
varments	0.0
varmint	2.1
varmints	1.8
varna	2.8
varnas	1.4
varnish	3.0
varnishy	0.0
varoom	0.0
varoomed	0.0
varooms	0.0
vars	2.1
varsity	3.7
varus	2.4
varuses	0.0
varve	1.1
varved	0.0
varves	1.2
vary	4.2
varying	4.0
vas	3.0
vasa	2.3
vasal	1.1
vascula	0.0
vascular	3.5
vasculum	0.0
vase	3.5
vaselike	0.0
vases	3.1
vasiform	0.0
vasotomy	0.0
vassal	2.9
vassals	2.9
vast	4.5
vaster	1.8
vastest	0.0
vastier	0.0
vastiest	0.0
vastity	0.0
vastly	3.6
vastness	2.7
vasts	0.0
vasty	1.2
vat	3.5
vatful	0.0
vatfuls	0.0
vatic	1.2
vatical	0.0
vaticide	0.0
vats	2.7
vatted	0.0
vatting	0.0
vatu	1.1
vatus	0.0
vau	1.7
vault	3.9
vaulted	3.1
vaulter	2.1
vaulters	1.6
vaultier	0.0
vaulting	2.7
vaults	3.2
vaulty	0.0
vaunt	1.4
vaunted	2.5
vaunter	0.0
vaunters	0.0
vauntful	0.0
vauntie	0.0
vaunting	1.3
vaunts	0.0
vaunty	0.0
vaus	0.0
vav	2.1
vavasor	1.3
vavasors	0.0
vavasour	1.5
vavassor	0.0
vavs	0.0
vaw	1.9
vaward	0.0
vawards	0.0
vawntie	0.0
vaws	0.0
veal	3.1
vealed	0.0
vealer	0.0
vealers	0.0
vealier	0.0
vealiest	0.0
vealing	0.0
veals	0.0
vealy	0.0
vector	4.0
vectored	1.9
vectors	3.5
vedalia	0.0
vedalias	0.0
vedette	1.4
vedettes	1.1
vee	3.0
veejay	1.1
veejays	0.0
veena	2.2
veenas	0.0
veep	2.6
veepee	0.0
veepees	0.0
veeps	0.0
veer	3.0
veered	2.7
veeries	0.0
veering	2.5
veers	2.5
veery	1.5
vees	1.5
veg	3.3
vegan	4.0
veganism	2.7
vegans	3.1
vegetal	2.3
vegetant	0.0
vegetate	1.6
vegete	0.0
vegetist	0.0
vegetive	0.0
veggie	3.3
veggies	3.5
vegie	1.4
vegies	1.7
vehement	2.6
vehicle	4.8
vehicles	4.6
veil	3.7
veiled	3.3
veiledly	0.0
veiler	0.0
veilers	0.0
veiling	2.1
veilings	0.0
veillike	0.0
veils	2.9
vein	3.8
veinal	0.0
veined	2.3
veiner	0.0
veiners	0.0
veinier	0.0
veiniest	0.0
veining	1.8
veinings	0.0
veinless	0.0
veinlet	0.0
veinlets	0.0
veinlike	0.0
veins	3.8
veinule	0.0
veinules	0.0
veinulet	0.0
veiny	2.1
vela	2.6
velamen	0.0
velamina	0.0
velar	2.3
velaria	0.0
velarium	0.0
velarize	0.0
velars	1.2
velate	0.0
veld	2.3
velds	0.0
veldt	1.9
veldts	0.0
veliger	1.2
veligers	0.0
velites	0.0
velleity	0.0
vellum	2.5
vellums	0.0
veloce	1.7
velocity	3.9
velour	2.4
velours	1.3
veloute	1.2
veloutes	0.0
velum	1.7
velure	0.0
velured	0.0
velures	0.0
veluring	0.0
velveret	0.0
velvet	3.8
velveted	0.0
velvets	2.1
velvety	2.7
vena	2.5
venae	0.0
venal	2.3
venality	1.8
venally	0.0
venatic	0.0
venation	1.9
vend	2.0
vendable	0.0
vendace	1.2
vendaces	0.0
vended	1.2
vendee	1.9
vendees	0.0
vender	1.9
venders	1.7
vendetta	3.2
vendeuse	0.0
vendible	0.0
vendibly	0.0
vending	3.4
vendor	3.8
vendors	3.8
vends	1.3
vendue	1.2
vendues	0.0
veneer	3.1
veneered	1.9
veneerer	0.0
veneers	2.5
venenate	0.0
venenose	0.0
venerate	2.3
venereal	2.5
veneries	0.0
venery	1.1
venetian	3.3
venge	1.6
venged	0.0
vengeful	3.0
venges	0.0
venging	0.0
venial	1.9
venially	0.0
venin	0.0
venine	0.0
venines	0.0
venins	0.0
venire	1.2
venires	0.0
venison	2.9
venisons	0.0
venogram	1.0
venom	3.6
venomed	0.0
venomer	0.0
venomers	0.0
venoming	0.0
venomous	3.1
venoms	2.1
venose	0.0
venosity	0.0
venous	2.9
venously	0.0
vent	3.8
ventage	0.0
ventages	0.0
ventail	0.0
ventails	0.0
vented	3.0
venter	2.5
venters	1.6
venting	3.1
ventless	1.1
ventral	3.1
ventrals	1.5
vents	3.3
venture	4.3
ventured	3.3
venturer	1.8
ventures	3.8
venturi	2.5
venturis	1.1
venue	4.2
venues	3.9
venular	0.0
venule	0.0
venules	1.4
venulose	0.0
venulous	0.0
vera	3.7
veracity	2.9
veranda	2.9
verandah	2.6
verandas	2.1
veratria	0.0
veratrin	0.0
veratrum	1.4
verb	3.7
verbal	3.9
verbally	3.4
verbals	1.6
verbatim	3.1
verbena	2.3
verbenas	1.0
verbiage	2.4
verbid	0.0
verbids	0.0
verbify	0.0
verbile	0.0
verbiles	0.0
verbless	0.0
verbose	2.4
verboten	2.1
verbs	3.4
verdancy	0.0
verdant	2.7
verderer	0.0
verderor	0.0
verdict	4.0
verdicts	2.9
verdin	1.3
verdins	0.0
verditer	0.0
verdure	1.6
verdured	0.0
verdures	0.0
verecund	0.0
verge	3.7
verged	1.8
vergence	1.6
verger	2.1
vergers	1.2
verges	2.4
verging	2.4
verglas	0.0
veridic	0.0
verier	0.0
veriest	1.1
verified	3.9
verifier	2.1
verifies	2.6
verify	3.9
verily	2.8
verism	0.0
verismo	1.6
verismos	0.0
verisms	0.0
verist	0.0
veristic	0.0
verists	0.0
veritas	2.8
verite	1.9
verites	0.0
verities	1.8
verity	2.8
verjuice	1.4
vermeil	2.1
vermeils	0.0
vermes	1.9
vermian	0.0
vermin	3.0
vermis	1.5
vermoulu	0.0
vermouth	2.6
vermuth	0.0
vermuths	0.0
vernacle	0.0
vernal	2.6
vernally	0.0
vernicle	0.0
vernier	2.1
verniers	1.1
vernix	1.3
vernixes	0.0
veronica	3.6
verruca	1.6
verrucae	0.0
versal	1.3
versant	1.4
versants	0.0
verse	4.2
versed	3.2
verseman	0.0
versemen	0.0
verser	0.0
versers	0.0
verses	3.8
verset	0.0
versets	0.0
versicle	0.0
versify	0.0
versine	0.0
versines	0.0
versing	1.4
version	5.1
versions	4.3
verso	2.7
versos	1.3
verst	1.3
verste	0.0
verstes	0.0
versts	1.5
versus	4.3
vert	3.0
vertebra	2.8
vertex	3.2
vertexes	1.2
vertical	4.2
vertices	3.0
verticil	0.0
vertigo	3.2
vertigos	0.0
verts	2.0
vertu	2.0
vertus	1.3
vervain	1.8
vervains	0.0
verve	2.9
verves	0.0
vervet	1.6
vervets	0.0
very	6.0
vesica	1.5
vesicae	0.0
vesical	1.3
vesicant	1.1
vesicate	0.0
vesicle	2.4
vesicles	2.8
vesicula	0.0
vesper	2.5
vesperal	0.0
vespers	2.4
vespiary	0.0
vespid	0.0
vespids	0.0
vespine	0.0
vessel	4.3
vesseled	0.0
vessels	4.2
vest	3.7
vesta	2.6
vestal	2.5
vestally	0.0
vestals	1.5
vestas	1.9
vested	3.5
vestee	0.0
vestees	0.0
vestiary	0.0
vestige	2.5
vestiges	2.8
vestigia	0.0
vesting	2.5
vestings	0.0
vestless	0.0
vestlike	0.0
vestment	1.9
vestral	0.0
vestries	1.7
vestry	2.7
vests	3.2
vestural	0.0
vesture	1.6
vestured	0.0
vestures	0.0
vesuvian	1.2
vet	3.9
vetch	2.2
vetches	1.1
veteran	4.2
veterans	4.3
vetiver	2.1
vetivers	0.0
vetivert	0.0
veto	3.6
vetoed	3.0
vetoer	0.0
vetoers	0.0
vetoes	2.5
vetoing	2.2
vets	3.5
vetted	3.0
vetting	3.1
vex	2.9
vexation	2.0
vexed	2.8
vexedly	0.0
vexer	0.0
vexers	0.0
vexes	1.8
vexil	0.0
vexilla	0.0
vexillar	0.0
vexillum	1.1
vexils	0.0
vexing	2.6
vexingly	0.0
vext	1.2
via	5.0
viable	4.0
viably	1.4
viaduct	2.8
viaducts	2.1
vial	3.1
vialed	0.0
vialing	0.0
vialled	0.0
vialling	0.0
vials	3.0
viand	0.0
viands	1.3
viatic	0.0
viatica	0.0
viatical	1.0
viaticum	1.4
viator	1.9
viatores	0.0
viators	0.0
vibe	3.9
vibes	3.5
vibist	0.0
vibists	0.0
vibrance	1.9
vibrancy	2.5
vibrant	3.7
vibrants	0.0
vibrate	3.1
vibrated	2.3
vibrates	2.8
vibrato	2.6
vibrator	3.1
vibratos	0.0
vibrio	2.2
vibrioid	0.0
vibrion	0.0
vibrions	0.0
vibrios	0.0
vibrissa	0.0
vibronic	1.3
viburnum	2.0
vicar	3.4
vicarage	2.7
vicarate	0.0
vicarial	0.0
vicarly	0.0
vicars	2.4
vice	4.7
viced	0.0
viceless	0.0
vicenary	0.0
viceroy	3.1
viceroys	2.0
vices	3.0
vichies	0.0
vichy	2.7
vicinage	1.2
vicinal	1.6
vicing	0.0
vicinity	3.8
vicious	3.8
vicomte	2.2
vicomtes	0.0
victim	4.6
victims	4.6
victor	4.2
victoria	4.4
victors	3.0
victory	4.7
victress	0.0
victual	1.4
victuals	2.0
vicugna	0.0
vicugnas	0.0
vicuna	1.6
vicunas	0.0
vide	2.9
video	5.4
videos	4.8
videotex	1.4
vidette	1.1
videttes	0.0
vidicon	1.2
vidicons	0.0
viduity	0.0
vie	3.4
vied	2.5
vier	2.0
viers	1.0
vies	2.3
view	5.2
viewable	2.6
viewdata	0.0
viewed	4.3
viewer	3.8
viewers	4.2
viewier	0.0
viewiest	0.0
viewing	4.1
viewings	2.6
viewless	0.0
views	4.8
viewy	0.0
vig	2.5
viga	1.3
vigas	0.0
vigil	3.2
vigilant	3.3
vigils	2.4
vigneron	1.5
vignette	2.6
vigor	3.0
vigorish	1.0
vigoroso	0.0
vigorous	3.5
vigors	1.6
vigour	2.9
vigours	0.0
vigs	0.0
viking	3.6
vikings	3.8
vilayet	1.5
vilayets	1.1
vile	3.6
vilely	1.6
vileness	1.8
viler	1.3
vilest	2.1
vilified	2.7
vilifier	0.0
vilifies	1.7
vilify	2.4
vilipend	0.0
vill	2.4
villa	4.2
villadom	0.0
villae	0.0
village	4.8
villager	2.9
villages	4.2
villain	3.9
villains	3.6
villainy	2.6
villas	3.4
villatic	0.0
villein	1.4
villeins	1.4
villi	2.0
villose	0.0
villous	1.6
vills	1.4
villus	1.6
vim	2.7
vimen	0.0
vimina	0.0
viminal	0.0
vims	1.4
vina	2.3
vinal	1.3
vinals	0.0
vinas	1.2
vinasse	0.0
vinasses	0.0
vinca	1.9
vincas	0.0
vincible	0.0
vincibly	0.0
vincula	1.3
vinculum	1.5
vindaloo	2.0
vine	3.7
vineal	0.0
vined	0.0
vinegar	3.6
vinegars	1.8
vinegary	1.8
vineries	0.0
vinery	1.5
vines	3.6
vineyard	3.5
vinic	0.0
vinier	0.0
viniest	0.0
vinifera	2.0
vinified	1.0
vinifies	0.0
vinify	0.0
vining	2.1
vino	2.8
vinos	1.4
vinosity	0.0
vinous	1.8
vinously	0.0
vintage	4.2
vintager	0.0
vintages	2.4
vintner	2.0
vintners	2.2
viny	1.3
vinyl	4.0
vinylic	0.0
vinyls	2.4
viol	2.3
viola	3.5
violable	0.0
violably	0.0
violas	2.1
violate	3.8
violated	3.9
violater	0.0
violates	3.5
violator	2.4
violence	4.8
violent	4.5
violet	3.8
violets	3.0
violin	3.7
violins	2.9
violist	2.0
violists	1.1
violone	0.0
violones	0.0
viols	1.7
viomycin	0.0
viper	3.3
viperine	0.0
viperish	0.0
viperous	0.0
vipers	2.8
virago	2.1
viragoes	0.0
viragos	0.0
viral	4.1
virally	1.8
virelai	0.0
virelais	0.0
virelay	0.0
virelays	0.0
viremia	1.5
viremias	0.0
viremic	0.0
vireo	2.0
vireos	1.4
vires	2.0
virga	1.5
virgas	0.0
virgate	1.2
virgates	0.0
virgin	4.3
virginal	2.5
virgins	3.3
virgule	0.0
virgules	0.0
viricide	0.0
virid	0.0
viridian	2.0
viridity	0.0
virile	2.5
virilely	0.0
virilism	0.0
virility	2.4
virion	2.2
virions	2.1
virl	0.0
virls	0.0
viroid	1.3
viroids	1.2
virology	2.6
viroses	0.0
virosis	0.0
virtu	1.9
virtual	4.3
virtue	3.9
virtues	3.5
virtuosa	0.0
virtuose	0.0
virtuosi	1.7
virtuoso	2.9
virtuous	3.2
virtus	2.3
virucide	0.0
virulent	2.9
virus	4.4
viruses	3.7
vis	3.4
visa	4.1
visaed	0.0
visage	2.8
visaged	0.0
visages	1.8
visaing	0.0
visard	0.0
visards	0.0
visas	3.5
viscacha	0.0
viscera	2.4
visceral	3.3
viscid	1.5
viscidly	0.0
viscoid	0.0
viscose	2.3
viscoses	0.0
viscount	3.2
viscous	2.9
viscus	1.3
vise	2.8
vised	0.0
viseed	0.0
viseing	0.0
viselike	0.0
vises	1.5
visible	4.4
visibly	3.4
vising	1.2
vision	4.6
visional	0.0
visioned	1.8
visions	3.8
visit	5.0
visitant	1.5
visited	4.5
visiter	1.3
visiters	1.1
visiting	4.4
visitor	4.0
visitors	4.5
visits	4.3
visive	0.0
visor	3.0
visored	1.3
visoring	0.0
visors	2.4
vista	3.7
vistaed	0.0
vistas	2.9
visual	4.5
visually	3.7
visuals	3.6
vita	3.5
vitae	2.8
vital	4.4
vitalise	0.0
vitalism	1.8
vitalist	1.3
vitality	3.4
vitalize	1.6
vitally	2.9
vitals	2.6
vitamer	0.0
vitamers	0.0
vitamin	4.0
vitamine	1.4
vitamins	3.6
vitellin	0.0
vitellus	0.0
vitesse	2.3
vitesses	0.0
vitiable	0.0
vitiate	1.8
vitiated	1.8
vitiates	1.2
vitiator	0.0
vitiligo	2.3
vitrain	0.0
vitrains	0.0
vitreous	2.5
vitric	0.0
vitrics	0.0
vitrify	1.1
vitrine	1.5
vitrines	1.3
vitriol	2.9
vitriols	0.0
vitta	1.4
vittae	0.0
vittate	0.0
vittle	0.0
vittled	0.0
vittles	1.7
vittling	0.0
vituline	0.0
viva	3.3
vivace	1.8
vivaces	0.0
vivacity	2.3
vivaria	0.0
vivaries	0.0
vivarium	1.8
vivary	0.0
vivas	1.8
vive	2.9
viverrid	0.0
vivers	0.0
vivid	3.8
vivider	0.0
vividest	0.0
vividly	3.3
vivific	0.0
vivified	1.2
vivifier	0.0
vivifies	0.0
vivify	1.2
vivipara	1.2
vivisect	1.0
vixen	2.9
vixenish	0.0
vixenly	0.0
vixens	2.4
vizard	1.7
vizarded	0.0
vizards	1.1
vizcacha	0.0
vizier	2.6
viziers	1.5
vizir	1.2
vizirate	0.0
vizirial	0.0
vizirs	0.0
vizor	1.2
vizored	0.0
vizoring	0.0
vizors	0.0
vizsla	1.9
vizslas	0.0
vocable	0.0
vocables	1.2
vocably	0.0
vocal	4.2
vocalic	1.7
vocalics	0.0
vocalise	1.8
vocalism	1.2
vocalist	3.4
vocality	1.1
vocalize	2.1
vocally	2.8
vocals	3.9
vocation	3.2
vocative	1.9
voces	2.0
vocoder	2.0
vocoders	1.2
vodka	3.8
vodkas	2.2
vodoun	0.0
vodouns	0.0
vodun	1.4
voduns	0.0
voe	1.8
voes	0.0
vogie	0.0
vogue	3.7
vogued	0.0
vogueing	1.2
voguer	0.0
voguers	0.0
vogues	1.5
voguing	1.6
voguish	1.2
voice	5.1
voiced	3.8
voiceful	0.0
voicer	0.0
voicers	0.0
voices	4.3
voicing	3.2
void	4.0
voidable	1.8
voidance	0.0
voided	2.7
voider	0.0
voiders	0.0
voiding	2.3
voidness	1.2
voids	2.8
voila	2.9
voile	2.0
voiles	1.3
volant	1.8
volante	1.9
volar	1.8
volatile	3.7
volcanic	3.7
volcano	3.8
volcanos	2.1
vole	2.6
voled	0.0
voleries	0.0
volery	0.0
voles	2.5
voling	0.0
volitant	0.0
volition	2.8
volitive	0.0
volley	3.2
volleyed	1.9
volleyer	0.0
volleys	2.6
volost	1.2
volosts	0.0
volplane	0.0
volt	3.3
volta	3.0
voltage	4.0
voltages	3.0
voltaic	2.2
voltaism	0.0
volte	2.5
voltes	1.0
volti	1.0
volts	3.2
voluble	2.0
volubly	1.5
volume	4.8
volumed	0.0
volumes	4.2
voluming	0.0
volute	1.8
voluted	0.0
volutes	1.6
volutin	0.0
volutins	0.0
volution	1.5
volva	1.2
volvas	0.0
volvate	0.0
volvox	1.4
volvoxes	0.0
volvuli	0.0
volvulus	1.7
vomer	1.4
vomerine	1.3
vomers	0.0
vomica	1.3
vomicae	0.0
vomit	3.5
vomited	2.9
vomiter	0.0
vomiters	0.0
vomiting	3.6
vomitive	0.0
vomito	0.0
vomitory	0.0
vomitos	0.0
vomitous	1.1
vomits	2.5
vomitus	1.4
voodoo	3.4
voodooed	0.0
voodoos	1.1
voracity	1.6
vorlage	1.2
vorlages	0.0
vortex	3.5
vortexes	1.8
vortical	0.0
vortices	2.5
votable	0.0
votaress	0.0
votaries	1.4
votarist	0.0
votary	1.3
vote	5.1
voteable	0.0
voted	4.6
voteless	1.1
voter	4.1
voters	4.5
votes	4.6
voting	4.6
votive	2.5
votively	0.0
votress	0.0
vouch	3.1
vouched	2.4
vouchee	0.0
vouchees	0.0
voucher	3.5
vouchers	3.5
vouches	1.9
vouching	2.1
voussoir	0.0
vouvray	1.4
vouvrays	0.0
vow	3.6
vowed	3.4
vowel	3.3
vowelize	0.0
vowels	3.2
vower	0.0
vowers	0.0
vowing	2.7
vowless	0.0
vows	3.7
vox	3.2
voyage	3.9
voyaged	1.7
voyager	3.3
voyagers	2.4
voyages	3.2
voyageur	1.9
voyaging	2.1
voyeur	2.7
voyeurs	2.0
vroom	2.7
vroomed	0.0
vrooming	0.0
vrooms	0.0
vrouw	1.4
vrouws	0.0
vrow	0.0
vrows	0.0
vug	0.0
vugg	0.0
vuggier	0.0
vuggiest	0.0
vuggs	0.0
vuggy	0.0
vugh	0.0
vughs	0.0
vugs	0.0
vulcanic	0.0
vulgar	3.5
vulgarer	0.0
vulgarly	1.7
vulgars	0.0
vulgate	2.4
vulgates	0.0
vulgo	1.2
vulgus	0.0
vulguses	0.0
vulpine	1.5
vulture	3.2
vultures	3.1
vulva	2.7
vulvae	0.0
vulval	1.4
vulvar	1.9
vulvas	1.5
vulvate	0.0
vulvitis	1.2
vying	2.9
vyingly	0.0
wab	2.0
wabble	1.1
wabbled	0.0
wabbler	0.0
wabblers	0.0
wabbles	0.0
wabblier	0.0
wabbling	0.0
wabbly	0.0
wabs	0.0
wack	3.0
wacke	0.0
wackes	0.0
wackier	1.5
wackiest	1.9
wackily	0.0
wacko	2.4
wackos	2.0
wacks	1.4
wacky	3.3
wad	3.1
wadable	0.0
wadded	1.9
wadder	0.0
wadders	0.0
waddie	0.0
waddied	0.0
waddies	0.0
wadding	2.1
waddings	0.0
waddle	2.6
waddled	2.1
waddler	0.0
waddlers	0.0
waddles	2.0
waddling	2.2
waddly	0.0
waddy	1.9
waddying	0.0
wade	4.0
wadeable	0.0
waded	2.6
wader	1.8
waders	2.5
wades	2.2
wadi	2.8
wadies	0.0
wading	3.0
wadis	1.6
wadmaal	0.0
wadmaals	0.0
wadmal	0.0
wadmals	0.0
wadmel	0.0
wadmels	0.0
wadmol	0.0
wadmoll	0.0
wadmolls	0.0
wadmols	0.0
wads	2.5
wadset	0.0
wadsets	0.0
wady	1.3
wae	2.0
waeful	0.0
waeness	0.0
waes	1.1
waesuck	0.0
waesucks	0.0
wafer	3.1
wafered	0.0
wafering	0.0
wafers	2.8
wafery	0.0
waff	1.6
waffed	0.0
waffie	0.0
waffies	0.0
waffing	0.0
waffle	3.3
waffled	1.7
waffler	1.0
wafflers	0.0
waffles	3.2
waffling	2.2
waffs	0.0
waft	2.4
waftage	0.0
waftages	0.0
wafted	2.2
wafter	0.0
wafters	0.0
wafting	2.4
wafts	2.1
wafture	0.0
waftures	0.0
wag	3.0
wage	4.4
waged	3.2
wageless	0.0
wager	3.4
wagered	2.4
wagerer	0.0
wagerers	0.0
wagering	2.7
wagers	2.7
wages	4.2
wagged	2.1
wagger	0.0
waggers	0.0
waggery	0.0
wagging	2.9
waggish	1.2
waggle	2.1
waggled	1.4
waggles	1.4
waggling	1.8
waggly	1.1
waggon	2.1
waggoned	0.0
waggoner	2.3
waggons	1.8
waging	3.1
wagon	3.9
wagonage	0.0
wagoned	0.0
wagoner	2.4
wagoners	1.4
wagoning	0.0
wagons	3.5
wags	2.7
wagsome	0.0
wagtail	2.0
wagtails	1.7
wahconda	0.0
wahine	1.7
wahines	0.0
wahoo	2.6
wahoos	1.4
waif	2.4
waifed	0.0
waifing	0.0
waiflike	0.0
waifs	2.0
wail	2.9
wailed	2.4
wailer	1.7
wailers	2.4
wailful	0.0
wailing	3.1
wails	2.5
wailsome	0.0
wain	2.4
wains	1.3
wainscot	1.8
wair	1.4
waired	0.0
wairing	0.0
wairs	0.0
waist	4.0
waisted	2.7
waister	0.0
waisters	0.0
waisting	1.5
waists	2.5
wait	5.3
waited	4.3
waiter	3.6
waiters	3.2
waiting	5.1
waitings	0.0
waitress	3.6
waits	3.7
waive	3.2
waived	3.5
waiver	3.5
waivers	3.2
waives	2.4
waiving	2.7
wakanda	2.6
wakandas	0.0
wake	4.8
waked	2.1
wakeful	1.9
wakeless	0.0
waken	2.3
wakened	1.9
wakener	0.0
wakeners	0.0
wakening	1.7
wakens	1.4
waker	2.2
wakerife	0.0
wakers	0.0
wakes	3.7
wakiki	0.0
wakikis	0.0
waking	4.0
wale	2.7
waled	0.0
waler	1.1
walers	0.0
wales	4.6
walies	0.0
waling	1.5
walk	5.1
walkable	2.6
walkaway	2.0
walked	4.7
walker	4.4
walkers	3.5
walking	4.9
walkings	0.0
walkout	2.8
walkouts	2.1
walkover	2.2
walks	4.3
walkup	1.9
walkups	0.0
walkway	3.2
walkways	2.8
walkyrie	0.0
wall	5.0
walla	2.9
wallaby	2.6
wallah	2.0
wallahs	1.5
wallaroo	1.9
wallas	1.8
walled	3.4
wallet	4.2
wallets	3.4
walleye	2.6
walleyed	0.0
walleyes	1.6
wallie	1.6
wallies	1.4
walling	2.6
wallop	2.6
walloped	1.9
walloper	1.0
wallops	2.0
wallow	2.8
wallowed	1.8
wallower	1.0
wallows	2.0
walls	4.6
wally	3.5
walnut	3.6
walnuts	3.0
walrus	3.0
walruses	2.2
waltz	3.4
waltzed	2.2
waltzer	1.4
waltzers	1.1
waltzes	2.4
waltzing	2.5
waly	1.5
wamble	0.0
wambled	0.0
wambles	0.0
wamblier	0.0
wambling	0.0
wambly	0.0
wame	1.0
wamefou	0.0
wamefous	0.0
wameful	0.0
wamefuls	0.0
wames	0.0
wammus	0.0
wammuses	0.0
wampish	0.0
wampum	2.1
wampums	0.0
wampus	1.3
wampuses	0.0
wamus	0.0
wamuses	0.0
wan	3.8
wand	3.5
wander	3.7
wandered	3.5
wanderer	3.0
wanderoo	0.0
wanders	3.0
wandle	1.6
wands	2.8
wane	2.8
waned	2.9
wanes	2.3
waney	0.0
wangan	1.2
wangans	0.0
wangle	1.7
wangled	1.4
wangler	1.3
wanglers	0.0
wangles	0.0
wangling	0.0
wangun	0.0
wanguns	0.0
wanier	0.0
waniest	0.0
wanigan	0.0
wanigans	0.0
waning	3.0
wanion	0.0
wanions	0.0
wanly	1.4
wanned	0.0
wanner	1.6
wanness	0.0
wannest	0.0
wannigan	0.0
wanning	1.3
wans	1.9
want	6.0
wantage	2.0
wantages	0.0
wanted	5.4
wanter	1.1
wanters	0.0
wanting	4.5
wanton	2.9
wantoned	0.0
wantoner	0.0
wantonly	2.3
wantons	1.2
wants	5.2
wany	1.1
wap	2.7
wapiti	1.7
wapitis	0.0
wapped	0.0
wapping	2.3
waps	1.5
war	5.5
warble	2.1
warbled	1.6
warbler	2.8
warblers	2.5
warbles	1.7
warbling	2.3
warcraft	3.2
ward	4.4
warded	2.2
warden	3.6
wardenry	0.0
wardens	3.0
warder	2.3
warders	2.1
warding	2.4
wardress	0.0
wardrobe	3.8
wardroom	1.9
wards	3.6
wardship	1.8
ware	3.5
wared	0.0
wareroom	0.0
wares	3.2
warfare	4.0
warfares	1.2
warfarin	2.6
warhead	3.0
warheads	3.0
warhorse	2.2
warier	1.1
wariest	0.0
warily	2.4
wariness	2.2
waring	2.7
warison	0.0
warisons	0.0
wark	2.3
warked	0.0
warking	0.0
warks	1.4
warless	0.0
warlike	2.7
warlock	3.0
warlocks	2.4
warlord	3.1
warlords	3.0
warm	4.7
warmaker	0.0
warmed	3.5
warmer	3.8
warmers	2.6
warmest	3.2
warming	4.0
warmish	1.5
warmly	3.2
warmness	1.6
warmouth	1.1
warms	3.2
warmth	3.8
warmths	0.0
warmup	2.7
warmups	2.3
warn	4.0
warned	4.2
warner	4.1
warners	2.3
warning	4.6
warnings	3.8
warns	3.7
warp	3.6
warpage	1.4
warpages	0.0
warpath	2.4
warpaths	0.0
warped	3.4
warper	1.3
warpers	1.1
warping	2.8
warplane	2.1
warpower	0.0
warps	2.4
warpwise	0.0
warragal	0.0
warrant	4.2
warrants	3.6
warranty	3.7
warred	1.9
warren	4.3
warrener	1.2
warrens	2.2
warrigal	1.5
warring	3.1
warrior	4.2
warriors	4.3
wars	4.6
warsaw	3.7
warsaws	0.0
warship	3.1
warships	3.3
warsle	0.0
warsled	0.0
warsler	0.0
warslers	0.0
warsles	0.0
warsling	0.0
warstle	0.0
warstled	0.0
warstler	0.0
warstles	0.0
wart	2.8
warted	0.0
warthog	2.5
warthogs	2.0
wartier	0.0
wartiest	0.0
wartime	3.6
wartimes	0.0
wartless	0.0
wartlike	0.0
warts	3.0
warty	2.1
warwork	0.0
warworks	0.0
warworn	0.0
wary	3.6
was	6.8
wasabi	2.8
wasabis	0.0
wash	4.5
washable	2.6
washbowl	1.1
washday	1.2
washdays	0.0
washed	4.1
washer	3.3
washers	2.9
washes	3.3
washier	0.0
washiest	0.0
washing	4.1
washings	1.9
washout	2.5
washouts	1.8
washrag	0.0
washrags	0.0
washroom	2.8
washtub	1.7
washtubs	0.0
washup	1.1
washups	0.0
washy	2.6
wasp	3.4
waspier	0.0
waspiest	0.0
waspily	0.0
waspish	1.6
wasplike	0.0
wasps	3.3
waspy	1.6
wassail	1.8
wassails	0.0
wast	2.5
wastable	0.0
wastage	2.6
wastages	0.0
waste	4.8
wasted	4.2
wasteful	3.3
wastelot	0.0
waster	2.3
wasterie	0.0
wasters	2.3
wastery	0.0
wastes	3.4
wasteway	0.0
wasting	4.1
wastrel	1.8
wastrels	1.4
wastrie	0.0
wastries	0.0
wastry	0.0
wasts	0.0
wat	3.4
watap	0.0
watape	0.0
watapes	0.0
wataps	0.0
watch	5.3
watchcry	0.0
watchdog	3.2
watched	4.7
watcher	3.0
watchers	3.3
watches	4.1
watcheye	0.0
watchful	3.1
watching	5.0
watchman	3.0
watchmen	3.0
watchout	1.5
water	5.5
waterage	0.0
waterbed	2.0
waterdog	0.0
watered	3.3
waterer	1.6
waterers	1.2
waterier	0.0
waterily	0.0
watering	3.6
waterish	0.0
waterlog	0.0
waterloo	3.5
waterman	2.9
watermen	1.8
waters	4.5
waterway	3.2
watery	3.2
wats	2.2
watt	3.7
wattage	2.6
wattages	1.4
wattape	0.0
wattapes	0.0
watter	1.7
wattest	0.0
watthour	0.0
wattle	2.5
wattled	1.6
wattles	2.1
wattless	0.0
wattling	0.0
watts	3.8
waucht	0.0
wauchted	0.0
wauchts	0.0
waugh	2.9
waught	0.0
waughted	0.0
waughts	0.0
wauk	1.0
wauked	0.0
wauking	0.0
wauks	0.0
waul	1.2
wauled	0.0
wauling	0.0
wauls	0.0
waur	1.1
wave	4.6
waveband	1.5
waved	3.5
waveform	2.9
waveless	1.1
wavelet	2.4
wavelets	2.1
wavelike	1.4
waveoff	0.0
waveoffs	0.0
waver	2.8
wavered	2.7
waverer	0.0
waverers	1.2
wavering	2.8
wavers	2.3
wavery	0.0
waves	4.4
wavey	1.9
waveys	0.0
wavier	1.4
wavies	0.0
waviest	0.0
wavily	0.0
waviness	1.4
waving	3.8
wavy	3.2
waw	2.4
wawl	0.0
wawled	0.0
wawling	0.0
wawls	0.0
waws	0.0
wax	3.9
waxberry	0.0
waxbill	0.0
waxbills	0.0
waxed	3.1
waxen	1.7
waxer	1.5
waxers	1.1
waxes	2.6
waxier	0.0
waxiest	0.0
waxily	0.0
waxiness	0.0
waxing	3.0
waxings	0.0
waxlike	0.0
waxplant	0.0
waxweed	0.0
waxweeds	0.0
waxwing	1.7
waxwings	1.7
waxwork	1.9
waxworks	1.9
waxworm	0.0
waxworms	0.0
waxy	2.7
way	6.0
waybill	1.8
waybills	1.1
wayfarer	2.4
waygoing	0.0
waylaid	2.2
waylay	1.6
waylayer	0.0
waylays	0.0
wayless	0.0
ways	5.1
wayside	3.0
waysides	0.0
wayward	3.1
wayworn	0.0
weak	4.7
weaken	3.5
weakened	3.7
weakener	0.0
weakens	3.0
weaker	3.9
weakest	3.6
weakfish	1.2
weakish	0.0
weaklier	0.0
weakling	2.4
weakly	3.2
weakness	4.2
weakside	1.4
weal	2.2
weald	2.3
wealds	0.0
weals	0.0
wealth	4.5
wealths	1.1
wealthy	4.2
wean	2.7
weaned	2.7
weaner	1.1
weaners	0.0
weaning	2.8
weanling	1.5
weans	1.7
weapon	4.5
weaponed	0.0
weaponry	3.4
weapons	4.8
wear	4.9
wearable	3.3
wearer	3.1
wearers	2.6
wearied	2.1
wearier	1.0
wearies	1.4
weariest	0.0
weariful	0.0
wearily	2.3
wearing	4.8
wearish	0.0
wears	4.1
weary	3.6
wearying	1.9
weasand	0.0
weasands	0.0
weasel	3.2
weaseled	1.4
weaselly	1.7
weasels	2.5
weasely	1.4
weason	0.0
weasons	0.0
weather	4.9
weathers	2.8
weave	3.5
weaved	2.5
weaver	3.6
weavers	3.0
weaves	3.0
weaving	3.5
weazand	0.0
weazands	0.0
web	4.7
webbed	2.5
webbier	0.0
webbiest	0.0
webbing	2.8
webbings	0.0
webby	2.4
weber	3.6
webers	1.6
webfed	0.0
webfeet	0.0
webfoot	0.0
webless	0.0
weblike	0.0
webs	3.1
webster	3.8
websters	1.8
webwork	1.2
webworks	0.0
webworm	1.3
webworms	0.0
wecht	1.5
wechts	0.0
wed	3.7
wedded	2.9
wedder	0.0
wedders	0.0
wedding	4.8
weddings	3.8
wedel	1.8
wedeled	0.0
wedeling	0.0
wedeln	0.0
wedelns	0.0
wedels	0.0
wedge	3.6
wedged	2.9
wedges	3.1
wedgie	2.4
wedgier	0.0
wedgies	1.9
wedgiest	0.0
wedging	2.0
wedgy	1.1
wedlock	2.9
wedlocks	0.0
weds	2.5
wee	3.9
weed	4.3
weeded	2.4
weeder	1.5
weeders	1.0
weedier	0.0
weediest	0.0
weedily	0.0
weeding	2.8
weedless	1.1
weedlike	0.0
weeds	3.5
weedy	2.4
week	5.6
weekday	3.3
weekdays	3.2
weekend	4.9
weekends	4.0
weeklies	2.4
weeklong	2.4
weekly	4.6
weeks	5.2
weel	1.9
ween	2.5
weened	1.1
weenie	2.6
weenier	0.0
weenies	2.1
weeniest	0.0
weening	1.7
weens	0.0
weensier	0.0
weensy	1.5
weeny	2.1
weep	3.4
weeper	1.7
weepers	1.7
weepie	0.0
weepier	0.0
weepies	1.2
weepiest	0.0
weeping	3.4
weepings	0.0
weeps	2.8
weepy	2.3
weer	1.9
wees	2.0
weest	0.0
weet	2.1
weeted	0.0
weeting	1.4
weets	0.0
weever	1.3
weevers	0.0
weevil	2.7
weeviled	0.0
weevilly	0.0
weevils	2.4
weevily	0.0
weewee	1.3
weeweed	0.0
weewees	0.0
weft	2.5
wefts	1.6
weftwise	0.0
weigela	0.0
weigelas	0.0
weigelia	0.0
weigh	4.0
weighed	3.8
weigher	1.4
weighers	1.0
weighing	3.8
weighman	0.0
weighmen	0.0
weighs	3.7
weight	5.0
weighted	3.7
weighter	0.0
weights	3.9
weighty	2.9
weiner	3.2
weiners	1.7
weir	3.5
weird	4.8
weirder	3.0
weirdest	3.3
weirdie	0.0
weirdies	0.0
weirdly	3.1
weirdo	3.3
weirdoes	1.4
weirdos	3.0
weirds	1.8
weirdy	1.0
weirs	2.3
weka	1.7
wekas	0.0
welch	3.4
welched	0.0
welcher	1.6
welchers	0.0
welches	1.6
welching	1.0
welcome	5.0
welcomed	4.0
welcomer	0.0
welcomes	3.5
weld	3.3
weldable	1.4
welded	3.3
welder	2.9
welders	2.6
welding	3.5
weldless	0.0
weldment	0.0
weldor	0.0
weldors	0.0
welds	2.6
welfare	4.4
welfares	0.0
welkin	1.8
welkins	0.0
well	6.0
welladay	0.0
wellaway	0.0
wellborn	1.7
wellcurb	0.0
welldoer	0.0
welled	2.3
wellhead	2.1
wellhole	0.0
wellie	1.4
wellies	2.5
welling	2.7
wellness	3.6
wells	4.2
wellsite	1.0
welly	2.2
welsh	4.2
welshed	0.0
welsher	0.0
welshers	0.0
welshes	0.0
welshing	0.0
welt	2.9
welted	1.5
welter	2.5
weltered	0.0
welters	1.3
welting	1.3
weltings	0.0
welts	2.3
wen	3.5
wench	2.7
wenched	0.0
wencher	0.0
wenchers	0.0
wenches	2.1
wenching	0.0
wend	2.1
wended	1.4
wendigo	2.1
wendigos	1.2
wending	1.7
wends	1.9
wennier	0.0
wenniest	0.0
wennish	0.0
wenny	0.0
wens	1.6
went	5.5
wept	3.2
were	6.3
weregild	0.0
werewolf	3.3
wergeld	0.0
wergelds	0.0
wergelt	0.0
wergelts	0.0
wergild	1.1
wergilds	0.0
wert	2.4
werwolf	1.1
weskit	0.0
weskits	0.0
wessand	0.0
wessands	0.0
west	5.3
wester	2.5
westered	0.0
westerly	3.0
western	5.0
westerns	2.8
westers	1.3
westing	1.5
westings	0.0
westmost	0.0
wests	2.7
westward	3.4
wet	4.5
wetback	1.8
wetbacks	1.5
wether	2.8
wethers	1.4
wetland	3.1
wetlands	3.4
wetly	1.4
wetness	2.6
wetproof	0.0
wets	2.3
wettable	1.2
wetted	2.1
wetter	2.9
wetters	1.2
wettest	2.8
wetting	2.9
wettings	0.0
wettish	0.0
wha	3.3
whack	3.4
whacked	2.8
whacker	1.9
whackers	1.2
whackier	0.0
whacking	2.6
whacko	1.8
whackos	1.5
whacks	2.2
whacky	2.1
whale	4.0
whaled	1.2
whaleman	0.0
whalemen	0.0
whaler	2.4
whalers	2.6
whales	3.8
whaling	3.3
whalings	0.0
wham	2.8
whammed	0.0
whammies	1.1
whamming	0.0
whammo	1.2
whammy	2.8
whamo	0.0
whams	0.0
whang	1.8
whanged	0.0
whangee	0.0
whangees	0.0
whanging	0.0
whangs	0.0
whap	1.8
whapped	0.0
whapper	0.0
whappers	0.0
whapping	0.0
whaps	0.0
wharf	3.5
wharfage	1.2
wharfed	0.0
wharfing	0.0
wharfs	1.8
wharve	0.0
wharves	2.5
what	6.4
whatever	5.1
whatness	0.0
whatnot	3.0
whatnots	1.5
whats	3.9
whatsis	0.0
whatsit	1.5
whatsits	0.0
whaup	0.0
whaups	0.0
wheal	2.1
wheals	1.1
wheat	4.0
wheatear	1.6
wheaten	1.7
wheatens	0.0
wheats	2.1
whee	2.2
wheedle	1.8
wheedled	1.2
wheedler	0.0
wheedles	0.0
wheel	4.5
wheeled	3.4
wheeler	3.8
wheelers	2.6
wheelie	2.7
wheelies	2.1
wheeling	3.2
wheelman	1.6
wheelmen	1.4
wheels	4.2
wheen	1.5
wheens	0.0
wheep	0.0
wheeped	0.0
wheeping	0.0
wheeple	0.0
wheepled	0.0
wheeples	0.0
wheeps	0.0
wheeze	2.4
wheezed	1.7
wheezer	1.4
wheezers	0.0
wheezes	2.1
wheezier	0.0
wheezily	0.0
wheezing	2.9
wheezy	2.1
whelk	1.9
whelkier	0.0
whelks	1.8
whelky	0.0
whelm	1.3
whelmed	1.9
whelming	1.8
whelms	0.0
whelp	2.5
whelped	1.4
whelping	1.4
whelps	1.7
when	6.4
whenas	1.3
whence	3.1
whenever	4.6
whens	1.9
where	6.0
whereas	4.4
whereat	1.6
whereby	3.7
wherein	3.8
whereof	2.5
whereon	1.9
wheres	2.7
whereto	1.8
wherever	4.3
wherried	0.0
wherries	1.1
wherry	1.9
wherve	0.0
wherves	0.0
whet	2.6
whether	5.3
whets	1.7
whetted	2.0
whetter	0.0
whetters	0.0
whetting	1.6
whew	3.2
whews	0.0
whey	3.0
wheyey	0.0
wheyface	0.0
wheyish	0.0
wheylike	0.0
wheys	0.0
which	6.3
whicker	1.7
whickers	0.0
whid	0.0
whidah	0.0
whidahs	0.0
whidded	0.0
whidding	0.0
whids	0.0
whiff	3.2
whiffed	1.8
whiffer	0.0
whiffers	0.0
whiffet	0.0
whiffets	0.0
whiffing	1.5
whiffle	1.6
whiffled	0.0
whiffler	0.0
whiffles	0.0
whiffs	2.0
whig	3.0
whigs	2.8
while	5.9
whiled	1.6
whiles	2.2
whiling	1.7
whilom	1.3
whilst	4.4
whim	3.3
whimbrel	1.5
whimper	2.7
whimpers	2.2
whims	2.9
whimsey	1.2
whimseys	0.0
whimsied	0.0
whimsies	1.3
whimsy	2.6
whin	1.6
whinchat	1.2
whine	3.3
whined	2.6
whiner	2.2
whiners	2.2
whines	2.8
whiney	2.1
whinge	2.3
whinged	1.3
whinges	1.3
whinging	2.3
whinier	0.0
whiniest	1.0
whining	3.5
whinnied	1.1
whinnier	0.0
whinnies	1.2
whinny	2.0
whins	1.1
whiny	2.9
whip	4.0
whipcord	1.1
whiplash	3.1
whiplike	0.0
whipped	3.7
whipper	2.1
whippers	1.0
whippet	2.2
whippets	1.8
whippier	0.0
whipping	3.4
whippy	1.9
whipray	0.0
whiprays	0.0
whips	3.2
whipsaw	1.5
whipsawn	0.0
whipsaws	0.0
whipt	0.0
whiptail	1.4
whipworm	1.4
whir	2.0
whirl	3.0
whirled	2.2
whirler	0.0
whirlers	0.0
whirlier	0.0
whirlies	0.0
whirling	2.7
whirls	2.0
whirly	1.7
whirr	2.0
whirred	1.6
whirried	0.0
whirries	0.0
whirring	2.5
whirrs	1.3
whirry	0.0
whirs	1.4
whish	2.0
whished	0.0
whishes	1.0
whishing	0.0
whisht	0.0
whishted	0.0
whishts	0.0
whisk	3.1
whisked	2.7
whisker	2.6
whiskers	3.0
whiskery	1.3
whiskey	3.8
whiskeys	2.3
whiskies	2.5
whisking	2.4
whisks	2.1
whisky	3.6
whisper	3.7
whispers	3.6
whispery	1.6
whist	2.4
whisted	0.0
whisting	0.0
whistle	3.9
whistled	2.7
whistler	3.2
whistles	3.3
whists	0.0
whit	3.1
white	5.5
whitecap	1.6
whited	1.8
whitefly	1.8
whitely	2.0
whiten	2.4
whitened	2.2
whitener	1.9
whitens	1.5
whiteout	2.3
whiter	2.9
whites	4.1
whitest	2.5
whitey	2.9
whiteys	1.8
whither	2.5
whitier	0.0
whities	2.0
whitiest	0.0
whiting	3.1
whitings	1.2
whitish	3.0
whitlow	1.9
whitlows	0.0
whitrack	0.0
whits	1.2
whitter	1.2
whitters	0.0
whittle	2.8
whittled	2.5
whittler	0.0
whittles	1.7
whittret	0.0
whity	1.2
whiz	2.9
whizbang	1.1
whizz	2.5
whizzed	2.1
whizzer	1.7
whizzers	0.0
whizzes	1.9
whizzing	2.5
who	6.3
whoa	3.8
whodunit	2.2
whoever	4.4
whole	5.5
wholes	2.1
wholism	0.0
wholisms	0.0
wholly	3.8
whom	4.8
whomever	3.1
whomp	1.9
whomped	0.0
whomping	1.5
whomps	0.0
whomso	0.0
whoof	1.1
whoofed	0.0
whoofing	0.0
whoofs	0.0
whoop	3.2
whooped	2.5
whoopee	2.2
whoopees	0.0
whooper	1.6
whoopers	0.0
whooping	3.1
whoopla	0.0
whooplas	0.0
whoops	3.4
whoosh	2.8
whooshed	1.7
whooshes	1.6
whoosis	0.0
whop	1.8
whopped	1.4
whopper	2.7
whoppers	2.1
whopping	3.2
whops	0.0
whore	3.9
whored	1.6
whoredom	1.5
whores	3.4
whoreson	1.4
whoring	2.6
whorish	1.9
whorl	2.6
whorled	1.7
whorls	2.6
whort	0.0
whortle	0.0
whortles	0.0
whorts	0.0
whose	5.1
whosever	1.1
whosis	0.0
whosises	0.0
whoso	2.0
whump	1.4
whumped	0.0
whumping	0.0
whumps	0.0
why	5.9
whydah	1.4
whydahs	0.0
whys	2.5
wich	2.8
wiches	0.0
wick	3.3
wickape	0.0
wickapes	0.0
wicked	4.0
wickeder	0.0
wickedly	2.6
wicker	3.0
wickers	1.5
wicket	3.6
wickets	3.6
wicking	2.3
wickings	0.0
wickiup	1.2
wickiups	0.0
wicks	2.8
wickyup	0.0
wickyups	0.0
wicopies	0.0
wicopy	0.0
widder	1.6
widders	1.1
widdie	0.0
widdies	0.0
widdle	2.0
widdled	0.0
widdles	0.0
widdling	0.0
widdy	0.0
wide	5.0
wideband	2.4
widely	4.5
widen	3.2
widened	3.4
widener	2.3
wideners	0.0
wideness	1.4
widening	3.4
widens	2.8
wideout	2.0
wideouts	1.6
wider	4.2
wides	2.0
widest	3.2
widgeon	1.7
widgeons	0.0
widget	3.0
widgets	2.8
widish	0.0
widow	4.1
widowed	3.1
widower	3.0
widowers	2.4
widowing	0.0
widows	3.4
width	4.0
widths	2.8
widthway	0.0
wield	3.2
wielded	3.0
wielder	2.3
wielders	1.9
wieldier	0.0
wielding	3.3
wields	2.8
wieldy	1.1
wiener	3.2
wieners	2.2
wienie	1.0
wienies	0.0
wife	5.2
wifed	1.2
wifedom	0.0
wifedoms	0.0
wifehood	0.0
wifeless	0.0
wifelier	0.0
wifelike	0.0
wifely	1.9
wifes	2.5
wifing	0.0
wiftier	0.0
wiftiest	0.0
wifty	0.0
wig	3.6
wigan	3.4
wigans	0.0
wigeon	1.7
wigeons	0.0
wigged	1.8
wiggery	0.0
wiggier	0.0
wiggiest	0.0
wigging	1.6
wiggings	0.0
wiggle	3.3
wiggled	2.3
wiggler	1.7
wigglers	1.4
wiggles	2.7
wigglier	0.0
wiggling	2.6
wiggly	2.5
wiggy	1.9
wight	3.2
wights	1.8
wigless	0.0
wiglet	0.0
wiglets	0.0
wiglike	0.0
wigmaker	1.1
wigs	3.2
wigwag	1.1
wigwags	0.0
wigwam	2.3
wigwams	1.5
wikiup	0.0
wikiups	0.0
wilco	2.5
wild	4.8
wildcat	3.1
wildcats	3.4
wilder	3.4
wildered	0.0
wilders	2.6
wildest	3.2
wildfire	3.4
wildfowl	2.1
wilding	2.5
wildings	1.4
wildish	1.1
wildland	2.4
wildlife	4.3
wildling	2.2
wildly	3.7
wildness	2.5
wilds	2.9
wildwood	2.6
wile	2.6
wiled	0.0
wiles	2.7
wilful	2.8
wilfully	2.7
wilier	0.0
wiliest	0.0
wilily	0.0
wiliness	1.1
wiling	1.9
will	6.5
willable	0.0
willed	3.1
willer	1.7
willers	1.4
willet	2.2
willets	1.9
willful	3.1
willied	0.0
willies	2.3
willing	4.7
williwau	0.0
williwaw	0.0
willow	3.7
willowed	0.0
willower	0.0
willows	3.0
willowy	1.9
wills	3.6
willy	3.6
willyard	0.0
willyart	0.0
willying	0.0
willywaw	0.0
wilt	3.2
wilted	2.6
wilting	2.4
wilts	2.4
wily	2.8
wimble	1.4
wimbled	0.0
wimbles	0.0
wimbling	0.0
wimp	2.7
wimpier	0.0
wimpiest	0.0
wimpish	0.0
wimple	1.7
wimpled	0.0
wimples	0.0
wimpling	0.0
wimps	2.4
wimpy	2.8
win	5.4
wince	2.6
winced	2.4
wincer	0.0
wincers	0.0
winces	2.0
wincey	0.0
winceys	0.0
winch	3.0
winched	1.8
wincher	0.0
winchers	0.0
winches	2.4
winching	1.7
wincing	2.4
wind	4.8
windable	0.0
windage	2.0
windages	0.0
windbag	1.9
windbags	1.3
windburn	1.1
winded	2.9
winder	2.6
winders	1.8
windfall	2.9
windflaw	0.0
windgall	0.0
windier	1.7
windiest	1.8
windigo	1.6
windigos	0.0
windily	0.0
winding	3.7
windings	2.5
windlass	2.0
windle	1.9
windled	0.0
windles	0.0
windless	1.8
windling	0.0
windmill	3.2
window	4.8
windowed	2.3
windows	4.7
windpipe	2.4
windrow	1.5
windrows	1.3
winds	4.2
windsock	1.6
windsurf	1.7
windup	2.2
windups	0.0
windward	2.8
windway	0.0
windways	0.0
windy	3.6
wine	4.7
wined	2.0
wineless	0.0
wineries	3.0
winery	3.3
wines	3.8
wineshop	0.0
wineskin	1.4
winesop	0.0
winesops	0.0
winey	1.5
wing	4.6
wingback	2.0
wingbow	0.0
wingbows	0.0
wingding	1.1
winged	3.4
wingedly	0.0
winger	3.6
wingers	3.3
wingier	0.0
wingiest	0.0
winging	2.6
wingless	2.3
winglet	1.5
winglets	1.8
winglike	1.1
wingman	2.9
wingmen	1.9
wingover	0.0
wings	4.4
wingspan	2.8
wingtip	2.1
wingtips	2.0
wingy	1.4
winier	0.0
winiest	0.0
wining	2.5
winish	0.0
wink	3.5
winked	2.8
winker	1.7
winkers	1.0
winking	2.8
winkle	2.7
winkled	0.0
winkles	1.8
winkling	0.0
winks	2.8
winless	2.7
winnable	2.5
winned	0.0
winner	4.8
winners	4.4
winning	5.0
winnings	3.2
winnock	0.0
winnocks	0.0
winnow	1.9
winnowed	1.8
winnower	1.0
winnows	0.0
wino	2.1
winoes	0.0
winos	1.6
wins	4.7
winsome	2.4
winsomer	0.0
winter	4.9
wintered	2.1
winterer	0.0
winterly	0.0
winters	3.6
wintery	2.1
wintle	1.7
wintled	0.0
wintles	0.0
wintling	0.0
wintrier	0.0
wintrily	0.0
wintry	2.7
winy	1.3
winze	0.0
winzes	0.0
wipe	4.0
wiped	3.9
wipeout	2.7
wipeouts	1.3
wiper	2.8
wipers	2.8
wipes	3.4
wiping	3.4
wirable	0.0
wire	4.4
wired	3.8
wiredraw	0.0
wiredrew	0.0
wirehair	0.0
wireless	4.2
wirelike	0.0
wireman	1.4
wiremen	0.0
wirer	0.0
wirers	0.0
wires	3.9
wiretap	2.7
wiretaps	2.6
wireway	0.0
wireways	0.0
wirework	1.3
wireworm	0.0
wirier	0.0
wiriest	0.0
wirily	0.0
wiriness	0.0
wiring	3.5
wirings	1.0
wirra	0.0
wiry	2.5
wis	3.2
wisdom	4.3
wisdoms	2.0
wise	4.5
wiseacre	1.4
wiseass	1.3
wised	2.0
wiselier	0.0
wisely	3.6
wiseness	0.0
wisent	0.0
wisents	0.0
wiser	3.5
wises	1.4
wisest	2.9
wish	5.2
wisha	0.0
wishbone	2.5
wished	4.0
wisher	2.2
wishers	2.5
wishes	4.3
wishful	3.1
wishing	3.9
wishless	0.0
wising	1.7
wisp	2.7
wisped	0.0
wispier	0.0
wispiest	0.0
wispily	0.0
wisping	0.0
wispish	0.0
wisplike	0.0
wisps	2.4
wispy	2.4
wiss	1.8
wissed	0.0
wisses	0.0
wissing	1.1
wist	1.7
wistaria	0.0
wisted	0.0
wisteria	2.6
wistful	2.7
wisting	0.0
wists	0.0
wit	4.0
witan	1.7
witch	4.1
witched	1.6
witchery	2.2
witches	3.6
witchier	0.0
witching	2.3
witchy	2.3
wite	1.8
wited	0.0
wites	0.0
with	6.8
withal	2.2
withdraw	4.0
withdrew	3.7
withe	2.1
withed	0.0
wither	3.0
withered	2.9
witherer	0.0
withers	3.0
withes	0.0
withheld	3.4
withhold	3.3
withier	0.0
withies	0.0
withiest	0.0
within	5.4
withing	2.0
withins	0.0
without	5.7
withouts	0.0
withy	1.8
witing	0.0
witless	2.3
witling	0.0
witlings	0.0
witloof	0.0
witloofs	0.0
witness	4.5
witney	2.5
witneys	0.0
wits	3.3
witted	2.9
wittier	1.8
wittiest	1.9
wittily	2.0
witting	1.7
wittings	0.0
wittol	0.0
wittols	0.0
witty	3.6
wive	1.8
wived	0.0
wiver	0.0
wivern	0.0
wiverns	0.0
wivers	0.0
wives	4.1
wiving	0.0
wiz	3.1
wizard	3.9
wizardly	1.4
wizardry	2.7
wizards	3.6
wizen	0.0
wizened	2.1
wizening	0.0
wizens	0.0
wizes	0.0
wizzen	0.0
wizzens	0.0
woad	1.9
woaded	0.0
woads	0.0
woadwax	0.0
woald	0.0
woalds	0.0
wobble	3.0
wobbled	2.3
wobbler	1.8
wobblers	1.2
wobbles	2.5
wobblier	0.0
wobblies	1.7
wobbling	2.6
wobbly	3.0
wobegone	0.0
wodge	1.2
wodges	0.0
woe	3.3
woeful	2.7
woefully	2.9
woeness	0.0
woes	3.4
woesome	0.0
woful	0.0
wofully	0.0
wog	2.1
wogs	1.6
wok	2.8
woke	4.2
woken	3.4
woks	1.7
wold	2.7
wolds	1.9
wolf	4.3
wolfed	1.8
wolfer	1.4
wolfers	1.7
wolffish	1.1
wolfing	1.8
wolfish	1.6
wolflike	0.0
wolfram	2.7
wolframs	0.0
wolfs	2.1
wolver	0.0
wolvers	0.0
wolves	4.0
woman	5.3
womaned	0.0
womaning	0.0
womanise	0.0
womanish	1.7
womanize	1.0
womanly	2.5
womans	2.7
womb	3.6
wombat	2.6
wombats	2.3
wombed	0.0
wombier	0.0
wombiest	0.0
wombs	2.3
womby	0.0
women	5.6
womera	0.0
womeras	0.0
wommera	0.0
wommeras	0.0
won	5.2
wonder	4.9
wondered	4.2
wonderer	0.0
wonders	4.0
wondrous	3.1
wonk	2.3
wonkier	0.0
wonkiest	0.0
wonks	2.0
wonky	2.8
wonned	0.0
wonner	0.0
wonners	0.0
wonning	0.0
wons	1.4
wont	4.1
wonted	1.6
wontedly	0.0
wonting	0.0
wonton	2.2
wontons	1.8
wonts	0.0
woo	3.9
wood	4.8
woodbin	0.0
woodbind	0.0
woodbine	2.6
woodbins	0.0
woodbox	0.0
woodchat	0.0
woodcock	2.8
woodcut	2.5
woodcuts	2.4
wooded	3.4
wooden	4.3
woodener	0.0
woodenly	1.1
woodhen	0.0
woodhens	0.0
woodie	2.1
woodier	0.0
woodies	1.7
woodiest	0.0
wooding	1.8
woodland	3.6
woodlark	1.4
woodless	0.0
woodlore	0.0
woodlot	1.5
woodlots	1.4
woodman	2.8
woodmen	1.8
woodnote	0.0
woodpile	1.9
woodruff	2.9
woods	4.5
woodshed	2.2
woodsia	0.0
woodsias	0.0
woodsier	0.0
woodsman	2.2
woodsmen	1.8
woodsy	2.1
woodwax	0.0
woodwind	2.5
woodwork	3.2
woodworm	1.6
woody	3.8
wooed	2.5
wooer	1.2
wooers	0.0
woof	3.1
woofed	0.0
woofer	2.2
woofers	1.9
woofing	1.4
woofs	1.5
wooing	2.8
wooingly	0.0
wool	3.9
wooled	0.0
woolen	2.7
woolens	1.7
wooler	1.7
woolers	0.0
woolfell	0.0
woolhat	0.0
woolhats	0.0
woolie	1.4
woolier	0.0
woolies	2.2
wooliest	0.0
woolled	0.0
woollen	2.7
woollens	1.5
woollier	0.0
woollies	1.4
woollike	0.0
woollily	0.0
woolly	3.0
woolman	1.7
woolmen	0.0
woolpack	1.4
wools	2.0
woolsack	1.4
woolshed	1.5
woolskin	0.0
woolwork	0.0
wooly	2.5
woomera	1.8
woomeras	0.0
woops	2.4
woopsed	0.0
woopses	0.0
woopsing	0.0
woorali	0.0
wooralis	0.0
woorari	0.0
wooraris	0.0
woos	2.2
woosh	1.9
wooshed	0.0
wooshes	0.0
wooshing	0.0
woozier	0.0
wooziest	0.0
woozily	0.0
woozy	2.4
wop	2.9
wops	1.7
word	5.3
wordage	1.3
wordages	0.0
wordbook	0.0
worded	3.2
wordier	0.0
wordiest	0.0
wordily	0.0
wording	3.5
wordings	1.9
wordless	2.6
wordplay	2.8
words	5.2
wordy	2.6
wore	4.3
work	6.0
workable	3.1
workaday	2.0
workbag	0.0
workbags	0.0
workboat	1.2
workbook	2.9
workbox	1.1
workday	2.9
workdays	2.3
worked	5.2
worker	4.4
workers	5.0
workfare	2.0
workfolk	0.0
working	5.5
workings	3.4
workless	1.6
workload	3.5
workman	3.0
workmate	1.9
workmen	2.9
workout	4.0
workouts	3.5
workroom	2.3
works	5.3
workshop	4.2
workup	2.3
workups	1.5
workweek	2.6
world	5.9
worldly	3.3
worlds	4.2
worm	3.8
wormed	2.1
wormer	1.8
wormers	0.0
wormhole	2.9
wormier	0.0
wormiest	0.0
wormil	0.0
wormils	0.0
worming	2.0
wormish	0.0
wormlike	1.4
wormroot	0.0
worms	3.8
wormseed	0.0
wormwood	2.6
wormy	2.0
worn	4.3
wornness	0.0
worried	4.6
worrier	2.2
worriers	1.5
worries	4.2
worrit	0.0
worrited	0.0
worrits	0.0
worry	4.8
worrying	4.1
worse	4.9
worsen	3.1
worsened	3.1
worsens	2.7
worser	2.0
worses	0.0
worset	0.0
worsets	0.0
worship	4.3
worships	2.9
worst	4.9
worsted	2.4
worsteds	0.0
worsting	0.0
worsts	1.2
wort	2.9
worth	5.2
worthed	0.0
worthful	0.0
worthier	1.9
worthies	2.1
worthily	1.8
worthing	2.8
worths	1.9
worthy	4.3
worts	1.6
wos	2.1
wost	1.3
wot	3.0
wots	1.6
wotted	0.0
wotting	0.0
would	6.3
wouldest	1.4
wouldst	2.2
wound	4.2
wounded	4.3
wounding	3.1
wounds	4.1
wove	2.6
woven	3.6
wovens	1.2
wow	5.0
wowed	2.6
wowing	2.1
wows	2.5
wowser	1.5
wowsers	1.7
wrack	2.2
wracked	2.5
wrackful	0.0
wracking	2.8
wracks	1.2
wraith	3.0
wraiths	2.3
wrang	1.2
wrangle	2.6
wrangled	2.0
wrangler	2.9
wrangles	1.8
wrangs	0.0
wrap	4.2
wrapped	4.2
wrapper	3.2
wrappers	2.9
wrapping	3.6
wraps	3.6
wrapt	1.1
wrasse	2.1
wrasses	1.5
wrassle	1.1
wrassled	0.0
wrassles	0.0
wrastle	0.0
wrastled	0.0
wrastles	0.0
wrath	3.7
wrathed	0.0
wrathful	2.2
wrathier	0.0
wrathily	0.0
wrathing	0.0
wraths	0.0
wrathy	0.0
wreak	2.9
wreaked	2.4
wreaker	0.0
wreakers	0.0
wreaking	2.6
wreaks	2.3
wreath	3.4
wreathe	1.3
wreathed	2.1
wreathen	0.0
wreathes	1.4
wreaths	2.9
wreathy	0.0
wreck	4.0
wreckage	3.3
wrecked	3.6
wrecker	2.6
wreckers	2.4
wreckful	0.0
wrecking	3.4
wrecks	3.1
wren	3.1
wrench	3.4
wrenched	2.4
wrenches	2.6
wrens	2.2
wrest	2.6
wrested	2.4
wrester	0.0
wresters	0.0
wresting	2.2
wrestle	3.5
wrestled	3.1
wrestler	3.5
wrestles	2.5
wrests	1.4
wretch	2.8
wretched	3.4
wretches	2.3
wrick	0.0
wricked	0.0
wricking	0.0
wricks	0.0
wried	0.0
wrier	0.0
wries	0.0
wriest	0.0
wriggle	2.6
wriggled	2.1
wriggler	1.1
wriggles	2.0
wriggly	1.6
wright	4.2
wrights	2.3
wring	2.8
wringed	0.0
wringer	2.3
wringers	1.1
wringing	2.7
wrings	1.8
wrinkle	3.1
wrinkled	3.0
wrinkles	3.3
wrinkly	2.5
wrist	4.0
wristier	0.0
wristlet	1.9
wrists	3.4
wristy	1.1
writ	3.3
writable	1.8
write	5.0
writer	4.7
writerly	1.8
writers	4.5
writes	4.4
writhe	2.2
writhed	2.1
writhen	0.0
writher	0.0
writhers	0.0
writhes	1.9
writhing	2.8
writing	5.1
writings	4.0
writs	2.5
written	5.1
wrong	5.4
wronged	3.1
wronger	1.6
wrongers	0.0
wrongest	1.3
wrongful	3.3
wronging	1.6
wrongly	3.5
wrongs	3.3
wrote	5.0
wroth	2.1
wrothful	0.0
wrought	3.4
wrung	2.4
wry	2.9
wryer	0.0
wryest	0.0
wrying	0.0
wryly	2.4
wryneck	1.4
wrynecks	0.0
wryness	0.0
wud	2.0
wurst	2.2
wursts	0.0
wurzel	1.4
wurzels	1.3
wuss	2.5
wusses	1.6
wussier	0.0
wussies	1.4
wussiest	0.0
wussy	1.9
wuther	0.0
wuthered	0.0
wuthers	0.0
wych	1.6
wyches	0.0
wye	2.8
wyes	1.1
wyle	1.8
wyled	0.0
wyles	1.5
wyling	0.0
wyn	2.5
wynd	1.9
wynds	0.0
wynn	3.1
wynns	1.4
wyns	0.0
wyte	1.5
wyted	0.0
wytes	0.0
wyting	0.0
wyvern	2.3
wyverns	1.9
xanthan	1.9
xanthans	0.0
xanthate	1.1
xanthein	0.0
xanthene	0.0
xanthic	0.0
xanthin	0.0
xanthine	1.8
xanthins	0.0
xanthoma	0.0
xanthone	0.0
xanthous	0.0
xebec	1.2
xebecs	0.0
xenia	2.5
xenial	0.0
xenias	0.0
xenic	0.0
xenogamy	0.0
xenogeny	0.0
xenolith	0.0
xenon	2.9
xenons	0.0
xerarch	0.0
xeric	1.6
xerosere	0.0
xeroses	0.0
xerosis	1.1
xerotic	0.0
xerox	3.0
xeroxed	1.5
xeroxes	1.2
xeroxing	1.1
xerus	0.0
xeruses	0.0
xiphoid	1.4
xiphoids	0.0
xis	1.9
xylan	1.4
xylans	0.0
xylem	2.2
xylems	0.0
xylene	2.0
xylenes	1.1
xylidin	0.0
xylidine	0.0
xylidins	0.0
xylitol	2.0
xylitols	0.0
xylocarp	0.0
xyloid	0.0
xylol	0.0
xylols	0.0
xylose	2.0
xyloses	0.0
xylotomy	0.0
xylyl	0.0
xylyls	0.0
xyst	0.0
xyster	0.0
xysters	0.0
xysti	0.0
xystoi	0.0
xystos	0.0
xysts	0.0
xystus	0.0
yabber	0.0
yabbered	0.0
yabbers	0.0
yacht	3.8
yachted	0.0
yachter	0.0
yachters	0.0
yachting	2.7
yachtman	0.0
yachtmen	0.0
yachts	3.2
yack	1.8
yacked	0.0
yacking	1.2
yacks	0.0
yaff	0.0
yaffed	0.0
yaffing	0.0
yaffs	0.0
yager	2.0
yagers	0.0
yagi	2.1
yagis	0.0
yah	3.5
yahoo	3.9
yahooism	0.0
yahoos	2.1
yahrzeit	0.0
yaird	0.0
yairds	0.0
yak	3.1
yakitori	1.8
yakked	1.0
yakker	0.0
yakkers	0.0
yakking	1.6
yaks	2.2
yald	0.0
yam	3.0
yamalka	0.0
yamalkas	0.0
yamen	1.8
yamens	0.0
yammer	2.0
yammered	0.0
yammerer	0.0
yammers	0.0
yams	2.8
yamulka	0.0
yamulkas	0.0
yamun	0.0
yamuns	0.0
yang	3.9
yangs	1.8
yank	3.0
yanked	3.0
yanking	2.6
yanks	3.0
yanqui	1.3
yanquis	0.0
yantra	2.0
yantras	1.1
yap	2.9
yapock	0.0
yapocks	0.0
yapok	0.0
yapoks	0.0
yapon	0.0
yapons	0.0
yapped	1.2
yapper	1.4
yappers	0.0
yapping	2.3
yaps	1.8
yar	2.8
yard	4.6
yardage	2.8
yardages	1.2
yardarm	1.6
yardarms	0.0
yardbird	1.5
yarded	0.0
yarding	0.0
yardland	0.0
yardman	1.3
yardmen	0.0
yards	4.5
yardwand	0.0
yardwork	1.6
yare	2.1
yarely	0.0
yarer	0.0
yarest	0.0
yarmelke	0.0
yarmulke	1.9
yarn	3.6
yarned	0.0
yarner	0.0
yarners	0.0
yarning	1.2
yarns	2.9
yarrow	2.5
yarrows	0.0
yashmac	0.0
yashmacs	0.0
yashmak	0.0
yashmaks	0.0
yasmak	0.0
yasmaks	0.0
yatagan	0.0
yatagans	0.0
yataghan	0.0
yatter	0.0
yattered	0.0
yatters	0.0
yaud	0.0
yauds	0.0
yauld	0.0
yaup	0.0
yauped	0.0
yauper	0.0
yaupers	0.0
yauping	0.0
yaupon	1.2
yaupons	0.0
yaups	0.0
yautia	0.0
yautias	0.0
yaw	2.9
yawed	1.0
yawing	1.7
yawl	2.0
yawled	0.0
yawling	0.0
yawls	1.1
yawmeter	0.0
yawn	3.1
yawned	2.4
yawner	1.1
yawners	0.0
yawning	3.0
yawns	2.7
yawp	1.6
yawped	0.0
yawper	0.0
yawpers	0.0
yawping	0.0
yawpings	0.0
yawps	0.0
yaws	1.6
yay	3.9
yays	1.3
ycleped	0.0
yclept	0.0
yea	4.3
yeah	5.4
yealing	0.0
yealings	0.0
yean	1.8
yeaned	0.0
yeaning	0.0
yeanling	0.0
yeans	0.0
year	6.0
yearbook	3.4
yearend	1.5
yearends	0.0
yearlies	0.0
yearling	2.7
yearlong	2.4
yearly	3.9
yearn	3.0
yearned	2.6
yearner	0.0
yearners	0.0
yearning	3.2
yearns	2.6
years	6.0
yeas	2.3
yeasayer	1.1
yeast	3.7
yeasted	1.2
yeastier	0.0
yeastily	0.0
yeasting	0.0
yeasts	2.5
yeasty	1.9
yecch	0.0
yecchs	0.0
yech	1.2
yechs	0.0
yechy	0.0
yeelin	0.0
yeelins	0.0
yegg	0.0
yeggman	0.0
yeggmen	0.0
yeggs	0.0
yeh	3.3
yeld	1.1
yelk	0.0
yelks	0.0
yell	3.9
yelled	3.8
yeller	2.1
yellers	0.0
yelling	4.0
yellow	4.7
yellowed	2.2
yellower	1.5
yellowly	0.0
yellows	2.9
yellowy	1.6
yells	3.5
yelp	3.2
yelped	2.0
yelper	1.2
yelpers	1.2
yelping	2.1
yelps	2.1
yen	3.7
yenned	0.0
yenning	0.0
yens	1.6
yenta	1.2
yentas	0.0
yente	1.1
yentes	0.0
yeoman	2.7
yeomanly	0.0
yeomanry	2.3
yeomen	2.2
yep	4.4
yerba	2.3
yerbas	0.0
yerk	0.0
yerked	0.0
yerking	0.0
yerks	0.0
yes	5.5
yeses	2.0
yeshiva	2.7
yeshivah	1.7
yeshivas	1.6
yeshivot	1.1
yessed	0.0
yesses	1.2
yessing	0.0
yester	2.1
yestern	0.0
yestreen	0.0
yet	5.5
yeti	3.0
yetis	1.9
yett	1.5
yetts	0.0
yeuk	1.4
yeuked	0.0
yeuking	0.0
yeuks	0.0
yeuky	0.0
yew	3.0
yews	1.8
yid	2.1
yids	1.6
yield	4.2
yielded	3.5
yielder	0.0
yielders	1.1
yielding	3.4
yields	3.9
yikes	3.4
yill	0.0
yills	0.0
yin	3.4
yince	0.0
yins	1.1
yip	2.8
yipe	0.0
yipes	1.6
yipped	0.0
yippee	2.4
yippie	1.9
yippies	1.2
yipping	1.5
yips	2.1
yird	0.0
yirds	0.0
yirr	0.0
yirred	0.0
yirring	0.0
yirrs	0.0
yirth	0.0
yirths	0.0
ylem	0.0
ylems	0.0
yob	2.0
yobbo	1.1
yobboes	0.0
yobbos	1.0
yobs	1.7
yock	1.1
yocked	0.0
yocking	0.0
yocks	0.0
yod	2.1
yodel	2.3
yodeled	1.1
yodeler	1.3
yodelers	1.0
yodeling	2.1
yodelled	0.0
yodeller	0.0
yodels	1.5
yodh	0.0
yodhs	0.0
yodle	0.0
yodled	0.0
yodler	0.0
yodlers	0.0
yodles	0.0
yodling	0.0
yods	0.0
yoga	4.2
yogas	1.9
yogee	0.0
yogees	0.0
yogh	0.0
yoghourt	0.0
yoghs	0.0
yoghurt	3.0
yoghurts	1.7
yogi	3.2
yogic	2.3
yogin	1.3
yogini	1.7
yoginis	1.1
yogins	0.0
yogis	2.3
yogurt	3.6
yogurts	2.1
yoicks	0.0
yok	2.0
yoke	3.1
yoked	2.3
yokel	1.9
yokeless	0.0
yokelish	0.0
yokels	1.9
yokemate	0.0
yokes	2.1
yoking	1.4
yokozuna	1.8
yoks	0.0
yolk	3.0
yolked	1.2
yolkier	0.0
yolkiest	0.0
yolks	2.8
yolky	1.1
yom	2.9
yomim	0.0
yon	2.9
yond	1.5
yonder	3.0
yoni	2.3
yonic	0.0
yonis	1.1
yonker	0.0
yonkers	2.9
yore	2.6
yores	0.0
you	7.0
young	5.4
younger	4.7
youngers	1.8
youngest	4.0
youngish	2.0
youngs	2.6
younker	1.4
younkers	1.3
youpon	0.0
youpons	0.0
your	6.5
yourn	1.2
yours	4.8
yourself	5.3
youse	2.3
youth	4.8
youthen	0.0
youthens	0.0
youthful	3.6
youths	3.6
yow	2.7
yowe	0.0
yowed	0.0
yowes	0.0
yowie	1.5
yowies	0.0
yowing	0.0
yowl	1.6
yowled	1.1
yowler	0.0
yowlers	0.0
yowling	1.7
yowls	1.3
yows	0.0
yperite	0.0
yperites	0.0
ytterbia	0.0
ytterbic	0.0
yttria	1.1
yttrias	0.0
yttric	0.0
yttrium	2.1
yttriums	0.0
yuan	3.7
yuans	1.2
yuca	1.8
yucas	0.0
yucca	2.6
yuccas	1.5
yucch	0.0
yuch	0.0
yuck	3.1
yucked	0.0
yuckier	0.0
yuckiest	0.0
yucking	0.0
yucks	1.2
yucky	2.5
yuga	2.1
yugas	1.4
yuk	2.7
yukked	0.0
yukking	1.0
yuks	1.5
yulan	1.2
yulans	0.0
yule	2.7
yules	0.0
yuletide	2.4
yum	3.5
yummier	1.4
yummies	1.5
yummiest	1.6
yummy	3.5
yup	4.1
yupon	0.0
yupons	0.0
yuppie	2.4
yuppies	2.3
yups	0.0
yurt	2.4
yurta	0.0
yurts	2.0
ywis	0.0
zabaione	0.0
zabajone	0.0
zacaton	0.0
zacatons	0.0
zaddick	0.0
zaddik	0.0
zaddikim	0.0
zaffar	1.2
zaffars	0.0
zaffer	0.0
zaffers	0.0
zaffir	0.0
zaffirs	0.0
zaffre	0.0
zaffres	0.0
zaftig	1.3
zag	2.8
zagged	1.7
zagging	1.9
zags	2.2
zaibatsu	2.1
zaikai	0.0
zaikais	0.0
zaire	2.9
zaires	0.0
zamarra	0.0
zamarras	0.0
zamarro	0.0
zamarros	0.0
zamia	1.2
zamias	0.0
zamindar	1.8
zanana	0.0
zananas	0.0
zander	2.6
zanders	1.4
zanier	1.3
zanies	1.3
zaniest	0.0
zanily	0.0
zaniness	1.5
zany	2.7
zanyish	0.0
zanza	1.2
zanzas	0.0
zap	3.0
zapateo	0.0
zapateos	0.0
zapped	2.5
zapper	2.2
zappers	1.4
zappier	0.0
zappiest	0.0
zapping	2.2
zappy	1.5
zaps	2.2
zaptiah	0.0
zaptiahs	0.0
zaptieh	0.0
zaptiehs	0.0
zaratite	0.0
zareba	0.0
zarebas	0.0
zareeba	0.0
zareebas	0.0
zarf	0.0
zarfs	0.0
zariba	0.0
zaribas	0.0
zarzuela	1.7
zastruga	0.0
zastrugi	0.0
zax	1.5
zaxes	0.0
zayin	0.0
zayins	0.0
zazen	2.0
zazens	0.0
zeal	3.3
zealot	2.5
zealotry	2.0
zealots	2.7
zealous	3.0
zeals	0.0
zeatin	0.0
zeatins	0.0
zebec	0.0
zebeck	0.0
zebecks	0.0
zebecs	0.0
zebra	3.4
zebraic	0.0
zebras	2.8
zebrass	0.0
zebrine	0.0
zebroid	0.0
zebu	1.8
zebus	0.0
zecchin	0.0
zecchini	0.0
zecchino	0.0
zecchins	0.0
zechin	0.0
zechins	0.0
zed	3.0
zedoary	0.0
zeds	1.9
zee	3.2
zees	1.2
zein	2.0
zeins	0.0
zek	1.7
zeks	0.0
zelkova	1.3
zelkovas	0.0
zemindar	0.0
zemstva	0.0
zemstvo	1.5
zemstvos	0.0
zenaida	1.6
zenaidas	0.0
zenana	1.6
zenanas	0.0
zenith	3.1
zenithal	1.2
zeniths	1.2
zeolite	2.2
zeolites	1.9
zeolitic	1.2
zephyr	2.9
zephyrs	1.9
zeppelin	3.3
zerk	1.7
zerks	0.0
zero	4.6
zeroed	2.5
zeroes	2.7
zeroing	2.3
zeros	3.1
zeroth	1.9
zest	3.2
zested	0.0
zester	1.2
zesters	0.0
zestful	1.5
zestier	0.0
zestiest	0.0
zesting	0.0
zestless	0.0
zests	0.0
zesty	2.4
zeta	3.1
zetas	2.5
zeugma	1.3
zeugmas	0.0
zibeline	0.0
zibet	0.0
zibeth	0.0
zibeths	0.0
zibets	0.0
zig	3.0
zigged	1.3
zigging	1.3
ziggurat	2.0
zigs	1.5
zigzag	2.8
zigzags	2.1
zikkurat	0.0
zikurat	0.0
zikurats	0.0
zilch	2.5
zilches	0.0
zill	1.6
zillah	1.8
zillahs	0.0
zillion	2.6
zillions	2.0
zills	0.0
zin	2.4
zinc	3.6
zincate	0.0
zincates	0.0
zinced	0.0
zincic	0.0
zincify	0.0
zincing	0.0
zincite	0.0
zincites	0.0
zincked	0.0
zincking	0.0
zincky	0.0
zincoid	0.0
zincous	0.0
zincs	0.0
zincy	0.0
zineb	1.3
zinebs	0.0
zing	2.8
zingani	0.0
zingano	1.4
zingara	1.2
zingare	0.0
zingari	0.0
zingaro	1.2
zinged	1.5
zinger	2.4
zingers	2.1
zingier	0.0
zingiest	0.0
zinging	1.6
zings	1.7
zingy	1.8
zinkify	0.0
zinky	0.0
zinnia	2.0
zinnias	1.8
zins	1.4
zip	3.9
zipless	0.0
zipped	2.8
zipper	3.3
zippered	2.1
zippers	2.6
zippier	0.0
zippiest	0.0
zipping	2.6
zippy	2.5
zips	2.8
ziram	0.0
zirams	0.0
zircon	2.6
zirconia	2.5
zirconic	0.0
zircons	1.9
zit	2.4
zither	2.0
zithern	0.0
zitherns	0.0
zithers	1.0
ziti	2.0
zitis	0.0
zits	2.3
zizit	0.0
zizith	0.0
zizzle	0.0
zizzled	0.0
zizzles	0.0
zizzling	0.0
zlote	0.0
zloties	0.0
zloty	2.0
zlotych	0.0
zlotys	1.9
zoa	1.6
zoaria	0.0
zoarial	0.0
zoarium	0.0
zodiac	3.4
zodiacal	2.0
zodiacs	2.0
zoea	0.0
zoeae	0.0
zoeal	0.0
zoeas	0.0
zoecia	0.0
zoecium	0.0
zoftig	0.0
zoic	1.1
zoisite	1.4
zoisites	0.0
zombi	1.7
zombie	3.9
zombies	3.8
zombify	0.0
zombiism	0.0
zombis	0.0
zonal	2.7
zonally	1.2
zonary	0.0
zonate	0.0
zonated	0.0
zonation	1.7
zone	4.7
zoned	3.2
zoneless	0.0
zoner	1.4
zoners	1.3
zones	4.1
zonetime	0.0
zoning	3.5
zonk	1.6
zonked	1.8
zonking	0.0
zonks	0.0
zonula	0.0
zonulae	0.0
zonular	0.0
zonulas	0.0
zonule	0.0
zonules	0.0
zoo	4.1
zoochore	0.0
zooecia	0.0
zooecium	0.0
zoogenic	0.0
zooglea	0.0
zoogleae	0.0
zoogleal	0.0
zoogleas	0.0
zoogloea	0.0
zooid	1.3
zooidal	0.0
zooids	1.5
zooks	1.2
zoolater	0.0
zoolatry	0.0
zoologic	0.0
zoology	3.2
zoom	3.8
zoomania	0.0
zoomed	2.9
zoometry	0.0
zooming	2.9
zoomorph	0.0
zooms	2.7
zoon	1.8
zoonal	0.0
zoonoses	1.8
zoonosis	1.4
zoonotic	2.2
zoons	0.0
zoophile	1.4
zoophily	0.0
zoophobe	0.0
zoophyte	0.0
zoos	3.1
zoosperm	0.0
zoospore	1.0
zootier	0.0
zootiest	0.0
zootomic	0.0
zootomy	0.0
zooty	0.0
zori	1.3
zoril	0.0
zorilla	1.1
zorillas	0.0
zorille	0.0
zorilles	0.0
zorillo	0.0
zorillos	0.0
zorils	0.0
zoris	0.0
zoster	2.2
zosters	0.0
zouave	1.4
zouaves	1.7
zounds	1.6
zowie	2.0
zoysia	1.4
zoysias	0.0
zucchini	3.0
zwieback	1.0
zydeco	2.0
zydecos	0.0
zygoid	0.0
zygoma	1.2
zygomas	0.0
zygomata	0.0
zygose	0.0
zygoses	0.0
zygosis	0.0
zygosity	0.0
zygote	2.4
zygotene	0.0
zygotes	1.8
zygotic	1.6
zymase	0.0
zymases	0.0
zyme	1.0
zymes	0.0
zymogen	1.3
zymogene	0.0
zymogens	0.0
zymogram	0.0
zymology	0.0
zymosan	1.2
zymosans	0.0
zymoses	0.0
zymosis	0.0
zymotic	0.0
zymurgy	0.0
zyzzyva	0.0
zyzzyvas	0.0